JvmtiExport can_access_local_variables 0
JvmtiExport can_hotswap_or_post_breakpoint 0
JvmtiExport can_post_on_exceptions 0
# 547 ciObject found
instanceKlass java/io/ObjectOutputStream
ciInstanceKlass java/lang/Cloneable 1 0 7 100 1 100 1 1 1
instanceKlass com/badlogic/gdx/backends/lwjgl3/Lwjgl3Window$6$1
instanceKlass com/badlogic/gdx/utils/FloatArray
instanceKlass com/badlogic/gdx/graphics/g2d/GlyphLayout$GlyphRun
instanceKlass com/badlogic/gdx/utils/reflect/Constructor
instanceKlass com/badlogic/gdx/utils/reflect/ClassReflection
instanceKlass com/badlogic/gdx/graphics/g2d/GlyphLayout
instanceKlass com/badlogic/gdx/utils/Pool$Poolable
instanceKlass com/badlogic/gdx/utils/Pool
instanceKlass com/badlogic/gdx/utils/Pools
instanceKlass java/lang/StringUTF16$CharsSpliterator
instanceKlass java/util/stream/Sink$ChainedInt
instanceKlass java/util/OptionalInt
instanceKlass java/util/stream/Sink$OfInt
instanceKlass java/util/function/IntConsumer
instanceKlass java/util/function/IntPredicate
instanceKlass java/lang/StringLatin1$CharsSpliterator
instanceKlass sun/util/resources/Bundles$2
instanceKlass sun/util/resources/LocaleData$LocaleDataResourceBundleProvider
instanceKlass java/util/spi/ResourceBundleProvider
instanceKlass java/text/DecimalFormatSymbols
instanceKlass kotlin/jvm/internal/StringCompanionObject
instanceKlass com/badlogic/gdx/graphics/g2d/BitmapFontCache
instanceKlass com/badlogic/gdx/graphics/g2d/TextureRegion
instanceKlass java/util/regex/Pattern$1
instanceKlass com/badlogic/gdx/graphics/g2d/BitmapFont$Glyph
instanceKlass com/badlogic/gdx/graphics/g2d/BitmapFont$BitmapFontData
instanceKlass com/badlogic/gdx/graphics/g2d/BitmapFont
instanceKlass com/badlogic/gdx/utils/ScreenUtils
instanceKlass com/badlogic/gdx/graphics/glutils/HdpiUtils
instanceKlass ktx/app/KtxScreen$DefaultImpls
instanceKlass com/github/linguExplorer/screen/MinigameKleidungScreen$DraggableObject
instanceKlass com/github/linguExplorer/models/PhraseAssetEntity
instanceKlass com/github/linguExplorer/repositories/PhraseAssetRepository
instanceKlass org/jetbrains/exposed/sql/QueriesKt
instanceKlass com/github/linguExplorer/database/LoadDatabaseListsKt
instanceKlass com/github/linguExplorer/repositories/PhraseRepository$getLimitedPhrasesByTopicNameForUser$1$invoke$$inlined$sortedBy$1
instanceKlass kotlin/jvm/internal/CollectionToArray
instanceKlass com/github/linguExplorer/repositories/PhraseRepository$getLimitedPhrasesByTopicNameForUser$1$invoke$lambda$5$$inlined$thenBy$1
instanceKlass com/github/linguExplorer/repositories/PhraseRepository$getLimitedPhrasesByTopicNameForUser$1$invoke$lambda$5$$inlined$compareBy$1
instanceKlass com/github/linguExplorer/models/PhraseProgressHistoryEntity
instanceKlass kotlin/ranges/RangesKt__RangesKt
instanceKlass com/github/linguExplorer/models/PhraseProgressEntity
instanceKlass com/github/linguExplorer/repositories/PhraseProgressRepositoryKt
instanceKlass kotlin/comparisons/ComparisonsKt__ComparisonsKt
instanceKlass org/jetbrains/exposed/sql/ColumnTypeKt
instanceKlass org/jetbrains/exposed/sql/BooleanColumnType$Companion
instanceKlass com/github/linguExplorer/models/PhraseEntity
instanceKlass com/mysql/cj/protocol/a/NumberValueEncoder$1
instanceKlass com/github/linguExplorer/repositories/PhraseProgressHistoryRepository
instanceKlass com/github/linguExplorer/repositories/PhraseProgressRepository
instanceKlass kotlin/internal/jdk8/JDK8PlatformImplementations$ReflectSdkVersion
instanceKlass kotlin/internal/PlatformImplementations
instanceKlass kotlin/internal/PlatformImplementationsKt
instanceKlass kotlin/random/Random
instanceKlass com/github/linguExplorer/LinguExplorerKt
instanceKlass com/github/linguExplorer/repositories/PhraseRepository$Companion
instanceKlass com/github/linguExplorer/repositories/PhraseRepository
instanceKlass sun/security/ssl/Alert$AlertConsumer
instanceKlass org/jetbrains/exposed/sql/ResultRow$NotInitializedValue
instanceKlass com/mysql/cj/jdbc/result/ResultSetImpl$1
instanceKlass org/jetbrains/exposed/sql/ResultRow$Companion
instanceKlass org/jetbrains/exposed/sql/ResultRow
instanceKlass ch/qos/logback/core/CoreConstants
instanceKlass java/time/format/DateTimeFormatterBuilder$2
instanceKlass java/time/LocalTime$1
instanceKlass java/time/ZonedDateTime$1
instanceKlass java/time/zone/ZoneOffsetTransitionRule$1
instanceKlass java/time/LocalDate$1
instanceKlass java/time/temporal/TemporalAdjusters
instanceKlass java/time/temporal/TemporalQueries$7
instanceKlass java/time/temporal/TemporalQueries$6
instanceKlass java/time/temporal/TemporalQueries$5
instanceKlass java/time/temporal/TemporalQueries$4
instanceKlass java/time/temporal/TemporalQueries$3
instanceKlass java/time/temporal/TemporalQueries$2
instanceKlass java/time/temporal/TemporalQueries$1
instanceKlass java/time/temporal/TemporalQueries
instanceKlass java/time/format/DateTimePrintContext
instanceKlass org/slf4j/MDC
instanceKlass ch/qos/logback/classic/spi/EventArgUtil
instanceKlass java/time/Clock
instanceKlass java/time/InstantSource
instanceKlass ch/qos/logback/classic/spi/IThrowableProxy
instanceKlass ch/qos/logback/classic/spi/LoggingEvent
instanceKlass org/jetbrains/exposed/sql/statements/StatementKt
instanceKlass com/mysql/cj/protocol/a/StringValueEncoder$1
instanceKlass org/jetbrains/exposed/sql/IColumnType$DefaultImpls
instanceKlass org/jetbrains/exposed/sql/statements/api/PreparedStatementApi$DefaultImpls
instanceKlass com/mysql/cj/NativeQueryBindValue
instanceKlass com/mysql/cj/BindValue
instanceKlass com/mysql/cj/NativeQueryBindings
instanceKlass com/mysql/cj/PreparedQuery
instanceKlass com/mysql/cj/QueryBindings
instanceKlass com/mysql/cj/jdbc/ParameterBindings
instanceKlass java/sql/ParameterMetaData
instanceKlass com/mysql/cj/jdbc/EscapeProcessor
instanceKlass org/jetbrains/exposed/sql/statements/jdbc/JdbcPreparedStatementImpl
instanceKlass org/jetbrains/exposed/sql/statements/api/PreparedStatementApi
instanceKlass org/jetbrains/exposed/sql/statements/StatementContext
instanceKlass org/jetbrains/exposed/sql/OpKt
instanceKlass kotlin/collections/EmptyIterator
instanceKlass kotlin/collections/EmptyList
instanceKlass kotlin/collections/SetsKt__SetsJVMKt
instanceKlass org/jetbrains/exposed/sql/vendors/KeywordsKt
instanceKlass org/jetbrains/exposed/sql/vendors/DatabaseDialectKt
instanceKlass sun/util/locale/provider/CalendarDataUtility$CalendarWeekParameterGetter
instanceKlass java/util/Locale$Builder
instanceKlass sun/util/locale/provider/CalendarDataUtility
instanceKlass java/util/Calendar$Builder
instanceKlass sun/util/locale/provider/AvailableLanguageTags
instanceKlass com/mysql/cj/result/DefaultValueFactory
instanceKlass com/mysql/cj/QueryInfo
instanceKlass com/mysql/cj/NativeQueryAttributesBindings
instanceKlass com/mysql/cj/CancelQueryTask
instanceKlass java/util/TimerTask
instanceKlass com/mysql/cj/QueryAttributesBindings
instanceKlass com/mysql/cj/AbstractQuery
instanceKlass kotlin/text/CharsKt__CharJVMKt
instanceKlass org/jetbrains/exposed/sql/statements/api/IdentifierManagerApi
instanceKlass org/jetbrains/exposed/sql/statements/jdbc/JdbcDatabaseMetadataImpl$Companion
instanceKlass org/jetbrains/exposed/sql/statements/api/ExposedDatabaseMetadata
instanceKlass org/jetbrains/exposed/sql/statements/jdbc/JdbcConnectionImpl
instanceKlass org/jetbrains/exposed/sql/statements/api/ExposedConnection
instanceKlass com/mysql/cj/protocol/NetworkResources
instanceKlass java/sql/ResultSetMetaData
instanceKlass com/mysql/cj/LicenseConfiguration
instanceKlass com/mysql/cj/protocol/InternalDate
instanceKlass com/mysql/cj/result/StringValueFactory
instanceKlass com/mysql/cj/protocol/a/result/AbstractResultsetRows
instanceKlass com/mysql/cj/protocol/result/AbstractResultsetRow
instanceKlass com/mysql/cj/result/DefaultColumnDefinition$1
instanceKlass com/mysql/cj/protocol/a/MysqlTextValueDecoder
instanceKlass com/mysql/cj/protocol/ValueDecoder
instanceKlass com/mysql/cj/protocol/a/AbstractRowFactory
instanceKlass com/mysql/cj/result/DefaultColumnDefinition
instanceKlass com/mysql/cj/result/Field$1
instanceKlass com/mysql/cj/protocol/a/ColumnDefinitionReader$1
instanceKlass java/sql/SQLType
instanceKlass com/mysql/cj/util/LazyString
instanceKlass com/mysql/cj/result/Field
instanceKlass com/mysql/cj/protocol/a/ColumnDefinitionFactory
instanceKlass com/mysql/cj/protocol/a/ResultsetFactory
instanceKlass com/mysql/cj/protocol/a/NativeMessageBuilder
instanceKlass com/mysql/cj/protocol/a/MultiPacketReader
instanceKlass com/mysql/cj/protocol/a/TimeTrackingPacketReader
instanceKlass com/mysql/cj/protocol/a/TimeTrackingPacketSender
instanceKlass com/mysql/cj/protocol/a/NativeServerSessionStateController$NativeServerSessionStateChanges
instanceKlass com/mysql/cj/protocol/a/result/OkPacket
instanceKlass com/mysql/cj/protocol/Security
instanceKlass com/mysql/cj/protocol/a/authentication/AuthenticationFidoClient
instanceKlass com/mysql/cj/protocol/a/authentication/AuthenticationOciClient
instanceKlass com/mysql/cj/protocol/a/authentication/AuthenticationKerberosClient
instanceKlass sun/invoke/util/VerifyAccess$1
instanceKlass javax/security/auth/callback/Callback
instanceKlass javax/security/auth/login/Configuration
instanceKlass com/mysql/cj/protocol/a/authentication/AuthenticationLdapSaslClientPlugin
instanceKlass com/mysql/cj/protocol/a/authentication/MysqlOldPasswordPlugin
instanceKlass com/mysql/cj/protocol/a/authentication/Sha256PasswordPlugin
instanceKlass com/mysql/cj/protocol/a/authentication/MysqlClearPasswordPlugin
instanceKlass com/mysql/cj/protocol/a/authentication/MysqlNativePasswordPlugin
instanceKlass com/mysql/cj/protocol/AuthenticationPlugin
instanceKlass sun/security/ssl/X509Authentication$X509Possession
instanceKlass com/sun/crypto/provider/GaloisCounterMode$GCTRGHASH
instanceKlass sun/security/ssl/SSLAuthentication
instanceKlass sun/security/ssl/SSLBasicKeyDerivation$SecretSizeSpec
instanceKlass sun/security/ssl/SSLBasicKeyDerivation
instanceKlass sun/security/ssl/Finished$1
instanceKlass sun/security/ssl/Finished$T13VerifyDataGenerator
instanceKlass sun/security/ssl/Finished$T12VerifyDataGenerator
instanceKlass sun/security/ssl/Finished$T10VerifyDataGenerator
instanceKlass sun/security/ssl/Finished$S30VerifyDataGenerator
instanceKlass sun/security/ssl/Finished$VerifyDataGenerator
instanceKlass sun/security/rsa/MGF1
instanceKlass sun/security/rsa/RSACore
instanceKlass java/security/interfaces/RSAPrivateKey
instanceKlass sun/security/util/SignatureUtil
instanceKlass sun/security/ssl/X509Authentication$X509Credentials
instanceKlass java/security/interfaces/DSAPublicKey
instanceKlass java/security/interfaces/DSAKey
instanceKlass sun/security/provider/certpath/PKIX
instanceKlass sun/security/provider/certpath/CertPathConstraintsParameters
instanceKlass sun/security/util/ConstraintsParameters
instanceKlass sun/security/util/DisabledAlgorithmConstraints$CertPathHolder
instanceKlass java/security/cert/PKIXCertPathChecker
instanceKlass java/security/cert/CertPathChecker
instanceKlass sun/security/ssl/SSLAlgorithmConstraints$SupportedSignatureAlgorithmConstraints
instanceKlass sun/security/ssl/SSLConfiguration$1
instanceKlass javax/net/ssl/SSLParameters
instanceKlass javax/net/ssl/SSLEngine
instanceKlass jdk/internal/misc/ThreadTracker
instanceKlass jdk/internal/event/EventHelper$ThreadTrackHolder
instanceKlass jdk/internal/event/EventHelper
instanceKlass sun/security/util/MemoryCache$CacheEntry
instanceKlass sun/security/x509/X509AttributeName
instanceKlass sun/security/x509/OIDMap$OIDInfo
instanceKlass sun/security/x509/PKIXExtensions
instanceKlass sun/security/x509/OIDMap
instanceKlass sun/security/x509/Extension
instanceKlass java/security/cert/Extension
instanceKlass sun/security/x509/CertificateExtensions
instanceKlass sun/security/rsa/RSAUtil
instanceKlass sun/security/util/IOUtils
instanceKlass java/security/interfaces/RSAPublicKey
instanceKlass java/security/spec/RSAPrivateKeySpec
instanceKlass java/security/spec/RSAPublicKeySpec
instanceKlass java/security/spec/EncodedKeySpec$1
instanceKlass jdk/internal/access/JavaSecuritySpecAccess
instanceKlass sun/security/x509/CertificateX509Key
instanceKlass sun/security/x509/CertificateValidity
instanceKlass sun/security/x509/AVA
instanceKlass sun/security/x509/RDN
instanceKlass javax/security/auth/x500/X500Principal
instanceKlass sun/security/x509/X500Name$1
instanceKlass sun/security/x509/X500Name
instanceKlass sun/security/x509/GeneralNameInterface
instanceKlass sun/security/x509/CertificateAlgorithmId
instanceKlass sun/security/x509/SerialNumber
instanceKlass sun/security/x509/CertificateSerialNumber
instanceKlass sun/security/x509/CertificateVersion
instanceKlass sun/security/x509/X509CertInfo
instanceKlass sun/security/x509/CertAttrSet
instanceKlass sun/security/util/Cache$EqualByteArray
instanceKlass java/security/cert/CertificateFactorySpi
instanceKlass java/security/cert/CertificateFactory
instanceKlass java/security/cert/X509Extension
instanceKlass sun/security/ssl/CertificateMessage$CertificateEntry
instanceKlass com/sun/crypto/provider/GHASH
instanceKlass com/sun/crypto/provider/GCM
instanceKlass com/sun/crypto/provider/GaloisCounterMode$GCMEngine
instanceKlass javax/crypto/spec/GCMParameterSpec
instanceKlass sun/security/ssl/ChangeCipherSpec$T13ChangeCipherSpecConsumer
instanceKlass sun/security/ssl/ChangeCipherSpec$T10ChangeCipherSpecProducer
instanceKlass sun/security/ssl/ChangeCipherSpec$T10ChangeCipherSpecConsumer
instanceKlass sun/security/ssl/ChangeCipherSpec
instanceKlass javax/crypto/spec/IvParameterSpec
instanceKlass sun/security/ssl/SSLTrafficKeyDerivation$T13TrafficKeyDerivation
instanceKlass sun/security/ssl/SSLTrafficKeyDerivation$1
instanceKlass sun/security/ssl/SSLTrafficKeyDerivation$T13TrafficKeyDerivationGenerator
instanceKlass sun/security/ssl/SSLTrafficKeyDerivation$T12TrafficKeyDerivationGenerator
instanceKlass sun/security/ssl/SSLTrafficKeyDerivation$T10TrafficKeyDerivationGenerator
instanceKlass sun/security/ssl/SSLTrafficKeyDerivation$S30TrafficKeyDerivationGenerator
instanceKlass sun/security/ssl/SSLKeyDerivationGenerator
instanceKlass sun/security/ssl/SSLSecretDerivation
instanceKlass javax/crypto/MacSpi
instanceKlass javax/crypto/Mac
instanceKlass sun/security/ssl/HKDF
instanceKlass javax/crypto/spec/SecretKeySpec$1
instanceKlass jdk/internal/access/JavaxCryptoSpecAccess
instanceKlass javax/crypto/spec/SecretKeySpec
instanceKlass javax/crypto/KeyAgreementSpi
instanceKlass sun/security/ssl/KAKeyDerivation
instanceKlass java/security/interfaces/RSAKey
instanceKlass javax/crypto/SecretKey
instanceKlass sun/security/util/Length
instanceKlass java/security/spec/EncodedKeySpec
instanceKlass java/security/spec/ECPublicKeySpec
instanceKlass sun/security/ssl/ECDHKeyExchange$ECDHECredentials
instanceKlass sun/security/ssl/NamedGroupCredentials
instanceKlass sun/security/ssl/KeyShareExtension$SHKeyShareSpec
instanceKlass sun/security/ssl/HandshakeHash$CloneableHash
instanceKlass sun/security/ssl/HandshakeHash$T13HandshakeHash
instanceKlass sun/security/ssl/SupportedVersionsExtension$SHSupportedVersionsSpec
instanceKlass sun/security/ssl/TransportContext$1
instanceKlass sun/security/ssl/Plaintext
instanceKlass sun/security/ssl/OutputRecord$T13PaddingHolder
instanceKlass sun/security/ssl/RenegoInfoExtension$RenegotiationInfoSpec
instanceKlass sun/security/ssl/KeyShareExtension$CHKeyShareSpec
instanceKlass java/security/interfaces/ECPublicKey
instanceKlass sun/security/util/ArrayUtil
instanceKlass java/security/interfaces/ECPrivateKey
instanceKlass sun/security/ec/ECOperations
instanceKlass sun/security/ssl/ECDHKeyExchange$ECDHEPossession
instanceKlass sun/security/ssl/KeyShareExtension$KeyShareEntry
instanceKlass sun/security/ssl/XDHKeyExchange$1
instanceKlass sun/security/util/DerInputStream
instanceKlass sun/security/util/DerValue
instanceKlass sun/security/pkcs/PKCS8Key
instanceKlass java/security/interfaces/XECPrivateKey
instanceKlass sun/security/util/BitArray
instanceKlass sun/security/x509/X509Key
instanceKlass java/security/interfaces/XECPublicKey
instanceKlass java/security/interfaces/XECKey
instanceKlass java/security/KeyPair
instanceKlass sun/security/util/math/MutableIntegerModuloP
instanceKlass sun/security/jca/JCAUtil$CachedSecureRandomHolder
instanceKlass sun/security/jca/JCAUtil
instanceKlass sun/security/ec/XECOperations
instanceKlass sun/security/ec/XECParameters
instanceKlass sun/security/ssl/XDHKeyExchange$XDHEPossession
instanceKlass sun/security/ssl/ECDHKeyExchange$ECDHEXDHKAGenerator
instanceKlass sun/security/ssl/ECDHKeyExchange$ECDHEKAGenerator
instanceKlass sun/security/ssl/ECDHKeyExchange$ECDHKAGenerator
instanceKlass sun/security/ssl/ECDHKeyExchange$ECDHEPossessionGenerator
instanceKlass sun/security/ssl/ECDHKeyExchange
instanceKlass sun/security/ssl/DHKeyExchange$DHEKAGenerator
instanceKlass sun/security/ssl/DHKeyExchange$DHEPossessionGenerator
instanceKlass sun/security/ssl/DHKeyExchange
instanceKlass sun/security/ssl/RSAKeyExchange$RSAKAGenerator
instanceKlass sun/security/ssl/RSAKeyExchange$EphemeralRSAPossessionGenerator
instanceKlass sun/security/ssl/RSAKeyExchange
instanceKlass sun/security/ssl/SSLKeyExchange$T13KeyAgreement
instanceKlass sun/security/ssl/SSLKeyAgreement
instanceKlass sun/security/ssl/SSLPossessionGenerator
instanceKlass sun/security/ssl/SSLKeyExchange
instanceKlass sun/security/ssl/SSLHandshakeBinding
instanceKlass sun/security/ssl/SSLKeyAgreementGenerator
instanceKlass sun/security/ssl/PskKeyExchangeModesExtension$PskKeyExchangeModesSpec
instanceKlass sun/security/ssl/SupportedVersionsExtension$CHSupportedVersionsSpec
instanceKlass sun/security/ssl/SignatureAlgorithmsExtension$SignatureSchemesSpec
instanceKlass sun/security/ssl/ExtendedMasterSecretExtension$ExtendedMasterSecretSpec
instanceKlass sun/security/ssl/CertStatusExtension$CertStatusRequestV2Spec
instanceKlass sun/security/ssl/ECPointFormatsExtension$ECPointFormatsSpec
instanceKlass sun/security/ssl/SupportedGroupsExtension$SupportedGroupsSpec
instanceKlass sun/security/ssl/CertStatusExtension$CertStatusRequest
instanceKlass sun/security/ssl/CertStatusExtension$CertStatusRequestSpec
instanceKlass sun/security/ssl/SSLExtension$SSLExtensionSpec
instanceKlass sun/security/ssl/SSLExtension$ClientExtensions
instanceKlass sun/security/ssl/PreSharedKeyExtension$SHPreSharedKeyStringizer
instanceKlass sun/security/ssl/PreSharedKeyExtension$SHPreSharedKeyAbsence
instanceKlass sun/security/ssl/PreSharedKeyExtension$SHPreSharedKeyConsumer
instanceKlass sun/security/ssl/PreSharedKeyExtension$SHPreSharedKeyProducer
instanceKlass sun/security/ssl/PreSharedKeyExtension$CHPreSharedKeyStringizer
instanceKlass sun/security/ssl/PreSharedKeyExtension$CHPreSharedKeyOnTradeAbsence
instanceKlass sun/security/ssl/PreSharedKeyExtension$CHPreSharedKeyUpdate
instanceKlass sun/security/ssl/PreSharedKeyExtension$CHPreSharedKeyOnLoadAbsence
instanceKlass sun/security/ssl/PreSharedKeyExtension$CHPreSharedKeyConsumer
instanceKlass sun/security/ssl/PreSharedKeyExtension$CHPreSharedKeyProducer
instanceKlass sun/security/ssl/PreSharedKeyExtension
instanceKlass sun/security/ssl/RenegoInfoExtension$RenegotiationInfoStringizer
instanceKlass sun/security/ssl/RenegoInfoExtension$SHRenegotiationInfoAbsence
instanceKlass sun/security/ssl/RenegoInfoExtension$SHRenegotiationInfoConsumer
instanceKlass sun/security/ssl/RenegoInfoExtension$SHRenegotiationInfoProducer
instanceKlass sun/security/ssl/RenegoInfoExtension$CHRenegotiationInfoAbsence
instanceKlass sun/security/ssl/RenegoInfoExtension$CHRenegotiationInfoConsumer
instanceKlass sun/security/ssl/RenegoInfoExtension$CHRenegotiationInfoProducer
instanceKlass sun/security/ssl/RenegoInfoExtension
instanceKlass sun/security/ssl/KeyShareExtension$HRRKeyShareStringizer
instanceKlass sun/security/ssl/KeyShareExtension$HRRKeyShareReproducer
instanceKlass sun/security/ssl/KeyShareExtension$HRRKeyShareConsumer
instanceKlass sun/security/ssl/KeyShareExtension$HRRKeyShareProducer
instanceKlass sun/security/ssl/KeyShareExtension$SHKeyShareStringizer
instanceKlass sun/security/ssl/KeyShareExtension$SHKeyShareAbsence
instanceKlass sun/security/ssl/KeyShareExtension$SHKeyShareConsumer
instanceKlass sun/security/ssl/KeyShareExtension$SHKeyShareProducer
instanceKlass sun/security/ssl/KeyShareExtension$CHKeyShareStringizer
instanceKlass sun/security/ssl/KeyShareExtension$CHKeyShareOnTradeAbsence
instanceKlass sun/security/ssl/KeyShareExtension$CHKeyShareConsumer
instanceKlass sun/security/ssl/KeyShareExtension$CHKeyShareProducer
instanceKlass sun/security/ssl/KeyShareExtension
instanceKlass sun/security/ssl/CertSignAlgsExtension$CertSignatureSchemesStringizer
instanceKlass sun/security/ssl/CertSignAlgsExtension$CRCertSignatureSchemesUpdate
instanceKlass sun/security/ssl/CertSignAlgsExtension$CRCertSignatureSchemesConsumer
instanceKlass sun/security/ssl/CertSignAlgsExtension$CRCertSignatureSchemesProducer
instanceKlass sun/security/ssl/CertSignAlgsExtension$CHCertSignatureSchemesUpdate
instanceKlass sun/security/ssl/CertSignAlgsExtension$CHCertSignatureSchemesConsumer
instanceKlass sun/security/ssl/CertSignAlgsExtension$CHCertSignatureSchemesProducer
instanceKlass sun/security/ssl/CertSignAlgsExtension
instanceKlass sun/security/ssl/CertificateAuthoritiesExtension$CertificateAuthoritiesStringizer
instanceKlass sun/security/ssl/CertificateAuthoritiesExtension$CRCertificateAuthoritiesConsumer
instanceKlass sun/security/ssl/CertificateAuthoritiesExtension$CRCertificateAuthoritiesProducer
instanceKlass sun/security/ssl/CertificateAuthoritiesExtension$CHCertificateAuthoritiesConsumer
instanceKlass sun/security/ssl/CertificateAuthoritiesExtension$CHCertificateAuthoritiesProducer
instanceKlass sun/security/ssl/CertificateAuthoritiesExtension
instanceKlass sun/security/ssl/PskKeyExchangeModesExtension$PskKeyExchangeModesStringizer
instanceKlass sun/security/ssl/PskKeyExchangeModesExtension$PskKeyExchangeModesOnTradeAbsence
instanceKlass sun/security/ssl/PskKeyExchangeModesExtension$PskKeyExchangeModesOnLoadAbsence
instanceKlass sun/security/ssl/PskKeyExchangeModesExtension$PskKeyExchangeModesConsumer
instanceKlass sun/security/ssl/PskKeyExchangeModesExtension$PskKeyExchangeModesProducer
instanceKlass sun/security/ssl/PskKeyExchangeModesExtension
instanceKlass sun/security/ssl/CookieExtension$CookieStringizer
instanceKlass sun/security/ssl/CookieExtension$HRRCookieReproducer
instanceKlass sun/security/ssl/CookieExtension$HRRCookieConsumer
instanceKlass sun/security/ssl/CookieExtension$HRRCookieProducer
instanceKlass sun/security/ssl/CookieExtension$CHCookieUpdate
instanceKlass sun/security/ssl/CookieExtension$CHCookieConsumer
instanceKlass sun/security/ssl/CookieExtension$CHCookieProducer
instanceKlass sun/security/ssl/CookieExtension
instanceKlass sun/security/ssl/SupportedVersionsExtension$HRRSupportedVersionsReproducer
instanceKlass sun/security/ssl/SupportedVersionsExtension$HRRSupportedVersionsConsumer
instanceKlass sun/security/ssl/SupportedVersionsExtension$HRRSupportedVersionsProducer
instanceKlass sun/security/ssl/SupportedVersionsExtension$SHSupportedVersionsStringizer
instanceKlass sun/security/ssl/SupportedVersionsExtension$SHSupportedVersionsConsumer
instanceKlass sun/security/ssl/SupportedVersionsExtension$SHSupportedVersionsProducer
instanceKlass sun/security/ssl/SupportedVersionsExtension$CHSupportedVersionsStringizer
instanceKlass sun/security/ssl/SupportedVersionsExtension$CHSupportedVersionsConsumer
instanceKlass sun/security/ssl/SupportedVersionsExtension$CHSupportedVersionsProducer
instanceKlass sun/security/ssl/SupportedVersionsExtension
instanceKlass sun/security/ssl/SignatureAlgorithmsExtension$SignatureSchemesStringizer
instanceKlass sun/security/ssl/SignatureAlgorithmsExtension$CRSignatureSchemesUpdate
instanceKlass sun/security/ssl/SignatureAlgorithmsExtension$CRSignatureSchemesAbsence
instanceKlass sun/security/ssl/SignatureAlgorithmsExtension$CRSignatureSchemesConsumer
instanceKlass sun/security/ssl/SignatureAlgorithmsExtension$CRSignatureSchemesProducer
instanceKlass sun/security/ssl/SignatureAlgorithmsExtension$CHSignatureSchemesOnTradeAbsence
instanceKlass sun/security/ssl/SignatureAlgorithmsExtension$CHSignatureSchemesUpdate
instanceKlass sun/security/ssl/SignatureAlgorithmsExtension$CHSignatureSchemesOnLoadAbsence
instanceKlass sun/security/ssl/SignatureAlgorithmsExtension$CHSignatureSchemesConsumer
instanceKlass sun/security/ssl/SignatureAlgorithmsExtension$CHSignatureSchemesProducer
instanceKlass sun/security/ssl/SignatureAlgorithmsExtension
instanceKlass sun/security/ssl/SessionTicketExtension$SessionTicketStringizer
instanceKlass sun/security/ssl/SessionTicketExtension$T12SHSessionTicketConsumer
instanceKlass sun/security/ssl/SessionTicketExtension$T12CHSessionTicketConsumer
instanceKlass sun/security/ssl/SessionTicketExtension
instanceKlass sun/security/ssl/ExtendedMasterSecretExtension$ExtendedMasterSecretStringizer
instanceKlass sun/security/ssl/ExtendedMasterSecretExtension$SHExtendedMasterSecretAbsence
instanceKlass sun/security/ssl/ExtendedMasterSecretExtension$SHExtendedMasterSecretConsumer
instanceKlass sun/security/ssl/ExtendedMasterSecretExtension$SHExtendedMasterSecretProducer
instanceKlass sun/security/ssl/ExtendedMasterSecretExtension$CHExtendedMasterSecretAbsence
instanceKlass sun/security/ssl/ExtendedMasterSecretExtension$CHExtendedMasterSecretConsumer
instanceKlass sun/security/ssl/ExtendedMasterSecretExtension$CHExtendedMasterSecretProducer
instanceKlass sun/security/ssl/ExtendedMasterSecretExtension
instanceKlass sun/security/ssl/AlpnExtension$AlpnStringizer
instanceKlass sun/security/ssl/AlpnExtension$SHAlpnAbsence
instanceKlass sun/security/ssl/AlpnExtension$SHAlpnConsumer
instanceKlass sun/security/ssl/AlpnExtension$SHAlpnProducer
instanceKlass sun/security/ssl/AlpnExtension$CHAlpnAbsence
instanceKlass sun/security/ssl/AlpnExtension$CHAlpnConsumer
instanceKlass sun/security/ssl/AlpnExtension$CHAlpnProducer
instanceKlass sun/security/ssl/AlpnExtension
instanceKlass sun/security/ssl/ECPointFormatsExtension$ECPointFormatsStringizer
instanceKlass sun/security/ssl/ECPointFormatsExtension$SHECPointFormatsConsumer
instanceKlass sun/security/ssl/ECPointFormatsExtension$CHECPointFormatsConsumer
instanceKlass sun/security/ssl/ECPointFormatsExtension$CHECPointFormatsProducer
instanceKlass sun/security/ssl/ECPointFormatsExtension
instanceKlass sun/security/ssl/SupportedGroupsExtension$EESupportedGroupsConsumer
instanceKlass sun/security/ssl/SupportedGroupsExtension$SupportedGroupsStringizer
instanceKlass sun/security/ssl/SupportedGroupsExtension$CHSupportedGroupsOnTradeAbsence
instanceKlass sun/security/ssl/SupportedGroupsExtension$CHSupportedGroupsConsumer
instanceKlass sun/security/ssl/SupportedGroupsExtension
instanceKlass sun/security/ssl/CertStatusExtension$CertStatusRespStringizer
instanceKlass sun/security/ssl/CertStatusExtension$CertStatusRequestsStringizer
instanceKlass sun/security/ssl/CertStatusExtension$SHCertStatusReqV2Consumer
instanceKlass sun/security/ssl/CertStatusExtension$SHCertStatusReqV2Producer
instanceKlass sun/security/ssl/CertStatusExtension$CHCertStatusReqV2Consumer
instanceKlass sun/security/ssl/CertStatusExtension$CHCertStatusReqV2Producer
instanceKlass sun/security/ssl/CertStatusExtension$CertStatusRequestStringizer
instanceKlass sun/security/ssl/CertStatusExtension$CTCertStatusResponseConsumer
instanceKlass sun/security/ssl/CertStatusExtension$CTCertStatusResponseProducer
instanceKlass sun/security/ssl/CertStatusExtension$SHCertStatusReqConsumer
instanceKlass sun/security/ssl/CertStatusExtension$SHCertStatusReqProducer
instanceKlass sun/security/ssl/CertStatusExtension$CHCertStatusReqConsumer
instanceKlass sun/security/ssl/CertStatusExtension$CHCertStatusReqProducer
instanceKlass sun/security/ssl/CertStatusExtension
instanceKlass sun/security/ssl/MaxFragExtension$MaxFragLenStringizer
instanceKlass sun/security/ssl/MaxFragExtension$EEMaxFragmentLengthUpdate
instanceKlass sun/security/ssl/MaxFragExtension$EEMaxFragmentLengthConsumer
instanceKlass sun/security/ssl/MaxFragExtension$EEMaxFragmentLengthProducer
instanceKlass sun/security/ssl/MaxFragExtension$SHMaxFragmentLengthUpdate
instanceKlass sun/security/ssl/MaxFragExtension$SHMaxFragmentLengthConsumer
instanceKlass sun/security/ssl/MaxFragExtension$SHMaxFragmentLengthProducer
instanceKlass sun/security/ssl/MaxFragExtension$CHMaxFragmentLengthConsumer
instanceKlass sun/security/ssl/MaxFragExtension$CHMaxFragmentLengthProducer
instanceKlass sun/security/ssl/MaxFragExtension
instanceKlass sun/security/ssl/ServerNameExtension$EEServerNameConsumer
instanceKlass sun/security/ssl/ServerNameExtension$EEServerNameProducer
instanceKlass sun/security/ssl/ServerNameExtension$SHServerNamesStringizer
instanceKlass sun/security/ssl/ServerNameExtension$SHServerNameConsumer
instanceKlass sun/security/ssl/ServerNameExtension$SHServerNameProducer
instanceKlass sun/security/ssl/ServerNameExtension$CHServerNamesStringizer
instanceKlass sun/security/ssl/ServerNameExtension$CHServerNameConsumer
instanceKlass sun/security/ssl/SSLExtension$ExtensionConsumer
instanceKlass sun/security/ssl/ServerNameExtension$CHServerNameProducer
instanceKlass sun/security/ssl/ServerNameExtension
instanceKlass sun/security/ssl/SSLStringizer
instanceKlass sun/security/ssl/SSLExtensions
instanceKlass sun/security/ssl/SSLHandshake$HandshakeMessage
instanceKlass sun/security/ssl/RandomCookie
instanceKlass java/lang/Byte$ByteCache
instanceKlass sun/security/util/KeyUtil
instanceKlass sun/security/ssl/SupportedGroupsExtension$SupportedGroups
instanceKlass sun/security/ssl/SSLKeyDerivation
instanceKlass sun/security/ssl/SSLCredentials
instanceKlass sun/security/ssl/NamedGroupPossession
instanceKlass sun/security/ssl/SSLPossession
instanceKlass sun/security/ssl/HandshakeContext
instanceKlass sun/security/ssl/SessionId
instanceKlass java/util/concurrent/ConcurrentLinkedQueue$Node
instanceKlass sun/security/x509/AlgorithmId
instanceKlass java/security/spec/MGF1ParameterSpec
instanceKlass java/security/spec/PSSParameterSpec
instanceKlass sun/security/ec/ParametersMap$1
instanceKlass sun/security/ec/ed/EdDSAParameters$SHAKE256DigesterFactory
instanceKlass sun/security/ec/point/ProjectivePoint
instanceKlass sun/security/ec/ed/EdDSAParameters$Digester
instanceKlass sun/security/ec/ed/EdDSAParameters$SHA512DigesterFactory
instanceKlass sun/security/ec/point/ExtendedHomogeneousPoint
instanceKlass sun/security/ec/point/AffinePoint
instanceKlass sun/security/util/math/intpoly/IntegerPolynomial$Limb
instanceKlass sun/security/util/math/SmallValue
instanceKlass sun/security/ec/point/MutablePoint
instanceKlass sun/security/ec/point/ImmutablePoint
instanceKlass sun/security/util/math/intpoly/IntegerPolynomial$Element
instanceKlass sun/security/util/math/ImmutableIntegerModuloP
instanceKlass sun/security/util/math/IntegerModuloP
instanceKlass java/math/MutableBigInteger
instanceKlass sun/security/util/math/intpoly/IntegerPolynomial
instanceKlass sun/security/ec/ParametersMap
instanceKlass sun/security/ec/ed/EdECOperations
instanceKlass sun/security/ec/ed/EdDSAParameters$DigesterFactory
instanceKlass sun/security/util/math/IntegerFieldModuloP
instanceKlass sun/security/ec/ed/EdDSAParameters
instanceKlass java/security/spec/EdDSAParameterSpec
instanceKlass sun/security/ec/ed/EdDSASignature$MessageAccumulator
instanceKlass javax/crypto/spec/DHParameterSpec
instanceKlass sun/security/ssl/PredefinedDHParameterSpecs$1
instanceKlass sun/security/ssl/PredefinedDHParameterSpecs
instanceKlass com/sun/security/sasl/Provider$1
instanceKlass sun/security/jgss/SunProvider$1
instanceKlass sun/security/smartcardio/SunPCSC$1
instanceKlass org/jcp/xml/dsig/internal/dom/XMLDSigRI$2
instanceKlass org/jcp/xml/dsig/internal/dom/XMLDSigRI$1
instanceKlass sun/security/mscapi/SunMSCAPI$2
instanceKlass sun/security/mscapi/SunMSCAPI$1
instanceKlass sun/security/pkcs11/SunPKCS11$Descriptor
instanceKlass javax/security/auth/callback/CallbackHandler
instanceKlass com/sun/security/sasl/gsskerb/JdkSASL$1
instanceKlass javax/net/ssl/ExtendedSSLSession
instanceKlass javax/net/ssl/SSLSession
instanceKlass sun/security/ssl/SSLConfiguration$CustomizedClientSignatureSchemes
instanceKlass javax/crypto/KeyGeneratorSpi
instanceKlass javax/crypto/KeyGenerator
instanceKlass sun/security/ssl/SSLConfiguration
instanceKlass sun/security/ssl/SSLCipher$SSLWriteCipher
instanceKlass sun/security/ssl/KeyUpdate$KeyUpdateProducer
instanceKlass sun/security/ssl/KeyUpdate$KeyUpdateConsumer
instanceKlass sun/security/ssl/KeyUpdate$KeyUpdateKickstartProducer
instanceKlass sun/security/ssl/KeyUpdate
instanceKlass sun/security/ssl/CertificateStatus$CertificateStatusAbsence
instanceKlass sun/security/ssl/HandshakeAbsence
instanceKlass sun/security/ssl/CertificateStatus$CertificateStatusProducer
instanceKlass sun/security/ssl/CertificateStatus$CertificateStatusConsumer
instanceKlass sun/security/ssl/CertificateStatus
instanceKlass sun/security/ssl/Finished$T13FinishedProducer
instanceKlass sun/security/ssl/Finished$T13FinishedConsumer
instanceKlass sun/security/ssl/Finished$T12FinishedProducer
instanceKlass sun/security/ssl/Finished$T12FinishedConsumer
instanceKlass sun/security/ssl/Finished
instanceKlass sun/security/ssl/ClientKeyExchange$ClientKeyExchangeProducer
instanceKlass sun/security/ssl/ClientKeyExchange$ClientKeyExchangeConsumer
instanceKlass sun/security/ssl/ClientKeyExchange
instanceKlass sun/security/ssl/CertificateVerify$T13CertificateVerifyProducer
instanceKlass sun/security/ssl/CertificateVerify$T13CertificateVerifyConsumer
instanceKlass sun/security/ssl/CertificateVerify$T12CertificateVerifyProducer
instanceKlass sun/security/ssl/CertificateVerify$T12CertificateVerifyConsumer
instanceKlass sun/security/ssl/CertificateVerify$T10CertificateVerifyProducer
instanceKlass sun/security/ssl/CertificateVerify$T10CertificateVerifyConsumer
instanceKlass sun/security/ssl/CertificateVerify$S30CertificateVerifyProducer
instanceKlass sun/security/ssl/CertificateVerify$S30CertificateVerifyConsumer
instanceKlass sun/security/ssl/CertificateVerify
instanceKlass sun/security/ssl/ServerHelloDone$ServerHelloDoneProducer
instanceKlass sun/security/ssl/ServerHelloDone$ServerHelloDoneConsumer
instanceKlass sun/security/ssl/ServerHelloDone
instanceKlass sun/security/ssl/CertificateRequest$T13CertificateRequestProducer
instanceKlass sun/security/ssl/CertificateRequest$T13CertificateRequestConsumer
instanceKlass sun/security/ssl/CertificateRequest$T12CertificateRequestProducer
instanceKlass sun/security/ssl/CertificateRequest$T12CertificateRequestConsumer
instanceKlass sun/security/ssl/CertificateRequest$T10CertificateRequestProducer
instanceKlass sun/security/ssl/CertificateRequest$T10CertificateRequestConsumer
instanceKlass sun/security/ssl/CertificateRequest
instanceKlass sun/security/ssl/ServerKeyExchange$ServerKeyExchangeProducer
instanceKlass sun/security/ssl/ServerKeyExchange$ServerKeyExchangeConsumer
instanceKlass sun/security/ssl/ServerKeyExchange
instanceKlass sun/security/ssl/CertificateMessage$T13CertificateProducer
instanceKlass sun/security/ssl/CertificateMessage$T13CertificateConsumer
instanceKlass sun/security/ssl/CertificateMessage$T12CertificateProducer
instanceKlass sun/security/ssl/CertificateMessage$T12CertificateConsumer
instanceKlass sun/security/ssl/CertificateMessage
instanceKlass sun/security/ssl/EncryptedExtensions$EncryptedExtensionsConsumer
instanceKlass sun/security/ssl/EncryptedExtensions$EncryptedExtensionsProducer
instanceKlass sun/security/ssl/EncryptedExtensions
instanceKlass sun/security/ssl/NewSessionTicket$T12NewSessionTicketProducer
instanceKlass sun/security/ssl/NewSessionTicket$T13NewSessionTicketProducer
instanceKlass sun/security/ssl/NewSessionTicket$T12NewSessionTicketConsumer
instanceKlass sun/security/ssl/NewSessionTicket$T13NewSessionTicketConsumer
instanceKlass sun/security/ssl/NewSessionTicket
instanceKlass sun/security/ssl/HelloVerifyRequest$HelloVerifyRequestProducer
instanceKlass sun/security/ssl/HelloVerifyRequest$HelloVerifyRequestConsumer
instanceKlass sun/security/ssl/HelloVerifyRequest
instanceKlass sun/security/ssl/ServerHello$T13HelloRetryRequestConsumer
instanceKlass sun/security/ssl/ServerHello$T13ServerHelloConsumer
instanceKlass sun/security/ssl/ServerHello$T12ServerHelloConsumer
instanceKlass sun/security/ssl/ServerHello$T13HelloRetryRequestReproducer
instanceKlass sun/security/ssl/ServerHello$T13HelloRetryRequestProducer
instanceKlass sun/security/ssl/ServerHello$T13ServerHelloProducer
instanceKlass sun/security/ssl/ServerHello$T12ServerHelloProducer
instanceKlass sun/security/ssl/ServerHello$ServerHelloConsumer
instanceKlass sun/security/ssl/ServerHello
instanceKlass sun/security/ssl/ClientHello$D13ClientHelloConsumer
instanceKlass sun/security/ssl/ClientHello$D12ClientHelloConsumer
instanceKlass sun/security/ssl/ClientHello$T13ClientHelloConsumer
instanceKlass sun/security/ssl/ClientHello$T12ClientHelloConsumer
instanceKlass sun/security/ssl/HandshakeConsumer
instanceKlass sun/security/ssl/ClientHello$ClientHelloProducer
instanceKlass sun/security/ssl/ClientHello$ClientHelloConsumer
instanceKlass sun/security/ssl/ClientHello$ClientHelloKickstartProducer
instanceKlass sun/security/ssl/ClientHello
instanceKlass sun/security/ssl/HelloRequest$HelloRequestProducer
instanceKlass sun/security/ssl/HelloRequest$HelloRequestConsumer
instanceKlass sun/security/ssl/HelloRequest$HelloRequestKickstartProducer
instanceKlass sun/security/ssl/SSLProducer
instanceKlass sun/security/ssl/HelloRequest
instanceKlass sun/security/ssl/HandshakeProducer
instanceKlass sun/security/ssl/SSLConsumer
instanceKlass sun/security/ssl/Authenticator$MacImpl
instanceKlass sun/security/ssl/Authenticator$MAC
instanceKlass sun/security/ssl/Authenticator
instanceKlass sun/security/ssl/SSLCipher$SSLReadCipher
instanceKlass sun/security/ssl/InputRecord
instanceKlass sun/security/ssl/SSLRecord
instanceKlass sun/security/ssl/Record
instanceKlass sun/security/ssl/TransportContext
instanceKlass sun/security/ssl/ConnectionContext
instanceKlass sun/security/ssl/HandshakeHash$CacheOnlyHash
instanceKlass sun/security/ssl/HandshakeHash$TranscriptHash
instanceKlass sun/security/ssl/HandshakeHash
instanceKlass sun/security/ssl/SSLTransport
instanceKlass javax/net/SocketFactory
instanceKlass javax/net/ssl/X509ExtendedTrustManager
instanceKlass javax/net/ssl/X509ExtendedKeyManager
instanceKlass javax/net/ssl/X509KeyManager
instanceKlass javax/net/ssl/KeyManager
instanceKlass sun/security/util/Cache
instanceKlass sun/security/ssl/SSLSessionContextImpl
instanceKlass javax/net/ssl/SSLSessionContext
instanceKlass sun/security/ssl/EphemeralKeyManager$EphemeralKeyPair
instanceKlass sun/security/ssl/EphemeralKeyManager
instanceKlass sun/security/ssl/SSLContextImpl$CustomizedSSLProtocols
instanceKlass java/security/spec/NamedParameterSpec
instanceKlass sun/security/util/ECKeySizeParameterSpec
instanceKlass java/security/AlgorithmParametersSpi
instanceKlass java/security/AlgorithmParameters
instanceKlass sun/security/util/ECUtil
instanceKlass sun/security/ec/point/Point
instanceKlass java/security/KeyPairGeneratorSpi
instanceKlass java/security/PublicKey
instanceKlass java/security/KeyFactorySpi
instanceKlass java/security/KeyFactory
instanceKlass javax/crypto/KeyAgreement
instanceKlass java/security/interfaces/ECKey
instanceKlass java/security/Signature$1
instanceKlass jdk/internal/access/JavaSecuritySignatureAccess
instanceKlass java/security/SignatureSpi
instanceKlass sun/security/ssl/JsseJce$EcAvailability
instanceKlass sun/security/ssl/SSLAlgorithmDecomposer$1
instanceKlass sun/security/ssl/Utilities
instanceKlass sun/security/ssl/JsseJce
instanceKlass sun/security/ssl/NamedGroup$XDHScheme
instanceKlass sun/security/ssl/NamedGroup$FFDHEScheme
instanceKlass sun/security/ssl/NamedGroup$ECDHEScheme
instanceKlass sun/security/ssl/NamedGroup$NamedGroupScheme
instanceKlass sun/security/ssl/SSLCipher$1
instanceKlass sun/security/ssl/SSLCipher$T13CC20P1305WriteCipherGenerator
instanceKlass sun/security/ssl/SSLCipher$T12CC20P1305WriteCipherGenerator
instanceKlass sun/security/ssl/SSLCipher$T13CC20P1305ReadCipherGenerator
instanceKlass sun/security/ssl/SSLCipher$T12CC20P1305ReadCipherGenerator
instanceKlass sun/security/ssl/SSLCipher$T13GcmWriteCipherGenerator
instanceKlass sun/security/ssl/SSLCipher$T13GcmReadCipherGenerator
instanceKlass sun/security/ssl/SSLCipher$T12GcmWriteCipherGenerator
instanceKlass sun/security/ssl/SSLCipher$T12GcmReadCipherGenerator
instanceKlass com/sun/crypto/provider/AESConstants
instanceKlass javax/crypto/JceSecurityManager$1
instanceKlass sun/security/ssl/SSLCipher$T11BlockWriteCipherGenerator
instanceKlass sun/security/ssl/SSLCipher$T11BlockReadCipherGenerator
instanceKlass com/sun/crypto/provider/PKCS5Padding
instanceKlass com/sun/crypto/provider/Padding
instanceKlass com/sun/crypto/provider/FeedbackCipher
instanceKlass com/sun/crypto/provider/SymmetricCipher
instanceKlass com/sun/crypto/provider/DESConstants
instanceKlass com/sun/crypto/provider/CipherCore
instanceKlass sun/security/ssl/SSLCipher$T10BlockWriteCipherGenerator
instanceKlass sun/security/ssl/SSLCipher$T10BlockReadCipherGenerator
instanceKlass javax/crypto/CipherSpi
instanceKlass javax/crypto/ProviderVerifier
instanceKlass javax/crypto/JceSecurity$3
instanceKlass javax/crypto/JceSecurity$2
instanceKlass java/net/spi/URLStreamHandlerProvider
instanceKlass java/net/URL$1
instanceKlass java/net/URL$2
instanceKlass javax/crypto/CryptoPolicyParser$CryptoPermissionEntry
instanceKlass javax/crypto/CryptoPolicyParser$GrantEntry
instanceKlass javax/crypto/CryptoPolicyParser
instanceKlass java/nio/file/Files$1
instanceKlass sun/nio/fs/WindowsFileSystem$2
instanceKlass java/nio/file/PathMatcher
instanceKlass sun/nio/fs/Globs
instanceKlass javax/crypto/JceSecurity$1
instanceKlass javax/crypto/JceSecurity
instanceKlass sun/security/jca/ProviderList$ServiceList$1
instanceKlass sun/security/jca/ServiceId
instanceKlass javax/crypto/Cipher$Transform
instanceKlass javax/crypto/Cipher
instanceKlass sun/security/ssl/SSLCipher$StreamWriteCipherGenerator
instanceKlass sun/security/ssl/SSLCipher$StreamReadCipherGenerator
instanceKlass sun/security/ssl/SSLCipher$NullWriteCipherGenerator
instanceKlass sun/security/ssl/SSLCipher$WriteCipherGenerator
instanceKlass sun/security/ssl/SSLCipher$NullReadCipherGenerator
instanceKlass sun/security/ssl/SSLCipher$ReadCipherGenerator
instanceKlass sun/security/util/DisabledAlgorithmConstraints$Constraints$Holder
instanceKlass sun/security/util/DisabledAlgorithmConstraints$1
instanceKlass sun/security/util/DisabledAlgorithmConstraints$Constraint
instanceKlass sun/security/util/DisabledAlgorithmConstraints$Constraints
instanceKlass sun/security/util/AbstractAlgorithmConstraints$1
instanceKlass sun/security/util/AlgorithmDecomposer
instanceKlass sun/security/util/AbstractAlgorithmConstraints
instanceKlass sun/security/ssl/SSLAlgorithmConstraints
instanceKlass java/security/AlgorithmConstraints
instanceKlass sun/security/ssl/SSLLogger
instanceKlass javax/net/ssl/SSLContextSpi
instanceKlass javax/net/ssl/SSLContext
instanceKlass java/security/cert/CertPathParameters
instanceKlass com/mysql/cj/protocol/ExportControlled$X509TrustManagerWrapper
instanceKlass javax/net/ssl/X509TrustManager
instanceKlass javax/net/ssl/KeyManagerFactorySpi
instanceKlass javax/net/ssl/KeyManagerFactory$1
instanceKlass javax/net/ssl/KeyManagerFactory
instanceKlass java/security/spec/ECFieldF2m
instanceKlass sun/security/util/ObjectIdentifier
instanceKlass sun/security/util/ByteArrayTagOrder
instanceKlass sun/security/util/ByteArrayLexOrder
instanceKlass sun/security/util/DerEncoder
instanceKlass java/security/spec/ECParameterSpec
instanceKlass java/security/spec/AlgorithmParameterSpec
instanceKlass java/security/spec/ECPoint
instanceKlass java/security/spec/EllipticCurve
instanceKlass java/security/spec/ECFieldFp
instanceKlass java/security/spec/ECField
instanceKlass sun/security/util/CurveDB
instanceKlass sun/security/ec/SunEC$1
instanceKlass sun/security/jca/ProviderConfig$ProviderLoader
instanceKlass sun/security/jca/ProviderConfig$3
instanceKlass sun/security/rsa/SunRsaSignEntries
instanceKlass javax/net/ssl/TrustManagerFactorySpi
instanceKlass javax/net/ssl/TrustManagerFactory$1
instanceKlass javax/net/ssl/TrustManagerFactory
instanceKlass com/mysql/cj/protocol/ExportControlled$KeyStoreConf
instanceKlass com/mysql/cj/protocol/a/NativeUtils
instanceKlass com/mysql/cj/protocol/a/PacketSplitter
instanceKlass javax/net/ssl/TrustManager
instanceKlass java/security/spec/KeySpec
instanceKlass java/security/PrivateKey
instanceKlass javax/security/auth/Destroyable
instanceKlass java/security/Key
instanceKlass com/mysql/cj/protocol/ExportControlled
instanceKlass com/mysql/cj/protocol/a/NativePacketPayload$1
instanceKlass com/mysql/cj/protocol/a/NativeCapabilities
instanceKlass com/mysql/cj/protocol/a/NativePacketHeader
instanceKlass com/mysql/cj/Collation
instanceKlass sun/nio/cs/ArrayEncoder
instanceKlass sun/nio/cs/DelegatableDecoder
instanceKlass java/nio/charset/Charset$ExtendedProviderHolder$1
instanceKlass java/nio/charset/Charset$ExtendedProviderHolder
instanceKlass com/mysql/cj/ServerVersion
instanceKlass com/mysql/cj/MysqlCharset
instanceKlass com/mysql/cj/CharsetMapping
instanceKlass com/mysql/cj/protocol/a/NativeServerSessionStateController
instanceKlass com/mysql/cj/protocol/ServerSessionStateController
instanceKlass com/mysql/cj/protocol/a/NativeServerSession
instanceKlass com/mysql/cj/protocol/a/BinaryResultsetReader
instanceKlass com/mysql/cj/protocol/a/TextResultsetReader
instanceKlass com/mysql/cj/protocol/a/ResultsetRowReader
instanceKlass com/mysql/cj/protocol/ResultsetRow
instanceKlass com/mysql/cj/protocol/a/ColumnDefinitionReader
instanceKlass com/mysql/cj/protocol/ProtocolEntityReader
instanceKlass com/mysql/cj/callback/MysqlCallback
instanceKlass com/mysql/cj/callback/MysqlCallbackHandler
instanceKlass com/mysql/cj/protocol/a/NativeAuthenticationProvider
instanceKlass com/mysql/cj/protocol/a/SimplePacketReader
instanceKlass com/mysql/cj/protocol/a/SimplePacketSender
instanceKlass com/mysql/cj/protocol/a/NativePacketPayload
instanceKlass com/mysql/cj/log/BaseMetricsHolder
instanceKlass com/mysql/cj/protocol/AbstractProtocol$2
instanceKlass com/mysql/cj/protocol/AbstractProtocol$1
instanceKlass java/time/ZonedDateTime
instanceKlass java/time/chrono/ChronoZonedDateTime
instanceKlass java/time/OffsetTime
instanceKlass java/time/OffsetDateTime
instanceKlass java/time/Instant
instanceKlass java/util/Calendar
instanceKlass com/mysql/cj/protocol/a/AbstractValueEncoder
instanceKlass com/mysql/cj/protocol/ValueEncoder
instanceKlass com/mysql/cj/MessageBuilder
instanceKlass com/mysql/cj/CharsetSettings
instanceKlass com/mysql/cj/protocol/MessageHeader
instanceKlass com/mysql/cj/protocol/ServerSessionStateController$ServerSessionStateChanges
instanceKlass com/mysql/cj/protocol/ServerCapabilities
instanceKlass com/mysql/cj/protocol/AuthenticationProvider
instanceKlass com/mysql/cj/protocol/ServerSession
instanceKlass com/mysql/cj/protocol/MessageReader
instanceKlass com/mysql/cj/protocol/MessageSender
instanceKlass com/mysql/cj/protocol/PacketReceivedTimeHolder
instanceKlass com/mysql/cj/protocol/AbstractProtocol
instanceKlass com/mysql/cj/protocol/Protocol$ProtocolEventHandler
instanceKlass com/mysql/cj/conf/RuntimeProperty$RuntimePropertyListener
instanceKlass com/mysql/cj/protocol/StandardSocketFactory
instanceKlass com/mysql/cj/protocol/PacketSentTimeHolder
instanceKlass com/mysql/cj/protocol/SocketFactory
instanceKlass com/mysql/cj/protocol/SocketMetadata
instanceKlass com/mysql/cj/protocol/AbstractSocketConnection
instanceKlass com/mysql/cj/NoSubInterceptorWrapper
instanceKlass com/mysql/cj/interceptors/QueryInterceptor
instanceKlass java/util/LinkedList$LLSpliterator
instanceKlass com/mysql/cj/result/Row
instanceKlass com/mysql/cj/jdbc/DatabaseMetaData$IteratorWithCleanup
instanceKlass com/mysql/cj/protocol/ResultsetRows
instanceKlass com/mysql/cj/result/RowList
instanceKlass com/mysql/cj/jdbc/DatabaseMetaData
instanceKlass com/mysql/cj/log/LogFactory
instanceKlass com/mysql/cj/log/NullLogger
instanceKlass com/mysql/cj/result/ValueFactory
instanceKlass com/mysql/cj/protocol/Message
instanceKlass com/mysql/cj/protocol/Protocol
instanceKlass com/mysql/cj/protocol/SocketConnection
instanceKlass com/mysql/cj/DataStoreMetadata
instanceKlass com/mysql/cj/CoreSession
instanceKlass com/mysql/cj/protocol/a/result/NativeResultset
instanceKlass com/mysql/cj/WarningListener
instanceKlass com/mysql/cj/jdbc/result/ResultSetInternalMethods
instanceKlass com/mysql/cj/protocol/Resultset
instanceKlass com/mysql/cj/protocol/ResultsetRowsOwner
instanceKlass java/sql/ResultSet
instanceKlass com/mysql/cj/jdbc/result/ResultSetFactory
instanceKlass com/mysql/cj/conf/AbstractRuntimeProperty
instanceKlass com/mysql/cj/PerConnectionLRUFactory
instanceKlass com/mysql/cj/util/PerVmServerConfigCacheFactory
instanceKlass com/mysql/cj/CacheAdapterFactory
instanceKlass java/text/AttributedCharacterIterator$Attribute
instanceKlass com/mysql/cj/conf/AbstractPropertyDefinition
instanceKlass com/mysql/cj/conf/PropertyDefinitions
instanceKlass com/mysql/cj/conf/RuntimeProperty
instanceKlass com/mysql/cj/conf/PropertyDefinition
instanceKlass com/mysql/cj/conf/DefaultPropertySet
instanceKlass com/mysql/cj/log/StandardLogger
instanceKlass com/mysql/cj/log/Log
instanceKlass com/mysql/cj/jdbc/result/CachedResultSetMetaData
instanceKlass com/mysql/cj/protocol/ColumnDefinition
instanceKlass com/mysql/cj/protocol/ProtocolEntity
instanceKlass com/mysql/cj/Session
instanceKlass java/sql/SQLXML
instanceKlass java/sql/NClob
instanceKlass java/sql/Clob
instanceKlass java/sql/Blob
instanceKlass java/sql/Savepoint
instanceKlass java/sql/DatabaseMetaData
instanceKlass java/sql/CallableStatement
instanceKlass com/mysql/cj/jdbc/StatementImpl
instanceKlass com/mysql/cj/jdbc/JdbcPreparedStatement
instanceKlass com/mysql/cj/jdbc/JdbcStatement
instanceKlass com/mysql/cj/Query
instanceKlass java/sql/PreparedStatement
instanceKlass java/sql/Statement
instanceKlass com/mysql/cj/protocol/ProtocolEntityFactory
instanceKlass com/mysql/cj/jdbc/IterateBlock
instanceKlass com/mysql/cj/exceptions/ExceptionInterceptor
instanceKlass com/mysql/cj/jdbc/ConnectionImpl
instanceKlass com/mysql/cj/Session$SessionEventListener
instanceKlass com/mysql/cj/jdbc/JdbcConnection
instanceKlass com/mysql/cj/TransactionEventHandler
instanceKlass com/mysql/cj/MysqlConnection
instanceKlass com/mysql/cj/jdbc/NonRegisteringDriver$1
instanceKlass java/lang/invoke/MethodHandle$1
instanceKlass java/util/Collections$UnmodifiableMap$UnmodifiableEntrySet$UnmodifiableEntrySetSpliterator
instanceKlass java/math/MathContext
instanceKlass jdk/internal/math/FDBigInteger
instanceKlass java/text/FieldPosition
instanceKlass java/text/Format
instanceKlass java/util/ResourceBundle$Control$2
instanceKlass java/util/ResourceBundle$CacheKeyReference
instanceKlass java/util/ResourceBundle$CacheKey
instanceKlass java/util/ImmutableCollections$Access$1
instanceKlass jdk/internal/access/JavaUtilCollectionAccess
instanceKlass java/util/ImmutableCollections$Access
instanceKlass java/util/spi/ResourceBundleControlProvider
instanceKlass java/util/ResourceBundle$ResourceBundleControlProviderHolder
instanceKlass com/mysql/cj/Messages
instanceKlass com/mysql/cj/Constants
instanceKlass com/mysql/cj/util/Util
instanceKlass com/mysql/cj/conf/HostInfo
instanceKlass com/mysql/cj/conf/ConnectionUrlParser$Pair
instanceKlass com/mysql/cj/util/StringInspector
instanceKlass java/net/URLEncoder
instanceKlass java/net/URLDecoder
instanceKlass com/mysql/cj/util/StringUtils
instanceKlass com/mysql/cj/conf/ConnectionUrlParser
instanceKlass com/mysql/cj/conf/ConnectionUrl
instanceKlass com/mysql/cj/conf/DatabaseUrlContainer
instanceKlass java/sql/DriverManager$2
instanceKlass java/sql/DriverManager$1
instanceKlass org/jetbrains/exposed/sql/FieldSet$DefaultImpls
instanceKlass org/jetbrains/exposed/sql/QueryBuilder
instanceKlass kotlin/jvm/functions/Function2
instanceKlass org/jetbrains/exposed/sql/AbstractQuery$ResultIterator
instanceKlass org/jetbrains/exposed/sql/TableKt
instanceKlass org/jetbrains/exposed/sql/AbstractQuery$Companion
instanceKlass org/jetbrains/exposed/sql/statements/Statement
instanceKlass org/jetbrains/exposed/sql/SizedIterable
instanceKlass kotlin/ULong
instanceKlass kotlin/UInt
instanceKlass kotlin/UShort
instanceKlass kotlin/UByte
instanceKlass org/jetbrains/exposed/sql/Op$Companion
instanceKlass org/jetbrains/exposed/sql/Op$OpBoolean
instanceKlass org/jetbrains/exposed/sql/ComplexExpression
instanceKlass org/jetbrains/exposed/sql/ISqlExpressionBuilder$DefaultImpls
instanceKlass org/jetbrains/exposed/sql/SqlExpressionBuilder
instanceKlass org/jetbrains/exposed/sql/ISqlExpressionBuilder
instanceKlass org/jetbrains/exposed/sql/Table$PrimaryKey$special$$inlined$compareBy$1
instanceKlass kotlin/collections/ArraysUtilJVM
instanceKlass kotlin/collections/ArraysKt__ArraysJVMKt
instanceKlass org/jetbrains/exposed/sql/Table$PrimaryKey
instanceKlass org/jetbrains/exposed/sql/StringColumnType$Companion
instanceKlass org/jetbrains/exposed/sql/SQLExpressionBuilderKt
instanceKlass org/jetbrains/exposed/sql/Sequence
instanceKlass org/jetbrains/exposed/sql/AutoIncColumnType
instanceKlass org/jetbrains/exposed/sql/Expression$Companion
instanceKlass org/jetbrains/exposed/sql/Expression
instanceKlass org/jetbrains/exposed/sql/ColumnType
instanceKlass org/jetbrains/exposed/sql/IColumnType
instanceKlass org/jetbrains/exposed/sql/ColumnSet
instanceKlass org/jetbrains/exposed/sql/FieldSet
instanceKlass org/jetbrains/exposed/sql/DdlAware
instanceKlass com/github/linguExplorer/repositories/TopicRepository$Companion
instanceKlass com/github/linguExplorer/repositories/TopicRepository
instanceKlass com/github/linguExplorer/minigames/MinigameSystem
instanceKlass com/badlogic/gdx/graphics/glutils/FileTextureData
instanceKlass com/badlogic/gdx/graphics/TextureData$Factory
instanceKlass com/badlogic/gdx/assets/AssetLoaderParameters
instanceKlass com/badlogic/gdx/assets/AssetLoaderParameters$LoadedCallback
instanceKlass com/badlogic/gdx/graphics/TextureData
instanceKlass com/badlogic/gdx/graphics/GLTexture
instanceKlass java/util/concurrent/Executors$DefaultThreadFactory
instanceKlass com/badlogic/gdx/graphics/glutils/IndexBufferObject
instanceKlass com/badlogic/gdx/graphics/glutils/VertexBufferObject
instanceKlass com/badlogic/gdx/graphics/glutils/ImmediateModeRenderer20
instanceKlass com/badlogic/gdx/graphics/glutils/ImmediateModeRenderer
instanceKlass com/badlogic/gdx/graphics/glutils/ShapeRenderer
instanceKlass com/badlogic/gdx/math/Vector2
instanceKlass com/badlogic/gdx/utils/Scaling
instanceKlass com/badlogic/gdx/math/collision/Ray
instanceKlass com/badlogic/gdx/math/Plane
instanceKlass com/badlogic/gdx/math/Frustum
instanceKlass com/badlogic/gdx/graphics/Camera
instanceKlass com/badlogic/gdx/utils/viewport/Viewport
instanceKlass org/lwjgl/system/APIUtil$Encoder
instanceKlass com/badlogic/gdx/utils/ObjectIntMap
instanceKlass com/badlogic/gdx/graphics/glutils/ShaderProgram
instanceKlass com/badlogic/gdx/graphics/glutils/IndexArray
instanceKlass com/badlogic/gdx/utils/BufferUtils
instanceKlass com/badlogic/gdx/graphics/glutils/VertexArray
instanceKlass com/badlogic/gdx/graphics/Mesh$1
instanceKlass com/badlogic/gdx/graphics/VertexAttributes
instanceKlass com/badlogic/gdx/graphics/VertexAttribute
instanceKlass com/badlogic/gdx/graphics/glutils/InstanceData
instanceKlass com/badlogic/gdx/graphics/glutils/IndexData
instanceKlass com/badlogic/gdx/graphics/glutils/VertexData
instanceKlass com/badlogic/gdx/graphics/Mesh
instanceKlass com/badlogic/gdx/math/Vector3
instanceKlass com/badlogic/gdx/math/Vector
instanceKlass com/badlogic/gdx/math/Quaternion
instanceKlass com/badlogic/gdx/math/Matrix4
instanceKlass com/badlogic/gdx/graphics/g2d/SpriteBatch
instanceKlass com/badlogic/gdx/graphics/g2d/Batch
instanceKlass com/github/linguExplorer/screen/MinigameKleidungScreen
instanceKlass kotlin/collections/EmptyMap
instanceKlass org/jetbrains/exposed/sql/statements/StatementInterceptor$DefaultImpls
instanceKlass org/jetbrains/exposed/sql/CompositeSqlLogger
instanceKlass ch/qos/logback/classic/util/LoggerNameUtil
instanceKlass ch/qos/logback/classic/util/LogbackMDCAdapter
instanceKlass ch/qos/logback/core/util/StatusPrinter
instanceKlass ch/qos/logback/core/status/StatusUtil
instanceKlass ch/qos/logback/core/spi/AppenderAttachableImpl
instanceKlass ch/qos/logback/core/pattern/Converter
instanceKlass ch/qos/logback/core/util/CachingDateFormatter$CacheTuple
instanceKlass java/time/Period
instanceKlass java/time/chrono/ChronoPeriod
instanceKlass java/time/format/DateTimeFormatterBuilder$TextPrinterParser
instanceKlass java/time/format/DateTimeTextProvider$1
instanceKlass java/time/format/DateTimeTextProvider
instanceKlass java/time/format/DateTimeTextProvider$LocaleStore
instanceKlass java/time/format/DateTimeFormatterBuilder$InstantPrinterParser
instanceKlass java/time/format/DateTimeFormatterBuilder$StringLiteralPrinterParser
instanceKlass java/time/format/DateTimeFormatterBuilder$ZoneIdPrinterParser
instanceKlass java/time/format/DateTimeFormatterBuilder$OffsetIdPrinterParser
instanceKlass java/time/format/DecimalStyle
instanceKlass java/time/format/DateTimeFormatterBuilder$CompositePrinterParser
instanceKlass java/time/format/DateTimeFormatterBuilder$CharLiteralPrinterParser
instanceKlass java/time/format/DateTimeFormatterBuilder$NumberPrinterParser
instanceKlass java/time/format/DateTimeFormatterBuilder$DateTimePrinterParser
instanceKlass java/time/temporal/JulianFields
instanceKlass java/time/temporal/IsoFields
instanceKlass java/time/temporal/TemporalQuery
instanceKlass java/time/format/DateTimeFormatterBuilder
instanceKlass java/time/format/DateTimeFormatter
instanceKlass ch/qos/logback/core/util/CachingDateFormatter
instanceKlass ch/qos/logback/core/util/COWArrayList
instanceKlass ch/qos/logback/core/spi/FilterAttachableImpl
instanceKlass ch/qos/logback/core/Appender
instanceKlass ch/qos/logback/core/spi/FilterAttachable
instanceKlass ch/qos/logback/core/encoder/Encoder
instanceKlass ch/qos/logback/core/Layout
instanceKlass java/security/PermissionsEnumerator
instanceKlass java/io/FilePermissionCollection$1
instanceKlass java/util/PropertyPermissionCollection$1
instanceKlass sun/security/provider/PolicyFile$8
instanceKlass sun/security/provider/PolicyFile$6
instanceKlass sun/security/util/PolicyUtil
instanceKlass sun/security/provider/PolicyFile$4
instanceKlass java/net/HostPortrange
instanceKlass java/net/URLPermission$Authority
instanceKlass sun/security/provider/PolicyFile$PolicyEntry
instanceKlass java/util/Vector$1
instanceKlass sun/security/util/PropertyExpander
instanceKlass sun/security/provider/PolicyParser$PermissionEntry
instanceKlass sun/security/provider/PolicyParser$GrantEntry
instanceKlass java/io/StreamTokenizer
instanceKlass sun/security/provider/PolicyParser
instanceKlass sun/security/provider/PolicyFile$2
instanceKlass java/security/ProtectionDomain$JavaSecurityAccessImpl$1
instanceKlass jdk/internal/access/JavaSecurityAccess$ProtectionDomainCache
instanceKlass sun/security/provider/PolicyFile$PolicyInfo
instanceKlass sun/security/provider/PolicyFile$1
instanceKlass java/security/Policy$1
instanceKlass java/security/Policy$PolicyInfo
instanceKlass java/security/Policy
instanceKlass ch/qos/logback/core/util/Loader$1
instanceKlass ch/qos/logback/core/util/Loader
instanceKlass ch/qos/logback/classic/util/ContextInitializer$1
instanceKlass ch/qos/logback/core/spi/ContextAwareBase
instanceKlass ch/qos/logback/classic/util/ClassicEnvUtil
instanceKlass ch/qos/logback/core/util/OptionHelper
instanceKlass ch/qos/logback/core/status/StatusListener
instanceKlass ch/qos/logback/core/util/StatusListenerConfigHelper
instanceKlass ch/qos/logback/core/status/StatusBase
instanceKlass ch/qos/logback/core/util/EnvUtil
instanceKlass ch/qos/logback/classic/spi/Configurator
instanceKlass ch/qos/logback/core/spi/ContextAware
instanceKlass ch/qos/logback/classic/util/ContextInitializer
instanceKlass ch/qos/logback/classic/Level
instanceKlass ch/qos/logback/classic/spi/ILoggingEvent
instanceKlass ch/qos/logback/core/spi/DeferredProcessingAware
instanceKlass org/slf4j/spi/LoggingEventBuilder
instanceKlass ch/qos/logback/classic/Logger
instanceKlass ch/qos/logback/core/spi/AppenderAttachable
instanceKlass org/slf4j/spi/LoggingEventAware
instanceKlass org/slf4j/spi/LocationAwareLogger
instanceKlass ch/qos/logback/classic/spi/LoggerContextVO
instanceKlass ch/qos/logback/core/spi/LogbackLock
instanceKlass ch/qos/logback/core/helpers/CyclicBuffer
instanceKlass ch/qos/logback/core/BasicStatusManager
instanceKlass ch/qos/logback/core/status/Status
instanceKlass ch/qos/logback/core/status/StatusManager
instanceKlass ch/qos/logback/core/ContextBase
instanceKlass ch/qos/logback/core/spi/LifeCycle
instanceKlass ch/qos/logback/core/Context
instanceKlass ch/qos/logback/core/spi/PropertyContainer
instanceKlass ch/qos/logback/classic/spi/LogbackServiceProvider
instanceKlass org/slf4j/helpers/Util
instanceKlass org/slf4j/helpers/NOPMDCAdapter
instanceKlass org/slf4j/helpers/NOPLoggerFactory
instanceKlass org/slf4j/helpers/NOP_FallbackServiceProvider
instanceKlass org/slf4j/helpers/ThreadLocalMapOfStacks
instanceKlass org/slf4j/helpers/BasicMDCAdapter
instanceKlass org/slf4j/Marker
instanceKlass org/slf4j/helpers/BasicMarkerFactory
instanceKlass org/slf4j/Logger
instanceKlass org/slf4j/helpers/SubstituteLoggerFactory
instanceKlass org/slf4j/ILoggerFactory
instanceKlass org/slf4j/spi/MDCAdapter
instanceKlass org/slf4j/IMarkerFactory
instanceKlass org/slf4j/helpers/SubstituteServiceProvider
instanceKlass org/slf4j/event/LoggingEvent
instanceKlass org/slf4j/spi/SLF4JServiceProvider
instanceKlass org/slf4j/LoggerFactory
instanceKlass org/jetbrains/exposed/sql/SQLLogKt
instanceKlass org/jetbrains/exposed/sql/transactions/ThreadLocalTransactionManager$ThreadLocalTransaction
instanceKlass org/jetbrains/exposed/sql/statements/GlobalStatementInterceptor
instanceKlass org/jetbrains/exposed/sql/statements/StatementInterceptor
instanceKlass org/jetbrains/exposed/sql/Transaction$Companion
instanceKlass org/jetbrains/exposed/sql/UserDataHolder
instanceKlass org/jetbrains/exposed/sql/transactions/TransactionInterface
instanceKlass org/jetbrains/exposed/sql/vendors/FunctionProvider
instanceKlass org/jetbrains/exposed/sql/vendors/DataTypeProvider
instanceKlass kotlin/collections/MapWithDefault
instanceKlass org/jetbrains/exposed/sql/transactions/TransactionApiKt
instanceKlass org/jetbrains/exposed/sql/transactions/ThreadLocalTransactionManagerKt
instanceKlass java/util/concurrent/ConcurrentLinkedDeque$AbstractItr
instanceKlass org/jetbrains/exposed/sql/transactions/ThreadLocalTransactionManager
instanceKlass java/util/concurrent/ConcurrentLinkedDeque$Node
instanceKlass java/util/concurrent/atomic/AtomicReference
instanceKlass org/jetbrains/exposed/sql/transactions/TransactionManager$Companion
instanceKlass org/jetbrains/exposed/sql/transactions/TransactionManager
instanceKlass kotlin/UnsafeLazyImpl
instanceKlass kotlin/LazyKt__LazyJVMKt$WhenMappings
instanceKlass kotlin/collections/AbstractList$Companion
instanceKlass kotlin/collections/AbstractCollection
instanceKlass kotlin/enums/EnumEntries
instanceKlass kotlin/jvm/internal/markers/KMappedMarker
instanceKlass kotlin/enums/EnumEntriesKt
instanceKlass org/jetbrains/exposed/sql/Slf4jSqlDebugLogger
instanceKlass org/jetbrains/exposed/sql/SqlLogger
instanceKlass kotlin/Unit
instanceKlass org/jetbrains/exposed/sql/DatabaseConfig$Builder
instanceKlass org/jetbrains/exposed/sql/DatabaseConfig$Companion
instanceKlass org/jetbrains/exposed/sql/DatabaseConfig
instanceKlass java/sql/DriverInfo
instanceKlass java/sql/DriverManager
instanceKlass java/util/concurrent/LinkedBlockingQueue$Node
instanceKlass java/util/concurrent/Executors$DelegatedExecutorService
instanceKlass com/mysql/cj/jdbc/AbandonedConnectionCleanupThread
instanceKlass com/mysql/cj/jdbc/JdbcPropertySet
instanceKlass com/mysql/cj/conf/PropertySet
instanceKlass java/sql/Connection
instanceKlass java/sql/Wrapper
instanceKlass com/mysql/cj/jdbc/NonRegisteringDriver
instanceKlass java/sql/Driver
instanceKlass java/lang/Character$CharacterCache
instanceKlass kotlin/UNINITIALIZED_VALUE
instanceKlass kotlin/SynchronizedLazyImpl
instanceKlass kotlin/Lazy
instanceKlass kotlin/LazyKt__LazyJVMKt
instanceKlass kotlin/jvm/internal/Lambda
instanceKlass kotlin/jvm/internal/FunctionBase
instanceKlass kotlin/jvm/functions/Function0
instanceKlass org/jetbrains/exposed/sql/vendors/VendorDialect$DialectNameProvider
instanceKlass org/jetbrains/exposed/sql/vendors/VendorDialect
instanceKlass org/jetbrains/exposed/sql/vendors/DatabaseDialect
instanceKlass kotlin/collections/MapsKt__MapWithDefaultKt
instanceKlass kotlin/TuplesKt
instanceKlass kotlin/Pair
instanceKlass org/jetbrains/exposed/jdbc/ExposedConnectionImpl
instanceKlass kotlin/collections/CollectionsKt__CollectionsJVMKt
instanceKlass org/jetbrains/exposed/sql/DatabaseConnectionAutoRegistration
instanceKlass kotlin/jvm/functions/Function1
instanceKlass kotlin/Function
instanceKlass org/jetbrains/exposed/sql/Database$Companion
instanceKlass org/jetbrains/exposed/sql/Database
instanceKlass com/github/linguExplorer/database/DatabaseManagerKt
instanceKlass com/badlogic/gdx/utils/Array$ArrayIterator
instanceKlass com/badlogic/gdx/utils/Array$ArrayIterable
instanceKlass com/badlogic/gdx/utils/Collections
instanceKlass com/badlogic/gdx/backends/lwjgl3/Lwjgl3Window$1$1
instanceKlass com/badlogic/gdx/Graphics$BufferFormat
instanceKlass com/badlogic/gdx/backends/lwjgl3/Lwjgl3GL20
instanceKlass com/badlogic/gdx/graphics/Cursor
instanceKlass com/badlogic/gdx/graphics/GL32
instanceKlass org/lwjgl/glfw/GLFWFramebufferSizeCallbackI
instanceKlass com/badlogic/gdx/AbstractGraphics
instanceKlass com/badlogic/gdx/InputEventQueue
instanceKlass com/badlogic/gdx/utils/IntSet
instanceKlass org/lwjgl/glfw/GLFWMouseButtonCallbackI
instanceKlass org/lwjgl/glfw/GLFWCursorPosCallbackI
instanceKlass org/lwjgl/glfw/GLFWScrollCallbackI
instanceKlass org/lwjgl/glfw/GLFWCharCallbackI
instanceKlass org/lwjgl/glfw/GLFWKeyCallbackI
instanceKlass com/badlogic/gdx/AbstractInput
instanceKlass com/badlogic/gdx/graphics/glutils/GLVersion
instanceKlass org/lwjgl/opengl/GL11C
instanceKlass org/lwjgl/opengl/GL11
instanceKlass org/lwjgl/opengl/GLCapabilities
instanceKlass org/lwjgl/opengl/WGL
instanceKlass org/lwjgl/opengl/GL$2
instanceKlass org/lwjgl/opengl/GL$ICDStatic
instanceKlass org/lwjgl/opengl/GL$ICD
instanceKlass org/lwjgl/opengl/GL
instanceKlass org/lwjgl/system/Struct$StructValidation
instanceKlass org/lwjgl/system/MultiReleaseMemCopy
instanceKlass com/badlogic/gdx/graphics/g2d/Gdx2DPixmap
instanceKlass com/badlogic/gdx/utils/StreamUtils
instanceKlass sun/net/DefaultProgressMeteringPolicy
instanceKlass sun/net/ProgressMeteringPolicy
instanceKlass sun/net/ProgressMonitor
instanceKlass com/badlogic/gdx/Net$HttpResponseListener
instanceKlass com/badlogic/gdx/graphics/Pixmap
instanceKlass com/badlogic/gdx/math/GridPoint2
instanceKlass javax/management/openmbean/CompositeDataSupport
instanceKlass com/badlogic/gdx/graphics/GL31
instanceKlass com/badlogic/gdx/graphics/GL30
instanceKlass com/badlogic/gdx/graphics/GL20
instanceKlass org/lwjgl/glfw/GLFWWindowRefreshCallbackI
instanceKlass org/lwjgl/glfw/GLFWDropCallbackI
instanceKlass org/lwjgl/glfw/GLFWWindowCloseCallbackI
instanceKlass org/lwjgl/glfw/GLFWWindowMaximizeCallbackI
instanceKlass org/lwjgl/glfw/GLFWWindowIconifyCallbackI
instanceKlass org/lwjgl/glfw/GLFWWindowFocusCallbackI
instanceKlass com/badlogic/gdx/backends/lwjgl3/Lwjgl3Window
instanceKlass org/lwjgl/openal/SOFTReopenDevice
instanceKlass com/badlogic/gdx/backends/lwjgl3/Sync$RunningAvg
instanceKlass org/lwjgl/system/MultiReleaseTextDecoding
instanceKlass com/badlogic/gdx/backends/lwjgl3/Sync
instanceKlass com/badlogic/gdx/backends/lwjgl3/Lwjgl3Clipboard
instanceKlass com/badlogic/gdx/net/NetJavaImpl$1
instanceKlass com/badlogic/gdx/net/NetJavaImpl
instanceKlass com/badlogic/gdx/net/ServerSocket
instanceKlass com/badlogic/gdx/net/Socket
instanceKlass com/badlogic/gdx/backends/lwjgl3/Lwjgl3Net
instanceKlass org/lwjgl/openal/ALUtil
instanceKlass com/badlogic/gdx/backends/lwjgl3/Lwjgl3Files
instanceKlass com/badlogic/gdx/backends/lwjgl3/audio/OpenALLwjgl3Audio$1
instanceKlass com/badlogic/gdx/utils/IntMap
instanceKlass com/badlogic/gdx/utils/LongMap
instanceKlass org/lwjgl/system/libc/LibCString
instanceKlass com/badlogic/gdx/utils/IntArray
instanceKlass org/lwjgl/openal/AL$ICDStatic$WriteOnce
instanceKlass org/lwjgl/openal/AL10
instanceKlass org/lwjgl/openal/EXTThreadLocalContext
instanceKlass org/lwjgl/openal/ALCapabilities
instanceKlass org/lwjgl/system/APIUtil$APIVersion
instanceKlass org/lwjgl/openal/ALC$ICDStatic$WriteOnce
instanceKlass org/lwjgl/openal/ALC$ICDStatic
instanceKlass org/lwjgl/openal/AL$ICDStatic
instanceKlass org/lwjgl/openal/AL$ICD
instanceKlass org/lwjgl/openal/AL
instanceKlass org/lwjgl/openal/ALCCapabilities
instanceKlass org/lwjgl/system/MathUtil
instanceKlass org/lwjgl/system/SharedLibrary$Delegate
instanceKlass org/lwjgl/openal/ALC$1
instanceKlass org/lwjgl/openal/ALC$ICD
instanceKlass org/lwjgl/system/FunctionProviderLocal
instanceKlass org/lwjgl/openal/ALC
instanceKlass org/lwjgl/openal/ALC10
instanceKlass com/badlogic/gdx/backends/lwjgl3/audio/OpenALSound
instanceKlass com/badlogic/gdx/utils/reflect/ArrayReflection
instanceKlass com/badlogic/gdx/backends/lwjgl3/audio/OpenALMusic
instanceKlass com/badlogic/gdx/audio/AudioRecorder
instanceKlass com/badlogic/gdx/audio/AudioDevice
instanceKlass com/badlogic/gdx/audio/Sound
instanceKlass com/badlogic/gdx/audio/Music
instanceKlass com/badlogic/gdx/backends/lwjgl3/audio/OpenALLwjgl3Audio
instanceKlass com/badlogic/gdx/Gdx
instanceKlass com/badlogic/gdx/backends/lwjgl3/Lwjgl3ApplicationLogger
instanceKlass org/lwjgl/glfw/EventLoop
instanceKlass org/lwjgl/glfw/GLFW$Functions
instanceKlass org/lwjgl/glfw/GLFW
instanceKlass java/util/function/BiPredicate
instanceKlass org/lwjgl/system/jemalloc/JEmalloc$Functions
instanceKlass org/lwjgl/system/JNI
instanceKlass org/lwjgl/system/ThreadLocalUtil
instanceKlass org/lwjgl/system/windows/WinBase
instanceKlass org/lwjgl/system/APIUtil$1
instanceKlass sun/reflect/misc/Trampoline
instanceKlass sun/reflect/misc/MethodUtil$1
instanceKlass javax/management/remote/rmi/RMIConnectionImpl$PrivilegedOperation
instanceKlass java/util/stream/IntStream
instanceKlass sun/rmi/transport/DGCAckHandler$1
instanceKlass sun/rmi/transport/DGCAckHandler
instanceKlass javax/management/remote/NotificationResult
instanceKlass javax/security/auth/Subject
instanceKlass java/rmi/MarshalledObject
instanceKlass com/sun/jmx/remote/internal/ServerCommunicatorAdmin$Timeout
instanceKlass com/sun/jmx/remote/internal/ServerCommunicatorAdmin
instanceKlass javax/management/remote/rmi/RMIConnectionImpl$3
instanceKlass javax/management/remote/rmi/RMIConnectionImpl$2
instanceKlass javax/management/remote/rmi/RMIConnectionImpl$1
instanceKlass com/sun/jmx/remote/security/SubjectDelegator
instanceKlass javax/management/remote/rmi/RMIConnectionImpl
instanceKlass java/rmi/server/Unreferenced
instanceKlass jdk/internal/misc/ScopedMemoryAccess$Scope
instanceKlass java/io/ObjectStreamClass$5
instanceKlass java/io/ObjectStreamClass$4
instanceKlass java/io/ObjectStreamClass$3
instanceKlass java/io/ObjectStreamClass$MemberSignature
instanceKlass java/io/ObjectStreamClass$1
instanceKlass java/util/concurrent/locks/AbstractQueuedSynchronizer$Node
instanceKlass java/util/concurrent/TimeUnit$1
instanceKlass sun/rmi/server/MarshalOutputStream$1
instanceKlass sun/rmi/transport/SequenceEntry
instanceKlass java/util/concurrent/Executors$RunnableAdapter
instanceKlass java/util/concurrent/Executors
instanceKlass java/util/concurrent/FutureTask$WaitNode
instanceKlass java/util/concurrent/FutureTask
instanceKlass sun/rmi/transport/DGCImpl$1
instanceKlass sun/rmi/transport/DGCImpl$LeaseInfo
instanceKlass java/rmi/dgc/VMID
instanceKlass java/rmi/dgc/Lease
instanceKlass java/io/ObjectInputStream$GetField
instanceKlass java/io/ObjectStreamClass$ExceptionInfo
instanceKlass java/io/ObjectInputStream$Logging
instanceKlass java/io/ObjectInputStream$FilterValues
instanceKlass sun/rmi/server/LoaderHandler
instanceKlass java/rmi/server/RMIClassLoader$1
instanceKlass java/rmi/server/RMIClassLoaderSpi
instanceKlass java/rmi/server/RMIClassLoader
instanceKlass sun/rmi/transport/Transport$1
instanceKlass java/io/ObjectInputStream$ValidationList
instanceKlass java/io/ObjectInputStream$HandleTable$HandleList
instanceKlass java/io/ObjectInputStream$HandleTable
instanceKlass java/rmi/registry/Registry
instanceKlass jdk/internal/access/JavaObjectInputStreamReadString
instanceKlass jdk/internal/access/JavaObjectInputStreamAccess
instanceKlass sun/rmi/transport/StreamRemoteCall
instanceKlass java/rmi/server/RemoteCall
instanceKlass org/lwjgl/system/jemalloc/JEmalloc
instanceKlass org/lwjgl/system/jemalloc/JEmallocAllocator
instanceKlass org/lwjgl/system/MemoryManage
instanceKlass org/lwjgl/system/MemoryUtil$MemoryAllocator
instanceKlass org/lwjgl/system/MemoryUtil$LazyInit
instanceKlass org/lwjgl/system/Callback$1
instanceKlass org/lwjgl/system/CheckIntrinsics
instanceKlass sun/rmi/transport/tcp/TCPConnection
instanceKlass sun/rmi/transport/Connection
instanceKlass sun/rmi/transport/tcp/TCPChannel
instanceKlass sun/rmi/transport/Channel
instanceKlass org/lwjgl/system/Struct$Member
instanceKlass sun/nio/ch/ExtendedSocketOption$1
instanceKlass sun/nio/ch/ExtendedSocketOption
instanceKlass sun/nio/ch/OptionKey
instanceKlass sun/nio/ch/SocketOptionRegistry$LazyInitialization
instanceKlass sun/nio/ch/SocketOptionRegistry$RegistryKey
instanceKlass sun/nio/ch/SocketOptionRegistry
instanceKlass java/net/StandardSocketOptions$StdSocketOption
instanceKlass java/net/StandardSocketOptions
instanceKlass org/lwjgl/system/libffi/LibFFI
instanceKlass org/lwjgl/BufferUtils
instanceKlass sun/rmi/transport/tcp/TCPTransport$ConnectionHandler
instanceKlass org/lwjgl/system/MemoryAccessJNI
instanceKlass jdk/internal/access/foreign/MemorySegmentProxy
instanceKlass java/util/function/LongPredicate
instanceKlass org/lwjgl/system/jni/JNINativeInterface
instanceKlass sun/misc/Unsafe
instanceKlass java/util/regex/ASCII
instanceKlass org/lwjgl/system/SharedLibrary
instanceKlass org/lwjgl/system/FunctionProvider
instanceKlass org/lwjgl/system/APIUtil
instanceKlass java/util/regex/IntHashSet
instanceKlass java/util/regex/Matcher
instanceKlass java/util/regex/MatchResult
instanceKlass sun/nio/ch/FileKey
instanceKlass sun/nio/ch/FileLockTable
instanceKlass java/nio/channels/FileLock
instanceKlass sun/nio/ch/IOStatus
instanceKlass sun/management/counter/Units
instanceKlass jdk/internal/agent/ConnectorAddressLink
instanceKlass java/nio/channels/Channels
instanceKlass java/io/SerialCallbackContext
instanceKlass java/io/ObjectStreamClass$ClassDataSlot
instanceKlass sun/nio/fs/WindowsChannelFactory$2
instanceKlass sun/nio/fs/WindowsSecurityDescriptor
instanceKlass java/io/ObjectStreamClass$FieldReflector
instanceKlass java/io/ObjectStreamClass$FieldReflectorKey
instanceKlass java/io/ObjectInput
instanceKlass java/nio/file/FileStore
instanceKlass sun/nio/fs/WindowsSecurity
instanceKlass sun/nio/fs/AbstractAclFileAttributeView
instanceKlass java/nio/file/attribute/AclFileAttributeView
instanceKlass java/nio/file/attribute/FileOwnerAttributeView
instanceKlass java/io/ObjectStreamClass$2
instanceKlass sun/nio/fs/WindowsLinkSupport
instanceKlass sun/nio/fs/WindowsFileSystemProvider$1
instanceKlass java/io/ClassCache
instanceKlass java/io/ObjectStreamClass$Caches
instanceKlass sun/nio/ch/FileChannelImpl$Closer
instanceKlass java/io/ObjectStreamClass
instanceKlass sun/nio/ch/NativeThreadSet
instanceKlass java/io/Bits
instanceKlass java/io/ObjectOutputStream$ReplaceTable
instanceKlass java/io/ObjectOutputStream$HandleTable
instanceKlass java/io/ObjectStreamConstants
instanceKlass java/io/ObjectOutput
instanceKlass sun/rmi/server/UnicastServerRef$HashToMethod_Maps$1
instanceKlass sun/rmi/server/WeakClassHashMap$ValueCell
instanceKlass sun/rmi/transport/tcp/TCPTransport$AcceptLoop
instanceKlass sun/rmi/runtime/NewThreadAction$2
instanceKlass sun/rmi/runtime/NewThreadAction$1
instanceKlass sun/rmi/runtime/NewThreadAction
instanceKlass java/util/LinkedList$ListItr
instanceKlass java/net/Inet4AddressImpl
instanceKlass java/net/ServerSocket
instanceKlass sun/rmi/transport/ObjectEndpoint
instanceKlass sun/rmi/transport/DGCImpl$2$1
instanceKlass java/net/SocketPermissionCollection$1
instanceKlass sun/rmi/transport/DGCImpl_Skel
instanceKlass java/rmi/server/Skeleton
instanceKlass java/rmi/server/Operation
instanceKlass java/io/ObjectInputFilter$FilterInfo
instanceKlass sun/rmi/transport/DGCImpl$2
instanceKlass java/util/concurrent/RunnableScheduledFuture
instanceKlass java/util/concurrent/ScheduledFuture
instanceKlass java/util/concurrent/Delayed
instanceKlass java/util/concurrent/RunnableFuture
instanceKlass java/util/concurrent/Future
instanceKlass sun/rmi/runtime/RuntimeUtil$1
instanceKlass java/util/concurrent/ScheduledExecutorService
instanceKlass sun/rmi/runtime/RuntimeUtil
instanceKlass sun/rmi/runtime/RuntimeUtil$GetInstanceAction
instanceKlass sun/rmi/transport/DGCImpl
instanceKlass java/rmi/dgc/DGC
instanceKlass sun/rmi/transport/ObjectTable
instanceKlass sun/rmi/transport/Target
instanceKlass javax/management/remote/rmi/RMIConnection
instanceKlass java/rmi/server/RemoteObject
instanceKlass java/rmi/server/RMISocketFactory
instanceKlass java/rmi/server/RMIClientSocketFactory
instanceKlass java/util/concurrent/locks/AbstractQueuedSynchronizer$ConditionObject
instanceKlass java/util/concurrent/locks/Condition
instanceKlass sun/rmi/transport/tcp/TCPTransport$1
instanceKlass java/util/concurrent/SynchronousQueue$TransferStack$SNode
instanceKlass java/util/concurrent/ForkJoinPool$ManagedBlocker
instanceKlass java/util/concurrent/SynchronousQueue$Transferer
instanceKlass java/util/concurrent/BlockingQueue
instanceKlass java/util/concurrent/ThreadPoolExecutor$AbortPolicy
instanceKlass java/util/concurrent/RejectedExecutionHandler
instanceKlass java/util/concurrent/AbstractExecutorService
instanceKlass java/util/concurrent/ExecutorService
instanceKlass sun/rmi/transport/Transport
instanceKlass java/net/InetAddress$CachedLocalHost
instanceKlass sun/rmi/transport/tcp/TCPEndpoint
instanceKlass sun/rmi/transport/Endpoint
instanceKlass sun/security/provider/AbstractDrbg$NonceProvider
instanceKlass sun/nio/fs/BasicFileAttributesHolder
instanceKlass sun/nio/fs/WindowsDirectoryStream$WindowsDirectoryIterator
instanceKlass sun/nio/fs/WindowsDirectoryStream
instanceKlass java/nio/file/DirectoryStream
instanceKlass java/nio/file/Files$AcceptAllFilter
instanceKlass java/nio/file/DirectoryStream$Filter
instanceKlass java/net/NetworkInterface$1
instanceKlass sun/nio/fs/WindowsChannelFactory$Flags
instanceKlass sun/nio/fs/WindowsChannelFactory$1
instanceKlass sun/nio/fs/WindowsChannelFactory
instanceKlass sun/nio/fs/WindowsPath$1
instanceKlass org/lwjgl/VersionImpl
instanceKlass org/lwjgl/Version
instanceKlass org/lwjgl/system/SharedLibraryLoader
instanceKlass java/net/DefaultInterface
instanceKlass java/net/InterfaceAddress
instanceKlass java/net/NetworkInterface
instanceKlass java/lang/invoke/MethodHandleImpl$ArrayAccessor
instanceKlass java/lang/invoke/MethodHandleImpl$2
instanceKlass java/lang/invoke/MethodHandleImpl$LoopClauses
instanceKlass java/lang/invoke/MethodHandleImpl$CasesHolder
instanceKlass java/lang/invoke/MethodHandleImpl$BindCaller
instanceKlass org/lwjgl/system/Checks
instanceKlass java/lang/constant/DynamicConstantDesc
instanceKlass java/lang/constant/DirectMethodHandleDesc$1
instanceKlass java/lang/constant/DirectMethodHandleDescImpl$1
instanceKlass java/lang/constant/DirectMethodHandleDescImpl
instanceKlass java/lang/constant/DirectMethodHandleDesc
instanceKlass java/lang/constant/MethodHandleDesc$1
instanceKlass java/lang/constant/MethodHandleDesc
instanceKlass java/lang/constant/MethodTypeDescImpl
instanceKlass java/lang/constant/MethodTypeDesc
instanceKlass java/lang/constant/ReferenceClassDescImpl
instanceKlass java/lang/constant/ConstantUtils
instanceKlass java/lang/constant/ClassDesc
instanceKlass java/lang/constant/ConstantDescs
instanceKlass java/lang/invoke/VarHandle$2
instanceKlass java/lang/invoke/VarHandle$TypesAndInvokers
instanceKlass java/lang/invoke/VarHandleByteArrayBase
instanceKlass sun/security/provider/ByteArrayAccess$BE
instanceKlass sun/security/provider/ByteArrayAccess
instanceKlass sun/security/provider/SeedGenerator$1
instanceKlass sun/security/util/MessageDigestSpi2
instanceKlass sun/security/jca/GetInstance$Instance
instanceKlass sun/security/jca/GetInstance
instanceKlass org/lwjgl/system/Library
instanceKlass java/security/MessageDigestSpi
instanceKlass sun/security/provider/SeedGenerator
instanceKlass org/lwjgl/system/MemoryUtil
instanceKlass sun/security/provider/AbstractDrbg$SeederHolder
instanceKlass java/security/DrbgParameters$NextBytes
instanceKlass sun/security/provider/EntropySource
instanceKlass sun/security/provider/AbstractDrbg
instanceKlass java/security/DrbgParameters$Instantiation
instanceKlass java/security/DrbgParameters
instanceKlass sun/security/provider/MoreDrbgParameters
instanceKlass java/security/SecureRandomSpi
instanceKlass java/security/SecureRandomParameters
instanceKlass jdk/internal/event/Event
instanceKlass org/lwjgl/system/Pointer$Default
instanceKlass sun/security/util/SecurityProviderConstants
instanceKlass java/security/Provider$UString
instanceKlass java/security/Provider$Service
instanceKlass sun/security/provider/NativePRNG$NonBlocking
instanceKlass sun/security/provider/NativePRNG$Blocking
instanceKlass sun/security/provider/NativePRNG
instanceKlass sun/security/provider/SunEntries$1
instanceKlass sun/security/provider/SunEntries
instanceKlass org/lwjgl/system/Configuration$StateInit
instanceKlass java/util/AbstractList$Itr
instanceKlass sun/security/jca/ProviderList$2
instanceKlass jdk/internal/math/FloatingDecimal$ASCIIToBinaryBuffer
instanceKlass jdk/internal/math/FloatingDecimal$PreparedASCIIToBinaryBuffer
instanceKlass jdk/internal/math/FloatingDecimal$ASCIIToBinaryConverter
instanceKlass jdk/internal/math/FloatingDecimal$BinaryToASCIIBuffer
instanceKlass jdk/internal/math/FloatingDecimal$ExceptionalBinaryToASCIIBuffer
instanceKlass jdk/internal/math/FloatingDecimal$BinaryToASCIIConverter
instanceKlass jdk/internal/math/FloatingDecimal
instanceKlass org/lwjgl/system/Configuration
instanceKlass java/security/Provider$EngineDescription
instanceKlass java/security/Provider$ServiceKey
instanceKlass sun/security/jca/ProviderConfig
instanceKlass sun/security/jca/ProviderList
instanceKlass sun/security/jca/Providers
instanceKlass java/rmi/server/UID
instanceKlass java/rmi/server/ObjID
instanceKlass org/lwjgl/system/Callback$ClosureRegistry
instanceKlass sun/rmi/transport/LiveRef
instanceKlass sun/rmi/server/WeakClassHashMap
instanceKlass org/lwjgl/system/Callback
instanceKlass org/lwjgl/system/NativeResource
instanceKlass java/util/logging/StreamHandler$1
instanceKlass java/util/logging/Handler$1
instanceKlass java/util/logging/ErrorManager
instanceKlass jdk/internal/logger/SimpleConsoleLogger$Formatting
instanceKlass java/util/logging/Formatter
instanceKlass sun/rmi/runtime/Log$LoggerLog$1
instanceKlass java/util/logging/Logger$SystemLoggerHelper$1
instanceKlass java/util/logging/Logger$SystemLoggerHelper
instanceKlass sun/rmi/runtime/Log$LoggerLogFactory
instanceKlass sun/rmi/runtime/Log$LogFactory
instanceKlass sun/rmi/runtime/Log
instanceKlass sun/rmi/server/Util
instanceKlass sun/rmi/server/UnicastRef
instanceKlass sun/rmi/server/Dispatcher
instanceKlass java/rmi/server/ServerRef
instanceKlass java/rmi/server/RemoteRef
instanceKlass java/io/ObjectInputFilter$Config$Global
instanceKlass jdk/internal/access/JavaObjectInputFilterAccess
instanceKlass java/io/ObjectInputFilter$Config$BuiltinFilterFactory
instanceKlass java/io/ObjectInputFilter
instanceKlass java/util/concurrent/atomic/AtomicBoolean
instanceKlass java/io/ObjectInputFilter$Config
instanceKlass javax/management/remote/rmi/RMIServerImpl
instanceKlass javax/management/remote/rmi/RMIServer
instanceKlass java/rmi/Remote
instanceKlass com/sun/jmx/remote/protocol/rmi/ServerProvider
instanceKlass javax/management/remote/JMXConnectorFactory$ProviderFinder
instanceKlass java/util/ServiceLoader$ProviderSpliterator
instanceKlass javax/management/remote/JMXConnectorProvider
instanceKlass javax/management/remote/JMXAddressable
instanceKlass javax/management/remote/JMXConnectorServerMBean
instanceKlass javax/management/remote/JMXConnectorFactory$ConnectorFactory
instanceKlass javax/management/remote/JMXConnectorFactory$1
instanceKlass javax/management/remote/JMXConnectorFactory
instanceKlass javax/management/remote/JMXConnectorServerProvider
instanceKlass com/sun/jmx/remote/util/EnvHelp
instanceKlass javax/management/remote/JMXConnectorServerFactory
instanceKlass sun/management/jmxremote/LocalRMIServerSocketFactory
instanceKlass java/rmi/server/RMIServerSocketFactory
instanceKlass java/util/BitSet
instanceKlass javax/management/remote/JMXServiceURL
instanceKlass jdk/management/jfr/FlightRecorderMXBeanImpl$MXBeanListener
instanceKlass jdk/jfr/FlightRecorderListener
instanceKlass jdk/jfr/FlightRecorder
instanceKlass jdk/jfr/Recording
instanceKlass javax/management/NotificationFilter
instanceKlass javax/management/NotificationListener
instanceKlass java/util/EventListener
instanceKlass javax/management/StandardMBean$MBeanInfoSafeAction
instanceKlass jdk/jfr/internal/management/StreamManager
instanceKlass jdk/management/jfr/EventTypeInfo
instanceKlass jdk/management/jfr/ConfigurationInfo
instanceKlass jdk/management/jfr/RecordingInfo
instanceKlass sun/reflect/generics/tree/VoidDescriptor
instanceKlass sun/reflect/generics/tree/LongSignature
instanceKlass jdk/management/jfr/SettingDescriptorInfo$1
instanceKlass jdk/management/jfr/SettingDescriptorInfo
instanceKlass sun/management/ManagementFactoryHelper$1
instanceKlass java/lang/management/BufferPoolMXBean
instanceKlass sun/nio/ch/FileChannelImpl$2
instanceKlass sun/nio/ch/FileChannelImpl$1
instanceKlass java/nio/file/attribute/FileAttribute
instanceKlass java/nio/channels/spi/AbstractInterruptibleChannel
instanceKlass java/nio/channels/InterruptibleChannel
instanceKlass java/nio/channels/ScatteringByteChannel
instanceKlass java/nio/channels/GatheringByteChannel
instanceKlass java/nio/channels/SeekableByteChannel
instanceKlass java/nio/channels/ByteChannel
instanceKlass java/nio/channels/WritableByteChannel
instanceKlass java/nio/channels/ReadableByteChannel
instanceKlass java/nio/channels/Channel
instanceKlass jdk/internal/misc/VM$BufferPoolsHolder
instanceKlass com/sun/management/VMOption
instanceKlass com/sun/management/internal/HotSpotDiagnostic
instanceKlass com/sun/management/HotSpotDiagnosticMXBean
instanceKlass com/sun/management/GcInfo
instanceKlass javax/management/openmbean/CompositeDataView
instanceKlass jdk/internal/reflect/ClassDefiner$1
instanceKlass jdk/internal/reflect/ClassDefiner
instanceKlass jdk/internal/reflect/MethodAccessorGenerator$1
instanceKlass sun/net/www/MessageHeader
instanceKlass jdk/internal/reflect/Label$PatchInfo
instanceKlass jdk/internal/reflect/Label
instanceKlass sun/net/www/protocol/jar/JarFileFactory
instanceKlass sun/net/www/protocol/jar/URLJarFile$URLJarFileCloseController
instanceKlass jdk/internal/reflect/UTF8
instanceKlass jdk/internal/reflect/ClassFileAssembler
instanceKlass java/net/URLConnection
instanceKlass jdk/internal/reflect/ByteVectorImpl
instanceKlass jdk/internal/reflect/ByteVector
instanceKlass jdk/internal/reflect/ByteVectorFactory
instanceKlass jdk/internal/reflect/AccessorGenerator
instanceKlass jdk/internal/reflect/ClassFileConstants
instanceKlass com/badlogic/gdx/utils/GdxNativesLoader
instanceKlass com/badlogic/gdx/backends/lwjgl3/Lwjgl3NativesLoader
instanceKlass com/badlogic/gdx/utils/SharedLibraryLoader
instanceKlass com/badlogic/gdx/utils/Array
instanceKlass java/util/stream/AbstractSpinedBuffer
instanceKlass java/util/stream/Node$Builder
instanceKlass java/util/stream/Node$OfDouble
instanceKlass java/util/stream/Node$OfLong
instanceKlass java/util/stream/Node$OfInt
instanceKlass java/util/stream/Node$OfPrimitive
instanceKlass java/util/stream/Nodes$EmptyNode
instanceKlass java/util/stream/Node
instanceKlass com/badlogic/gdx/Files
instanceKlass java/util/stream/Nodes
instanceKlass com/badlogic/gdx/backends/lwjgl3/Lwjgl3Input
instanceKlass com/badlogic/gdx/utils/Clipboard
instanceKlass java/util/function/IntFunction
instanceKlass com/badlogic/gdx/Input
instanceKlass java/lang/StringLatin1$LinesSpliterator
instanceKlass java/util/Formattable
instanceKlass java/util/Formatter$Flags
instanceKlass java/util/Formatter$FormatSpecifier
instanceKlass java/util/Formatter$Conversion
instanceKlass java/util/Formatter$FixedString
instanceKlass com/badlogic/gdx/Preferences
instanceKlass java/util/Formatter$FormatString
instanceKlass java/util/regex/Pattern$TreeInfo
instanceKlass java/util/regex/Pattern$BitClass
instanceKlass com/badlogic/gdx/files/FileHandle
instanceKlass java/util/regex/CharPredicates
instanceKlass java/util/regex/Pattern$BmpCharPredicate
instanceKlass java/util/regex/Pattern$CharPredicate
instanceKlass java/util/regex/Pattern$Node
instanceKlass java/util/regex/Pattern
instanceKlass java/util/Formatter
instanceKlass com/sun/management/internal/DiagnosticCommandImpl$Wrapper
instanceKlass com/badlogic/gdx/Graphics
instanceKlass org/lwjgl/glfw/GLFWErrorCallbackI
instanceKlass org/lwjgl/system/CallbackI
instanceKlass org/lwjgl/system/Pointer
instanceKlass jdk/jfr/internal/dcmd/AbstractDCmd
instanceKlass com/sun/management/internal/DiagnosticCommandArgumentInfo
instanceKlass com/sun/management/internal/DiagnosticCommandInfo
instanceKlass jdk/internal/loader/URLClassPath$JarLoader$3
instanceKlass com/sun/management/internal/DiagnosticCommandImpl$OperationInfoComparator
instanceKlass sun/management/ClassLoadingImpl
instanceKlass java/lang/management/ClassLoadingMXBean
instanceKlass com/badlogic/gdx/Net
instanceKlass com/badlogic/gdx/backends/lwjgl3/audio/Lwjgl3Audio
instanceKlass com/badlogic/gdx/Audio
instanceKlass javax/management/MBeanInfo$ArrayGettersSafeAction
instanceKlass javax/management/openmbean/OpenMBeanOperationInfo
instanceKlass com/badlogic/gdx/ApplicationLogger
instanceKlass com/badlogic/gdx/backends/lwjgl3/Lwjgl3Application
instanceKlass java/util/logging/LogManager$4
instanceKlass jdk/internal/logger/BootstrapLogger$BootstrapExecutors
instanceKlass com/badlogic/gdx/backends/lwjgl3/Lwjgl3ApplicationBase
instanceKlass com/badlogic/gdx/Application
instanceKlass sun/security/util/SecurityConstants
instanceKlass jdk/internal/logger/LoggerFinderLoader
instanceKlass java/util/stream/Streams
instanceKlass java/util/stream/Stream$Builder
instanceKlass java/util/stream/Streams$AbstractStreamBuilderImpl
instanceKlass java/util/Hashtable$Enumerator
instanceKlass java/util/Collections$3
instanceKlass java/util/logging/LogManager$LoggerContext$1
instanceKlass java/util/logging/LogManager$VisitedLoggers
instanceKlass java/util/logging/Logger$ConfigurationData
instanceKlass java/util/logging/Logger$LoggerBundle
instanceKlass java/util/logging/Handler
instanceKlass java/util/logging/LogManager$2
instanceKlass java/util/logging/Logging
instanceKlass java/util/logging/LogManager$LoggingProviderAccess
instanceKlass java/lang/Shutdown$Lock
instanceKlass java/lang/Shutdown
instanceKlass java/lang/ApplicationShutdownHooks$1
instanceKlass java/lang/ApplicationShutdownHooks
instanceKlass java/util/Collections$SynchronizedMap
instanceKlass java/util/logging/LogManager$LogNode
instanceKlass java/util/logging/LogManager$LoggerContext
instanceKlass java/util/logging/LogManager$1
instanceKlass java/util/logging/Level
instanceKlass java/util/logging/LoggingMXBean
instanceKlass java/util/logging/Logger
instanceKlass sun/management/ManagementFactoryHelper$PlatformLoggingImpl
instanceKlass java/lang/management/PlatformLoggingMXBean
instanceKlass com/badlogic/gdx/utils/NumberUtils
instanceKlass com/badlogic/gdx/graphics/Color
instanceKlass sun/management/CompilationImpl
instanceKlass java/lang/management/CompilationMXBean
instanceKlass sun/management/VMManagementImpl$1
instanceKlass com/badlogic/gdx/Graphics$DisplayMode
instanceKlass com/badlogic/gdx/Graphics$Monitor
instanceKlass java/lang/management/MemoryUsage
instanceKlass com/badlogic/gdx/backends/lwjgl3/Lwjgl3WindowConfiguration
instanceKlass sun/management/Sensor
instanceKlass sun/management/MemoryPoolImpl
instanceKlass java/lang/management/MemoryPoolMXBean
instanceKlass ktx/app/GameKt$emptyScreen$1
instanceKlass ktx/app/KtxScreen
instanceKlass com/badlogic/gdx/Screen
instanceKlass java/lang/invoke/LambdaFormEditor$1
instanceKlass ktx/app/GameKt
instanceKlass com/badlogic/gdx/math/MathUtils
instanceKlass java/lang/StrictMath
instanceKlass com/badlogic/gdx/utils/ObjectSet
instanceKlass com/badlogic/gdx/utils/ObjectMap
instanceKlass sun/management/Util
instanceKlass com/github/linguExplorer/linguExplorer$Companion
instanceKlass java/util/ArrayList$ArrayListSpliterator
instanceKlass com/sun/management/GarbageCollectorMXBean
instanceKlass java/lang/management/GarbageCollectorMXBean
instanceKlass java/lang/management/MemoryManagerMXBean
instanceKlass java/lang/management/MemoryMXBean
instanceKlass javax/management/DescriptorKey
instanceKlass java/lang/annotation/Target
instanceKlass java/lang/reflect/Proxy$ProxyBuilder$1
instanceKlass jdk/internal/org/objectweb/asm/Edge
instanceKlass java/lang/reflect/ProxyGenerator$PrimitiveTypeInfo
instanceKlass java/util/StringJoiner
instanceKlass java/lang/reflect/ProxyGenerator$ProxyMethod
instanceKlass ktx/app/KtxGame
instanceKlass jdk/internal/module/Checks
instanceKlass java/lang/module/ModuleDescriptor$Builder
instanceKlass ktx/app/KtxApplicationAdapter
instanceKlass com/badlogic/gdx/utils/Disposable
instanceKlass java/lang/reflect/Proxy$ProxyBuilder
instanceKlass com/badlogic/gdx/ApplicationListener
instanceKlass java/lang/reflect/Proxy
instanceKlass sun/reflect/annotation/AnnotationInvocationHandler
instanceKlass java/lang/reflect/InvocationHandler
instanceKlass sun/reflect/annotation/AnnotationParser$1
instanceKlass java/lang/annotation/Documented
instanceKlass java/lang/annotation/Inherited
instanceKlass java/lang/annotation/Retention
instanceKlass sun/reflect/annotation/ExceptionProxy
instanceKlass sun/reflect/annotation/AnnotationType$1
instanceKlass sun/reflect/annotation/AnnotationType
instanceKlass java/lang/Deprecated
instanceKlass sun/management/BaseOperatingSystemImpl
instanceKlass com/sun/management/OperatingSystemMXBean
instanceKlass java/lang/management/OperatingSystemMXBean
instanceKlass com/sun/jmx/mbeanserver/PerInterface$MethodAndSig
instanceKlass java/lang/ProcessEnvironment$CheckedEntry
instanceKlass java/lang/ProcessEnvironment$CheckedEntrySet$1
instanceKlass java/lang/ProcessEnvironment$EntryComparator
instanceKlass java/lang/ProcessEnvironment$NameComparator
instanceKlass java/lang/management/LockInfo
instanceKlass kotlin/text/StringsKt__AppendableKt
instanceKlass java/lang/management/ThreadInfo
instanceKlass sun/management/ThreadImpl
instanceKlass com/sun/management/ThreadMXBean
instanceKlass java/lang/management/ThreadMXBean
instanceKlass com/sun/jmx/mbeanserver/WeakIdentityHashMap
instanceKlass com/sun/jmx/mbeanserver/MXBeanLookup
instanceKlass com/sun/jmx/mbeanserver/PerInterface$InitMaps
instanceKlass com/sun/jmx/mbeanserver/PerInterface
instanceKlass javax/management/openmbean/OpenMBeanAttributeInfo
instanceKlass javax/management/openmbean/OpenMBeanParameterInfo
instanceKlass com/sun/jmx/mbeanserver/MBeanIntrospector$MBeanInfoMaker
instanceKlass com/sun/jmx/mbeanserver/MBeanAnalyzer$MBeanVisitor
instanceKlass java/lang/invoke/MethodHandles$1
instanceKlass java/lang/Long$LongCache
instanceKlass java/lang/reflect/GenericArrayType
instanceKlass sun/reflect/generics/reflectiveObjects/LazyReflectiveObjectGenerator
instanceKlass sun/reflect/generics/tree/TypeVariableSignature
instanceKlass sun/reflect/generics/tree/ClassSignature
instanceKlass sun/reflect/generics/reflectiveObjects/ParameterizedTypeImpl
instanceKlass java/lang/reflect/ParameterizedType
instanceKlass sun/reflect/generics/visitor/Reifier
instanceKlass sun/reflect/generics/visitor/TypeTreeVisitor
instanceKlass sun/reflect/generics/tree/MethodTypeSignature
instanceKlass sun/reflect/generics/tree/Signature
instanceKlass sun/reflect/generics/tree/ClassTypeSignature
instanceKlass sun/reflect/generics/tree/SimpleClassTypeSignature
instanceKlass sun/reflect/generics/tree/FieldTypeSignature
instanceKlass sun/reflect/generics/tree/TypeArgument
instanceKlass sun/reflect/generics/tree/BaseType
instanceKlass sun/reflect/generics/tree/TypeSignature
instanceKlass sun/reflect/generics/tree/ReturnType
instanceKlass sun/reflect/generics/tree/FormalTypeParameter
instanceKlass sun/reflect/generics/tree/TypeTree
instanceKlass sun/reflect/generics/tree/Tree
instanceKlass sun/reflect/generics/parser/SignatureParser
instanceKlass java/lang/reflect/TypeVariable
instanceKlass sun/reflect/generics/repository/AbstractRepository
instanceKlass sun/reflect/generics/factory/CoreReflectionFactory
instanceKlass sun/reflect/generics/factory/GenericsFactory
instanceKlass sun/reflect/generics/scope/AbstractScope
instanceKlass sun/reflect/generics/scope/Scope
instanceKlass com/sun/jmx/mbeanserver/MBeanAnalyzer$AttrMethods
instanceKlass kotlin/jvm/internal/Intrinsics
instanceKlass jdk/internal/reflect/UnsafeFieldAccessorFactory
instanceKlass com/sun/jmx/mbeanserver/MXBeanMapping
instanceKlass javax/management/openmbean/TabularData
instanceKlass javax/management/openmbean/CompositeData
instanceKlass javax/management/openmbean/OpenType
instanceKlass com/github/linguExplorer/lwjgl3/StartupHelper$Companion
instanceKlass com/sun/jmx/mbeanserver/MXBeanMappingFactory
instanceKlass com/sun/jmx/mbeanserver/ConvertingMethod
instanceKlass java/util/TimSort
instanceKlass com/sun/jmx/mbeanserver/MBeanAnalyzer$MethodOrder
instanceKlass java/util/LinkedHashMap$LinkedHashIterator
instanceKlass java/lang/PublicMethods
instanceKlass com/sun/jmx/mbeanserver/MBeanAnalyzer
instanceKlass com/sun/jmx/mbeanserver/MBeanIntrospector
instanceKlass sun/reflect/misc/ReflectUtil
instanceKlass java/lang/Class$AnnotationData
instanceKlass javax/management/MXBean
instanceKlass com/sun/jmx/mbeanserver/MBeanSupport
instanceKlass com/sun/jmx/mbeanserver/DescriptorCache
instanceKlass javax/management/JMX
instanceKlass javax/management/StandardMBean
instanceKlass java/util/Collections$2
instanceKlass java/util/AbstractMap$SimpleImmutableEntry
instanceKlass sun/management/RuntimeImpl
instanceKlass java/lang/management/RuntimeMXBean
instanceKlass java/util/stream/ForEachOps$ForEachOp
instanceKlass java/util/stream/ForEachOps
instanceKlass java/util/HashMap$HashMapSpliterator
instanceKlass java/util/Collections$1
instanceKlass jdk/management/jfr/internal/FlightRecorderMXBeanProvider$SingleMBeanComponent
instanceKlass jdk/management/jfr/FlightRecorderMXBean
instanceKlass java/lang/management/PlatformManagedObject
instanceKlass java/lang/management/DefaultPlatformMBeanProvider$11
instanceKlass java/lang/management/DefaultPlatformMBeanProvider$10
instanceKlass java/lang/management/DefaultPlatformMBeanProvider$9
instanceKlass java/util/logging/LogManager
instanceKlass sun/management/ManagementFactoryHelper$LoggingMXBeanAccess$1
instanceKlass sun/management/ManagementFactoryHelper$LoggingMXBeanAccess
instanceKlass java/lang/management/DefaultPlatformMBeanProvider$8
instanceKlass java/lang/management/DefaultPlatformMBeanProvider$7
instanceKlass java/lang/management/DefaultPlatformMBeanProvider$6
instanceKlass java/lang/management/DefaultPlatformMBeanProvider$5
instanceKlass java/lang/management/DefaultPlatformMBeanProvider$4
instanceKlass java/lang/management/DefaultPlatformMBeanProvider$3
instanceKlass java/lang/management/DefaultPlatformMBeanProvider$2
instanceKlass java/lang/management/DefaultPlatformMBeanProvider$1
instanceKlass com/sun/management/internal/PlatformMBeanProviderImpl$5
instanceKlass sun/management/VMManagementImpl
instanceKlass sun/management/VMManagement
instanceKlass sun/management/ManagementFactoryHelper
instanceKlass sun/management/NotificationEmitterSupport
instanceKlass com/sun/management/DiagnosticCommandMBean
instanceKlass com/sun/management/internal/PlatformMBeanProviderImpl$4
instanceKlass com/sun/management/internal/PlatformMBeanProviderImpl$3
instanceKlass com/sun/management/internal/PlatformMBeanProviderImpl$2
instanceKlass com/sun/management/internal/PlatformMBeanProviderImpl$1
instanceKlass sun/management/spi/PlatformMBeanProvider$PlatformComponent
instanceKlass java/util/concurrent/Callable
instanceKlass sun/management/spi/PlatformMBeanProvider
instanceKlass sun/security/util/SecurityProperties
instanceKlass sun/security/util/FilePermCompat
instanceKlass java/io/FilePermission$1
instanceKlass jdk/internal/access/JavaIOFilePermissionAccess
instanceKlass java/lang/management/ManagementFactory$PlatformMBeanFinder$1
instanceKlass java/lang/management/ManagementFactory$PlatformMBeanFinder
instanceKlass com/sun/jmx/mbeanserver/JmxMBeanServer$3
instanceKlass javax/management/ObjectInstance
instanceKlass java/util/EventObject
instanceKlass com/sun/jmx/mbeanserver/NamedObject
instanceKlass com/sun/jmx/interceptor/DefaultMBeanServerInterceptor$ResourceContext$1
instanceKlass com/sun/jmx/interceptor/DefaultMBeanServerInterceptor$ResourceContext
instanceKlass com/sun/jmx/mbeanserver/Repository$RegistrationContext
instanceKlass com/sun/jmx/mbeanserver/DynamicMBean2
instanceKlass sun/util/logging/PlatformLogger
instanceKlass sun/util/logging/PlatformLogger$ConfigurableBridge$LoggerConfiguration
instanceKlass jdk/internal/logger/BootstrapLogger$RedirectedLoggers
instanceKlass com/sun/jmx/defaults/JmxProperties
instanceKlass com/sun/jmx/mbeanserver/Introspector
instanceKlass com/sun/jmx/mbeanserver/JmxMBeanServer$2
instanceKlass com/github/linguExplorer/lwjgl3/StartupHelper
instanceKlass com/sun/jmx/interceptor/DefaultMBeanServerInterceptor
instanceKlass com/sun/jmx/interceptor/MBeanServerInterceptor
instanceKlass java/util/concurrent/locks/ReentrantReadWriteLock$WriteLock
instanceKlass java/util/concurrent/locks/ReentrantReadWriteLock$ReadLock
instanceKlass java/util/concurrent/locks/ReentrantReadWriteLock
instanceKlass java/util/concurrent/locks/ReadWriteLock
instanceKlass com/sun/jmx/mbeanserver/Repository
instanceKlass com/sun/jmx/mbeanserver/JmxMBeanServer$1
instanceKlass com/sun/jmx/mbeanserver/SecureClassLoaderRepository
instanceKlass com/sun/jmx/mbeanserver/MBeanInstantiator
instanceKlass com/sun/jmx/mbeanserver/ClassLoaderRepositorySupport$LoaderEntry
instanceKlass com/sun/jmx/mbeanserver/ClassLoaderRepositorySupport
instanceKlass com/sun/jmx/mbeanserver/ModifiableClassLoaderRepository
instanceKlass javax/management/loading/ClassLoaderRepository
instanceKlass javax/management/ImmutableDescriptor
instanceKlass javax/management/Descriptor
instanceKlass com/sun/jmx/remote/util/ClassLogger
instanceKlass javax/management/NotificationBroadcasterSupport$1
instanceKlass java/util/concurrent/Executor
instanceKlass javax/management/NotificationBroadcasterSupport
instanceKlass java/util/ComparableTimSort
instanceKlass java/util/Arrays$LegacyMergeSort
instanceKlass javax/management/ObjectName$Property
instanceKlass javax/management/ObjectName
instanceKlass javax/management/QueryExp
instanceKlass com/sun/jmx/mbeanserver/Util
instanceKlass javax/management/MBeanInfo
instanceKlass javax/management/MBeanFeatureInfo
instanceKlass javax/management/DescriptorRead
instanceKlass javax/management/MBeanServerDelegate
instanceKlass javax/management/NotificationEmitter
instanceKlass javax/management/NotificationBroadcaster
instanceKlass javax/management/MBeanServerDelegateMBean
instanceKlass javax/management/MBeanRegistration
instanceKlass javax/management/DynamicMBean
instanceKlass com/sun/jmx/mbeanserver/JmxMBeanServer
instanceKlass com/sun/jmx/mbeanserver/SunJmxMBeanServer
instanceKlass javax/management/MBeanServer
instanceKlass javax/management/MBeanServerConnection
instanceKlass javax/management/MBeanServerBuilder
instanceKlass com/sun/jmx/mbeanserver/GetPropertyAction
instanceKlass javax/management/MBeanServerFactory
instanceKlass java/lang/management/ManagementFactory
instanceKlass java/util/concurrent/atomic/Striped64$1
instanceKlass java/nio/DirectByteBuffer$Deallocator
instanceKlass jdk/internal/util/random/RandomSupport
instanceKlass sun/nio/ch/Util$BufferCache
instanceKlass java/util/Random
instanceKlass java/util/random/RandomGenerator
instanceKlass sun/nio/ch/Util
instanceKlass java/net/InetAddress$CachedAddresses
instanceKlass sun/net/InetAddressCachePolicy$2
instanceKlass java/security/Security$2
instanceKlass jdk/internal/access/JavaSecurityPropertiesAccess
instanceKlass java/lang/invoke/VarHandle$AccessDescriptor
instanceKlass sun/nio/ch/NativeThread
instanceKlass sun/net/NetHooks
instanceKlass sun/net/spi/DefaultProxySelector$3
instanceKlass sun/net/spi/DefaultProxySelector$NonProxyInfo
instanceKlass sun/net/spi/DefaultProxySelector$1
instanceKlass java/security/Security$1
instanceKlass java/security/Security
instanceKlass java/net/Proxy
instanceKlass sun/net/InetAddressCachePolicy$1
instanceKlass sun/net/InetAddressCachePolicy
instanceKlass java/net/ProxySelector
instanceKlass java/net/SocksSocketImpl$3
instanceKlass com/github/linguExplorer/lwjgl3/Lwjgl3Launcher
instanceKlass jdk/net/ExtendedSocketOptions$PlatformSocketOptions$1
instanceKlass jdk/net/ExtendedSocketOptions$PlatformSocketOptions
instanceKlass jdk/net/ExtendedSocketOptions$ExtSocketOption
instanceKlass java/net/SocketOption
instanceKlass java/net/InetAddress$NameServiceAddresses
instanceKlass java/net/InetAddress$Addresses
instanceKlass jdk/net/ExtendedSocketOptions
instanceKlass java/util/concurrent/ConcurrentSkipListMap$Iter
instanceKlass sun/net/ext/ExtendedSocketOptions
instanceKlass java/net/Inet6Address$Inet6AddressHolder
instanceKlass sun/nio/ch/Net$1
instanceKlass java/net/ProtocolFamily
instanceKlass sun/nio/ch/Net
instanceKlass java/net/SocksConsts
instanceKlass sun/nio/ch/IOUtil
instanceKlass sun/nio/ch/NativeDispatcher
instanceKlass sun/management/jmxremote/ConnectorBootstrap$PermanentExporter
instanceKlass com/sun/jmx/remote/internal/rmi/RMIExporter
instanceKlass sun/net/PlatformSocketImpl
instanceKlass jdk/internal/logger/LazyLoggers$LazyLoggerAccessor
instanceKlass jdk/internal/logger/LazyLoggers$LoggerAccessor
instanceKlass java/util/Properties$LineReader
instanceKlass jdk/internal/logger/AbstractLoggerWrapper
instanceKlass sun/net/NetProperties$1
instanceKlass sun/net/NetProperties
instanceKlass sun/util/logging/internal/LoggingProviderImpl$LogManagerAccess
instanceKlass java/net/SocketImpl
instanceKlass java/net/SocketOptions
instanceKlass java/net/InetSocketAddress$InetSocketAddressHolder
instanceKlass jdk/internal/logger/BootstrapLogger$DetectBackend$1
instanceKlass jdk/internal/logger/BootstrapLogger$DetectBackend
instanceKlass jdk/internal/logger/BootstrapLogger
instanceKlass sun/util/logging/PlatformLogger$ConfigurableBridge
instanceKlass sun/util/logging/PlatformLogger$Bridge
instanceKlass java/lang/System$Logger
instanceKlass jdk/internal/logger/DefaultLoggerFinder$1
instanceKlass java/net/InetAddress$PlatformNameService
instanceKlass java/net/InetAddress$NameService
instanceKlass java/lang/System$LoggerFinder
instanceKlass jdk/internal/logger/LazyLoggers$LazyLoggerFactories
instanceKlass jdk/internal/logger/LazyLoggers$1
instanceKlass java/net/Inet6AddressImpl
instanceKlass java/net/InetAddressImpl
instanceKlass jdk/internal/logger/LazyLoggers
instanceKlass java/net/InetAddressImplFactory
instanceKlass java/util/concurrent/ConcurrentSkipListMap$Node
instanceKlass java/util/concurrent/ConcurrentSkipListMap$Index
instanceKlass sun/management/jmxremote/ConnectorBootstrap
instanceKlass java/util/concurrent/ConcurrentNavigableMap
instanceKlass java/net/InetAddress$InetAddressHolder
instanceKlass java/net/InetAddress$1
instanceKlass jdk/internal/access/JavaNetInetAddressAccess
instanceKlass jdk/internal/agent/Agent
instanceKlass java/net/InetAddress
instanceKlass java/net/SocketAddress
instanceKlass java/lang/invoke/VarForm
instanceKlass java/lang/invoke/VarHandleGuards
instanceKlass jdk/internal/util/Preconditions$1
instanceKlass java/lang/invoke/VarHandle$1
instanceKlass java/lang/ClassValue$Version
instanceKlass java/lang/ClassValue$Identity
instanceKlass java/lang/ClassValue
instanceKlass java/lang/invoke/VarHandles
instanceKlass java/net/Socket
instanceKlass sun/nio/cs/SingleByte
instanceKlass sun/nio/cs/MS1252$Holder
instanceKlass sun/nio/cs/ArrayDecoder
instanceKlass sun/launcher/LauncherHelper
instanceKlass sun/util/cldr/CLDRBaseLocaleDataMetaInfo$TZCanonicalIDMapHolder
instanceKlass java/time/chrono/AbstractChronology
instanceKlass java/time/chrono/Chronology
instanceKlass java/time/LocalDate
instanceKlass java/time/chrono/ChronoLocalDate
instanceKlass java/time/zone/ZoneOffsetTransition
instanceKlass com/intellij/rt/execution/application/AppMainV2
instanceKlass java/time/temporal/ValueRange
instanceKlass java/time/Duration
instanceKlass java/time/temporal/TemporalAmount
instanceKlass java/time/temporal/TemporalUnit
instanceKlass java/time/temporal/TemporalField
instanceKlass java/time/LocalTime
instanceKlass com/intellij/rt/execution/application/AppMainV2$Agent
instanceKlass sun/nio/ByteBuffered
instanceKlass java/lang/Package$VersionInfo
instanceKlass java/time/LocalDateTime
instanceKlass java/time/chrono/ChronoLocalDateTime
instanceKlass java/time/temporal/TemporalAdjuster
instanceKlass java/time/temporal/Temporal
instanceKlass java/time/temporal/TemporalAccessor
instanceKlass java/time/zone/ZoneOffsetTransitionRule
instanceKlass java/time/zone/ZoneRules
instanceKlass java/time/zone/Ser
instanceKlass jdk/internal/loader/Resource
instanceKlass java/io/Externalizable
instanceKlass java/util/zip/ZipFile$ZipEntryIterator
instanceKlass java/nio/charset/CharsetDecoder
instanceKlass java/io/Reader
instanceKlass java/lang/Readable
instanceKlass jdk/internal/loader/URLClassPath$1
instanceKlass java/lang/CompoundEnumeration
instanceKlass jdk/internal/loader/BuiltinClassLoader$1
instanceKlass jdk/internal/loader/BuiltinClassLoader$2
instanceKlass jdk/internal/module/Resources
instanceKlass java/util/Spliterators$1Adapter
instanceKlass java/util/Spliterators$ArraySpliterator
instanceKlass java/time/zone/ZoneRulesProvider$1
instanceKlass java/time/zone/ZoneRulesProvider
instanceKlass java/time/ZoneId
instanceKlass sun/util/resources/Bundles$CacheKeyReference
instanceKlass java/util/ResourceBundle$ResourceBundleProviderHelper
instanceKlass sun/util/resources/Bundles$CacheKey
instanceKlass java/util/ResourceBundle$1
instanceKlass jdk/internal/access/JavaUtilResourceBundleAccess
instanceKlass sun/util/resources/Bundles
instanceKlass sun/util/resources/LocaleData$LocaleDataStrategy
instanceKlass sun/util/resources/Bundles$Strategy
instanceKlass sun/util/resources/LocaleData$1
instanceKlass sun/util/resources/LocaleData
instanceKlass sun/util/locale/provider/LocaleResources
instanceKlass java/util/Collections$EmptyEnumeration
instanceKlass sun/util/resources/provider/NonBaseLocaleDataMetaInfo
instanceKlass sun/util/locale/provider/BaseLocaleDataMetaInfo
instanceKlass java/util/Collections$EmptyIterator
instanceKlass java/util/StringTokenizer
instanceKlass jdk/internal/org/objectweb/asm/ClassReader
instanceKlass java/util/ServiceLoader$ProviderImpl
instanceKlass java/util/ServiceLoader$Provider
instanceKlass java/util/ServiceLoader$1
instanceKlass java/lang/NamedPackage
instanceKlass sun/util/resources/cldr/provider/CLDRLocaleDataMetaInfo
instanceKlass java/security/SecureClassLoader$DebugHolder
instanceKlass java/security/PermissionCollection
instanceKlass java/security/SecureClassLoader$1
instanceKlass java/security/SecureClassLoader$CodeSourceKey
instanceKlass jdk/internal/jimage/ImageLocation
instanceKlass jdk/internal/jimage/decompressor/Decompressor
instanceKlass jdk/internal/jimage/ImageStringsReader
instanceKlass jdk/internal/jimage/ImageStrings
instanceKlass jdk/internal/jimage/ImageHeader
instanceKlass jdk/internal/jimage/NativeImageBuffer$1
instanceKlass jdk/internal/jimage/NativeImageBuffer
instanceKlass jdk/internal/jimage/BasicImageReader$1
instanceKlass jdk/internal/jimage/BasicImageReader
instanceKlass jdk/internal/jimage/ImageReader
instanceKlass jdk/internal/jimage/ImageReaderFactory$1
instanceKlass java/net/URI$Parser
instanceKlass java/nio/file/FileSystems$DefaultFileSystemHolder$1
instanceKlass java/nio/file/FileSystems$DefaultFileSystemHolder
instanceKlass java/nio/file/FileSystems
instanceKlass java/nio/file/Paths
instanceKlass jdk/internal/jimage/ImageReaderFactory
instanceKlass jdk/internal/module/SystemModuleFinders$SystemImage
instanceKlass jdk/internal/module/ModulePatcher$PatchedModuleReader
instanceKlass jdk/internal/module/SystemModuleFinders$SystemModuleReader
instanceKlass java/lang/module/ModuleReader
instanceKlass jdk/internal/loader/BuiltinClassLoader$5
instanceKlass java/util/ServiceLoader$3
instanceKlass java/util/ServiceLoader$2
instanceKlass java/util/ServiceLoader$LazyClassPathLookupIterator
instanceKlass java/util/concurrent/CopyOnWriteArrayList$COWIterator
instanceKlass java/util/ServiceLoader$ModuleServicesLookupIterator
instanceKlass java/util/ServiceLoader
instanceKlass sun/util/locale/InternalLocaleBuilder$CaseInsensitiveChar
instanceKlass sun/util/locale/InternalLocaleBuilder
instanceKlass sun/util/locale/StringTokenIterator
instanceKlass sun/util/locale/ParseStatus
instanceKlass sun/util/locale/LanguageTag
instanceKlass sun/util/cldr/CLDRBaseLocaleDataMetaInfo
instanceKlass sun/util/locale/provider/LocaleDataMetaInfo
instanceKlass sun/util/locale/provider/ResourceBundleBasedAdapter
instanceKlass sun/util/locale/provider/LocaleProviderAdapter$1
instanceKlass sun/util/locale/provider/LocaleProviderAdapter
instanceKlass java/util/LinkedList$Node
instanceKlass java/util/ResourceBundle
instanceKlass java/util/ResourceBundle$Control
instanceKlass sun/util/locale/provider/TimeZoneNameUtility$TimeZoneNameGetter
instanceKlass sun/util/locale/provider/LocaleServiceProviderPool$LocalizedObjectGetter
instanceKlass sun/util/locale/provider/LocaleServiceProviderPool
instanceKlass java/util/spi/LocaleServiceProvider
instanceKlass sun/util/locale/provider/TimeZoneNameUtility
instanceKlass sun/util/calendar/CalendarUtils
instanceKlass sun/util/calendar/CalendarDate
instanceKlass java/util/zip/Checksum$1
instanceKlass java/util/zip/CRC32
instanceKlass java/util/zip/Checksum
instanceKlass sun/util/calendar/ZoneInfoFile$ZoneOffsetTransitionRule
instanceKlass java/io/FileInputStream$1
instanceKlass sun/util/calendar/ZoneInfoFile$1
instanceKlass sun/util/calendar/ZoneInfoFile
instanceKlass java/util/TimeZone
instanceKlass sun/util/calendar/CalendarSystem$GregorianHolder
instanceKlass sun/util/calendar/CalendarSystem
instanceKlass java/util/Date
instanceKlass java/nio/charset/CoderResult
instanceKlass sun/nio/cs/Surrogate
instanceKlass sun/nio/cs/Surrogate$Parser
instanceKlass java/util/concurrent/ConcurrentHashMap$MapEntry
instanceKlass java/util/Collections$SynchronizedCollection
instanceKlass java/util/Properties$EntrySet
instanceKlass jdk/internal/vm/VMSupport
instanceKlass java/util/jar/Attributes$Name
instanceKlass java/util/jar/Attributes
instanceKlass sun/security/action/GetIntegerAction
instanceKlass sun/security/util/Debug
instanceKlass sun/security/util/SignatureFileVerifier
instanceKlass java/util/zip/ZipFile$InflaterCleanupAction
instanceKlass java/util/zip/Inflater$InflaterZStreamRef
instanceKlass java/util/zip/Inflater
instanceKlass java/util/zip/ZipEntry
instanceKlass java/lang/StringCoding
instanceKlass jdk/internal/util/jar/JarIndex
instanceKlass java/nio/Bits$1
instanceKlass jdk/internal/misc/VM$BufferPool
instanceKlass java/nio/Bits
instanceKlass sun/nio/ch/DirectBuffer
instanceKlass jdk/internal/perf/PerfCounter$CoreCounters
instanceKlass jdk/internal/perf/Perf
instanceKlass jdk/internal/perf/Perf$GetPerfAction
instanceKlass jdk/internal/perf/PerfCounter
instanceKlass java/nio/file/attribute/FileTime
instanceKlass java/util/TreeMap$PrivateEntryIterator
instanceKlass java/util/TreeMap$Entry
instanceKlass java/util/NavigableMap
instanceKlass java/util/SortedMap
instanceKlass java/util/NavigableSet
instanceKlass java/util/SortedSet
instanceKlass java/util/zip/ZipUtils
instanceKlass java/util/zip/ZipFile$Source$End
instanceKlass java/io/RandomAccessFile$2
instanceKlass jdk/internal/access/JavaIORandomAccessFileAccess
instanceKlass java/io/RandomAccessFile
instanceKlass java/io/DataInput
instanceKlass java/io/DataOutput
instanceKlass sun/nio/fs/WindowsNativeDispatcher$CompletionStatus
instanceKlass sun/nio/fs/WindowsNativeDispatcher$AclInformation
instanceKlass sun/nio/fs/WindowsNativeDispatcher$Account
instanceKlass sun/nio/fs/WindowsNativeDispatcher$DiskFreeSpace
instanceKlass sun/nio/fs/WindowsNativeDispatcher$VolumeInformation
instanceKlass sun/nio/fs/WindowsNativeDispatcher$FirstStream
instanceKlass sun/nio/fs/WindowsNativeDispatcher$FirstFile
instanceKlass java/util/Enumeration
instanceKlass java/util/concurrent/ConcurrentHashMap$Traverser
instanceKlass java/util/concurrent/ConcurrentHashMap$CollectionView
instanceKlass sun/nio/fs/WindowsNativeDispatcher
instanceKlass sun/nio/fs/NativeBuffer$Deallocator
instanceKlass sun/nio/fs/NativeBuffer
instanceKlass java/lang/ThreadLocal$ThreadLocalMap
instanceKlass sun/nio/fs/NativeBuffers
instanceKlass sun/nio/fs/WindowsFileAttributes
instanceKlass java/nio/file/attribute/DosFileAttributes
instanceKlass sun/nio/fs/AbstractBasicFileAttributeView
instanceKlass sun/nio/fs/DynamicFileAttributeView
instanceKlass sun/nio/fs/WindowsFileAttributeViews
instanceKlass java/lang/Class$1
instanceKlass java/nio/charset/StandardCharsets
instanceKlass sun/nio/fs/Util
instanceKlass java/nio/file/attribute/BasicFileAttributeView
instanceKlass java/nio/file/attribute/FileAttributeView
instanceKlass java/nio/file/attribute/AttributeView
instanceKlass java/nio/file/Files
instanceKlass java/nio/file/CopyOption
instanceKlass java/nio/file/attribute/BasicFileAttributes
instanceKlass sun/nio/fs/WindowsPath
instanceKlass java/util/zip/ZipFile$Source$Key
instanceKlass sun/nio/fs/WindowsPathParser$Result
instanceKlass sun/nio/fs/WindowsPathParser
instanceKlass java/util/Arrays$ArrayItr
instanceKlass java/nio/file/FileSystem
instanceKlass java/nio/file/OpenOption
instanceKlass java/nio/file/spi/FileSystemProvider
instanceKlass sun/nio/fs/DefaultFileSystemProvider
instanceKlass java/util/zip/ZipFile$Source
instanceKlass java/util/zip/ZipCoder
instanceKlass java/util/zip/ZipFile$CleanableResource
instanceKlass java/lang/Runtime$Version
instanceKlass java/util/jar/JavaUtilJarAccessImpl
instanceKlass jdk/internal/access/JavaUtilJarAccess
instanceKlass jdk/internal/loader/FileURLMapper
instanceKlass jdk/internal/loader/URLClassPath$JarLoader$1
instanceKlass java/util/zip/ZipFile$1
instanceKlass jdk/internal/access/JavaUtilZipFileAccess
instanceKlass java/util/zip/ZipFile
instanceKlass java/util/zip/ZipConstants
instanceKlass jdk/internal/loader/URLClassPath$Loader
instanceKlass jdk/internal/loader/URLClassPath$3
instanceKlass java/security/PrivilegedExceptionAction
instanceKlass sun/util/locale/LocaleObjectCache
instanceKlass sun/util/locale/BaseLocale$Key
instanceKlass sun/util/locale/LocaleUtils
instanceKlass sun/util/locale/BaseLocale
instanceKlass java/util/Locale
instanceKlass sun/net/util/URLUtil
instanceKlass sun/instrument/TransformerManager$TransformerInfo
instanceKlass sun/instrument/TransformerManager
instanceKlass jdk/internal/loader/NativeLibraries$NativeLibraryImpl
instanceKlass jdk/internal/loader/NativeLibrary
instanceKlass java/util/ArrayDeque$DeqIterator
instanceKlass jdk/internal/loader/NativeLibraries$1
instanceKlass jdk/internal/loader/NativeLibraries$LibraryPaths
instanceKlass sun/instrument/InstrumentationImpl
instanceKlass java/lang/instrument/Instrumentation
instanceKlass java/lang/invoke/StringConcatFactory$3
instanceKlass java/lang/invoke/StringConcatFactory$2
instanceKlass java/lang/invoke/StringConcatFactory$1
instanceKlass java/lang/invoke/StringConcatFactory
instanceKlass jdk/internal/module/ModuleBootstrap$SafeModuleFinder
instanceKlass java/lang/ModuleLayer$Controller
instanceKlass java/util/concurrent/CopyOnWriteArrayList
instanceKlass jdk/internal/module/ServicesCatalog$ServiceProvider
instanceKlass jdk/internal/loader/AbstractClassLoaderValue$Memoizer
instanceKlass jdk/internal/module/ModuleLoaderMap$Modules
instanceKlass jdk/internal/module/ModuleLoaderMap$Mapper
instanceKlass jdk/internal/module/ModuleLoaderMap
instanceKlass java/lang/module/ResolvedModule
instanceKlass java/util/Collections$UnmodifiableCollection$1
instanceKlass java/lang/ModuleLayer
instanceKlass java/util/ImmutableCollections$ListItr
instanceKlass java/util/ListIterator
instanceKlass java/lang/module/ModuleFinder$1
instanceKlass java/nio/file/Path
instanceKlass java/nio/file/Watchable
instanceKlass java/lang/module/Resolver
instanceKlass java/lang/module/Configuration
instanceKlass java/util/stream/FindOps$FindOp
instanceKlass java/util/stream/FindOps$FindSink
instanceKlass java/util/stream/FindOps
instanceKlass java/util/stream/Sink$ChainedReference
instanceKlass java/util/stream/ReduceOps$AccumulatingSink
instanceKlass java/util/stream/TerminalSink
instanceKlass java/util/stream/Sink
instanceKlass java/util/function/Consumer
instanceKlass java/util/stream/ReduceOps$Box
instanceKlass java/util/stream/ReduceOps$ReduceOp
instanceKlass java/util/stream/TerminalOp
instanceKlass java/util/stream/ReduceOps
instanceKlass java/util/function/BinaryOperator
instanceKlass java/util/function/BiFunction
instanceKlass java/util/function/BiConsumer
instanceKlass java/util/stream/Collectors$CollectorImpl
instanceKlass java/util/stream/Collector
instanceKlass java/util/Collections$UnmodifiableCollection
instanceKlass java/util/stream/Collectors
instanceKlass java/lang/ref/Cleaner$Cleanable
instanceKlass jdk/internal/ref/CleanerImpl
instanceKlass java/lang/ref/Cleaner$1
instanceKlass java/lang/ref/Cleaner
instanceKlass jdk/internal/ref/CleanerFactory$1
instanceKlass java/util/concurrent/ThreadFactory
instanceKlass jdk/internal/ref/CleanerFactory
instanceKlass java/lang/invoke/MethodHandles$Lookup$ClassDefiner
instanceKlass java/lang/invoke/MethodHandles$Lookup$ClassFile
instanceKlass jdk/internal/org/objectweb/asm/Handler
instanceKlass jdk/internal/org/objectweb/asm/Attribute
instanceKlass jdk/internal/org/objectweb/asm/FieldVisitor
instanceKlass java/util/ArrayList$Itr
instanceKlass java/lang/invoke/InvokerBytecodeGenerator$ClassData
instanceKlass jdk/internal/org/objectweb/asm/AnnotationVisitor
instanceKlass jdk/internal/org/objectweb/asm/Frame
instanceKlass jdk/internal/org/objectweb/asm/Label
instanceKlass jdk/internal/org/objectweb/asm/MethodVisitor
instanceKlass java/lang/invoke/LambdaFormBuffer
instanceKlass java/lang/invoke/LambdaFormEditor$TransformKey
instanceKlass java/lang/invoke/LambdaFormEditor
instanceKlass sun/invoke/util/Wrapper$1
instanceKlass java/lang/invoke/DelegatingMethodHandle$Holder
instanceKlass java/lang/invoke/DirectMethodHandle$2
instanceKlass sun/invoke/empty/Empty
instanceKlass sun/invoke/util/VerifyType
instanceKlass java/lang/invoke/ClassSpecializer$Factory
instanceKlass java/lang/invoke/ClassSpecializer$SpeciesData
instanceKlass java/lang/invoke/ClassSpecializer$1
instanceKlass java/util/function/Function
instanceKlass java/lang/invoke/ClassSpecializer
instanceKlass java/lang/invoke/InnerClassLambdaMetafactory$1
instanceKlass java/lang/invoke/LambdaProxyClassArchive
instanceKlass jdk/internal/org/objectweb/asm/ByteVector
instanceKlass jdk/internal/org/objectweb/asm/Symbol
instanceKlass jdk/internal/org/objectweb/asm/SymbolTable
instanceKlass jdk/internal/org/objectweb/asm/ClassVisitor
instanceKlass java/lang/invoke/InfoFromMemberName
instanceKlass java/lang/invoke/MethodHandleInfo
instanceKlass jdk/internal/org/objectweb/asm/ConstantDynamic
instanceKlass sun/invoke/util/BytecodeDescriptor
instanceKlass jdk/internal/org/objectweb/asm/Handle
instanceKlass sun/security/action/GetBooleanAction
instanceKlass jdk/internal/org/objectweb/asm/Type
instanceKlass java/lang/invoke/AbstractValidatingLambdaMetafactory
instanceKlass java/lang/invoke/MethodHandleImpl$1
instanceKlass jdk/internal/access/JavaLangInvokeAccess
instanceKlass java/lang/invoke/Invokers$Holder
instanceKlass java/lang/invoke/BootstrapMethodInvoker
instanceKlass java/util/function/Predicate
instanceKlass java/lang/WeakPairMap$Pair$Lookup
instanceKlass java/lang/WeakPairMap$Pair
instanceKlass java/lang/WeakPairMap
instanceKlass java/lang/Module$ReflectionData
instanceKlass java/lang/invoke/InvokerBytecodeGenerator$2
instanceKlass java/lang/invoke/InvokerBytecodeGenerator
instanceKlass java/lang/invoke/LambdaForm$Holder
instanceKlass java/lang/invoke/LambdaForm$Name
instanceKlass java/lang/reflect/Array
instanceKlass java/lang/invoke/Invokers
instanceKlass java/lang/invoke/MethodHandleImpl
instanceKlass sun/invoke/util/ValueConversions
instanceKlass java/lang/invoke/DirectMethodHandle$Holder
instanceKlass java/lang/invoke/LambdaForm$NamedFunction
instanceKlass sun/invoke/util/Wrapper$Format
instanceKlass java/lang/invoke/MethodTypeForm
instanceKlass java/lang/Void
instanceKlass java/lang/invoke/MethodType$ConcurrentWeakInternSet
instanceKlass java/lang/invoke/LambdaMetafactory
instanceKlass sun/reflect/annotation/AnnotationParser
instanceKlass java/lang/Class$3
instanceKlass java/lang/PublicMethods$Key
instanceKlass java/lang/PublicMethods$MethodList
instanceKlass java/lang/Class$Atomic
instanceKlass java/lang/Class$ReflectionData
instanceKlass java/util/EnumMap$1
instanceKlass java/util/stream/StreamOpFlag$MaskBuilder
instanceKlass java/util/stream/Stream
instanceKlass java/util/stream/BaseStream
instanceKlass java/util/stream/PipelineHelper
instanceKlass java/util/stream/StreamSupport
instanceKlass java/util/Spliterators$IteratorSpliterator
instanceKlass java/util/Spliterator$OfDouble
instanceKlass java/util/Spliterator$OfLong
instanceKlass java/util/Spliterator$OfInt
instanceKlass java/util/Spliterator$OfPrimitive
instanceKlass java/util/Spliterator
instanceKlass java/util/Spliterators$EmptySpliterator
instanceKlass java/util/Spliterators
instanceKlass jdk/internal/module/DefaultRoots
instanceKlass jdk/internal/loader/BuiltinClassLoader$LoadedModule
instanceKlass jdk/internal/loader/AbstractClassLoaderValue
instanceKlass jdk/internal/module/ServicesCatalog
instanceKlass jdk/internal/util/Preconditions
instanceKlass sun/net/util/IPAddressUtil
instanceKlass java/net/URLStreamHandler
instanceKlass java/lang/StringUTF16
instanceKlass java/util/HexFormat
instanceKlass sun/net/www/ParseUtil
instanceKlass java/net/URL$3
instanceKlass jdk/internal/access/JavaNetURLAccess
instanceKlass java/net/URL$DefaultFactory
instanceKlass java/net/URLStreamHandlerFactory
instanceKlass jdk/internal/loader/URLClassPath
instanceKlass java/security/Principal
instanceKlass java/security/ProtectionDomain$Key
instanceKlass java/security/ProtectionDomain$JavaSecurityAccessImpl
instanceKlass jdk/internal/access/JavaSecurityAccess
instanceKlass java/lang/ClassLoader$ParallelLoaders
instanceKlass java/security/cert/Certificate
instanceKlass jdk/internal/loader/ArchivedClassLoaders
instanceKlass java/util/Deque
instanceKlass java/util/Queue
instanceKlass jdk/internal/loader/ClassLoaderHelper
instanceKlass jdk/internal/loader/NativeLibraries
instanceKlass jdk/internal/loader/BootLoader
instanceKlass java/util/Optional
instanceKlass jdk/internal/module/SystemModuleFinders$SystemModuleFinder
instanceKlass java/lang/module/ModuleFinder
instanceKlass jdk/internal/module/SystemModuleFinders$3
instanceKlass jdk/internal/module/ModuleHashes$HashSupplier
instanceKlass jdk/internal/module/SystemModuleFinders$2
instanceKlass java/util/function/Supplier
instanceKlass java/lang/module/ModuleReference
instanceKlass jdk/internal/module/ModuleResolution
instanceKlass java/util/Collections$UnmodifiableMap
instanceKlass jdk/internal/module/ModuleHashes$Builder
instanceKlass jdk/internal/module/ModuleHashes
instanceKlass jdk/internal/module/ModuleTarget
instanceKlass java/util/ImmutableCollections$Set12$1
instanceKlass java/lang/Enum
instanceKlass java/lang/module/ModuleDescriptor$Version
instanceKlass java/lang/module/ModuleDescriptor$Provides
instanceKlass java/lang/module/ModuleDescriptor$Opens
instanceKlass java/util/ImmutableCollections$SetN$SetNIterator
instanceKlass java/lang/module/ModuleDescriptor$Exports
instanceKlass java/lang/module/ModuleDescriptor$Requires
instanceKlass jdk/internal/module/Builder
instanceKlass jdk/internal/module/SystemModules$all
instanceKlass jdk/internal/module/SystemModules
instanceKlass jdk/internal/module/SystemModulesMap
instanceKlass java/net/URI$1
instanceKlass jdk/internal/access/JavaNetUriAccess
instanceKlass java/net/URI
instanceKlass jdk/internal/module/SystemModuleFinders
instanceKlass jdk/internal/module/ArchivedModuleGraph
instanceKlass jdk/internal/module/ArchivedBootLayer
instanceKlass jdk/internal/module/ModuleBootstrap$Counters
instanceKlass jdk/internal/module/ModulePatcher
instanceKlass jdk/internal/util/ArraysSupport
instanceKlass java/io/FileSystem
instanceKlass java/io/DefaultFileSystem
instanceKlass java/io/File
instanceKlass java/lang/module/ModuleDescriptor$1
instanceKlass jdk/internal/access/JavaLangModuleAccess
instanceKlass java/lang/reflect/Modifier
instanceKlass sun/invoke/util/VerifyAccess
instanceKlass java/lang/module/ModuleDescriptor
instanceKlass jdk/internal/module/ModuleBootstrap
instanceKlass java/lang/invoke/MethodHandleStatics
instanceKlass java/util/Collections
instanceKlass sun/io/Win32ErrorMode
instanceKlass jdk/internal/misc/OSEnvironment
instanceKlass jdk/internal/misc/Signal$NativeHandler
instanceKlass java/util/Hashtable$Entry
instanceKlass jdk/internal/misc/Signal
instanceKlass java/lang/Terminator$1
instanceKlass jdk/internal/misc/Signal$Handler
instanceKlass java/lang/Terminator
instanceKlass java/nio/ByteOrder
instanceKlass java/nio/Buffer$1
instanceKlass jdk/internal/access/JavaNioAccess
instanceKlass jdk/internal/misc/ScopedMemoryAccess
instanceKlass java/nio/charset/CodingErrorAction
instanceKlass java/nio/charset/CharsetEncoder
instanceKlass sun/nio/cs/HistoricallyNamedCharset
instanceKlass sun/security/action/GetPropertyAction
instanceKlass java/lang/ThreadLocal
instanceKlass java/nio/charset/spi/CharsetProvider
instanceKlass java/nio/charset/Charset
instanceKlass java/io/Writer
instanceKlass java/io/OutputStream
instanceKlass java/io/Flushable
instanceKlass java/io/FileDescriptor$1
instanceKlass jdk/internal/access/JavaIOFileDescriptorAccess
instanceKlass java/io/FileDescriptor
instanceKlass jdk/internal/util/StaticProperty
instanceKlass java/util/HashMap$HashIterator
instanceKlass java/lang/Integer$IntegerCache
instanceKlass java/lang/CharacterData
instanceKlass java/util/Arrays
instanceKlass java/lang/VersionProps
instanceKlass java/lang/StringConcatHelper
instanceKlass jdk/internal/misc/VM
instanceKlass jdk/internal/util/SystemProps$Raw
instanceKlass jdk/internal/util/SystemProps
instanceKlass java/lang/System$2
instanceKlass jdk/internal/access/JavaLangAccess
instanceKlass java/lang/ref/Reference$1
instanceKlass jdk/internal/access/JavaLangRefAccess
instanceKlass java/lang/ref/ReferenceQueue$Lock
instanceKlass java/lang/ref/ReferenceQueue
instanceKlass jdk/internal/reflect/ReflectionFactory
instanceKlass jdk/internal/reflect/ReflectionFactory$GetReflectionFactoryAction
instanceKlass java/security/PrivilegedAction
instanceKlass java/util/concurrent/locks/LockSupport
instanceKlass java/util/concurrent/ConcurrentHashMap$Node
instanceKlass java/util/concurrent/ConcurrentHashMap$CounterCell
instanceKlass java/util/concurrent/locks/ReentrantLock
instanceKlass java/util/concurrent/locks/Lock
instanceKlass java/lang/Runtime
instanceKlass java/util/HashMap$Node
instanceKlass java/util/KeyValueHolder
instanceKlass java/util/Map$Entry
instanceKlass java/util/ImmutableCollections$MapN$MapNIterator
instanceKlass java/lang/Math
instanceKlass jdk/internal/reflect/Reflection
instanceKlass java/lang/invoke/MethodHandles$Lookup
instanceKlass java/lang/StringLatin1
instanceKlass java/security/Permission
instanceKlass java/security/Guard
instanceKlass java/lang/invoke/MemberName$Factory
instanceKlass java/lang/invoke/MethodHandles
instanceKlass jdk/internal/access/SharedSecrets
instanceKlass java/lang/reflect/ReflectAccess
instanceKlass jdk/internal/access/JavaLangReflectAccess
instanceKlass java/util/ImmutableCollections
instanceKlass java/util/Objects
instanceKlass java/util/Set
instanceKlass jdk/internal/misc/CDS
instanceKlass java/lang/Module$ArchivedData
instanceKlass java/lang/String$CaseInsensitiveComparator
instanceKlass java/util/Comparator
instanceKlass java/io/ObjectStreamField
instanceKlass jdk/internal/vm/vector/VectorSupport$VectorPayload
instanceKlass jdk/internal/vm/vector/VectorSupport
instanceKlass java/lang/reflect/RecordComponent
instanceKlass java/util/Iterator
instanceKlass java/lang/Number
instanceKlass java/lang/Character
instanceKlass java/lang/Boolean
instanceKlass java/util/concurrent/locks/AbstractOwnableSynchronizer
instanceKlass java/lang/LiveStackFrame
instanceKlass java/lang/StackFrameInfo
instanceKlass java/lang/StackWalker$StackFrame
instanceKlass java/lang/StackStreamFactory$AbstractStackWalker
instanceKlass java/lang/StackWalker
instanceKlass java/nio/Buffer
instanceKlass java/lang/StackTraceElement
instanceKlass java/util/RandomAccess
instanceKlass java/util/List
instanceKlass java/util/AbstractCollection
instanceKlass java/util/Collection
instanceKlass java/lang/Iterable
instanceKlass java/util/concurrent/ConcurrentMap
instanceKlass java/util/AbstractMap
instanceKlass java/security/CodeSource
instanceKlass jdk/internal/loader/ClassLoaders
instanceKlass java/util/jar/Manifest
instanceKlass java/net/URL
instanceKlass java/io/InputStream
instanceKlass java/io/Closeable
instanceKlass java/lang/AutoCloseable
instanceKlass jdk/internal/module/Modules
instanceKlass jdk/internal/misc/Unsafe
instanceKlass jdk/internal/misc/UnsafeConstants
instanceKlass java/lang/AbstractStringBuilder
instanceKlass java/lang/Appendable
instanceKlass java/lang/AssertionStatusDirectives
instanceKlass java/lang/invoke/MethodHandleNatives$CallSiteContext
instanceKlass jdk/internal/invoke/NativeEntryPoint
instanceKlass java/lang/invoke/CallSite
instanceKlass java/lang/invoke/MethodType
instanceKlass java/lang/invoke/TypeDescriptor$OfMethod
instanceKlass java/lang/invoke/LambdaForm
instanceKlass java/lang/invoke/MethodHandleNatives
instanceKlass java/lang/invoke/ResolvedMethodName
instanceKlass java/lang/invoke/MemberName
instanceKlass java/lang/invoke/VarHandle
instanceKlass java/lang/invoke/MethodHandle
instanceKlass jdk/internal/reflect/CallerSensitive
instanceKlass java/lang/annotation/Annotation
instanceKlass jdk/internal/reflect/FieldAccessor
instanceKlass jdk/internal/reflect/ConstantPool
instanceKlass jdk/internal/reflect/ConstructorAccessor
instanceKlass jdk/internal/reflect/MethodAccessor
instanceKlass jdk/internal/reflect/MagicAccessorImpl
instanceKlass java/lang/reflect/Parameter
instanceKlass java/lang/reflect/Member
instanceKlass java/lang/reflect/AccessibleObject
instanceKlass java/lang/Module
instanceKlass java/util/Map
instanceKlass java/util/Dictionary
instanceKlass java/lang/ThreadGroup
instanceKlass java/lang/Thread$UncaughtExceptionHandler
instanceKlass java/lang/Thread
instanceKlass java/lang/Runnable
instanceKlass java/lang/ref/Reference
instanceKlass java/lang/Record
instanceKlass java/security/AccessController
instanceKlass java/security/AccessControlContext
instanceKlass java/security/ProtectionDomain
instanceKlass java/lang/SecurityManager
instanceKlass java/lang/Throwable
instanceKlass java/lang/System
instanceKlass java/lang/ClassLoader
instanceKlass java/lang/Cloneable
instanceKlass java/lang/Class
instanceKlass java/lang/invoke/TypeDescriptor$OfField
instanceKlass java/lang/invoke/TypeDescriptor
instanceKlass java/lang/reflect/Type
instanceKlass java/lang/reflect/GenericDeclaration
instanceKlass java/lang/reflect/AnnotatedElement
instanceKlass java/lang/String
instanceKlass java/lang/constant/ConstantDesc
instanceKlass java/lang/constant/Constable
instanceKlass java/lang/CharSequence
instanceKlass java/lang/Comparable
instanceKlass java/io/Serializable
ciInstanceKlass java/lang/Object 1 1 92 7 1 10 12 1 1 10 7 12 1 1 1 10 7 12 1 1 1 10 12 1 1 8 1 10 12 1 1 10 7 12 1 1 1 10 12 1 10 12 1 1 100 1 8 1 10 12 1 3 8 1 100 1 5 0 1 1 1 1 1 1 1 1 1 1 1 1 1 1 1 1 7 1 1 1 7 1 1 1 1 1 1 1 7 1 1 1 1 1 1 1
ciInstanceKlass java/lang/Class 1 1 1611 10 7 12 1 1 1 9 7 12 1 1 1 9 12 1 1 7 1 10 10 12 1 1 8 1 10 12 1 8 1 8 1 10 12 1 1 10 12 1 1 10 12 1 10 10 12 1 10 12 1 1 10 12 1 1 10 7 12 1 1 10 12 1 10 12 1 10 12 1 8 1 10 12 1 8 1 10 12 1 8 1 8 1 10 12 1 1 10 7 12 1 1 1 18 12 1 1 11 7 12 1 1 1 8 1 8 1 8 1 10 7 12 1 1 1 11 12 1 1 7 1 8 1 10 12 1 11 100 12 1 1 1 10 12 1 1 11 8 1 18 8 1 10 12 1 10 7 12 1 1 10 7 12 1 1 1 10 12 1 1 10 7 12 1 1 1 9 7 12 1 1 1 10 100 12 1 1 1 10 7 12 1 1 1 10 12 1 1 18 12 1 1 10 7 12 1 1 1 10 7 12 1 1 10 12 1 1 10 7 1 100 1 10 12 1 1 9 12 1 1 100 1 8 1 10 12 1 10 12 1 1 10 12 1 1 10 7 12 1 1 1 7 1 10 12 1 7 1 100 1 10 10 12 1 1 10 12 1 1 100 1 10 100 12 1 1 1 10 12 1 1 10 12 1 1 9 12 1 1 10 12 1 10 12 1 10 12 1 1 9 12 1 1 9 12 1 1 10 12 1 1 10 7 1 10 12 1 10 12 1 10 12 1 1 10 9 12 1 10 12 1 8 1 10 12 1 1 10 12 1 1 10 12 1 10 12 1 1 10 12 1 1 10 12 1 1 9 7 12 1 1 1 10 7 12 1 1 10 12 10 12 1 10 12 1 1 10 100 12 1 1 10 12 1 10 12 1 1 10 100 12 1 1 1 10 12 1 10 12 1 1 10 12 1 10 12 1 10 12 1 1 10 7 1 10 10 10 12 1 1 10 12 1 1 10 12 10 12 1 1 100 1 8 1 10 10 12 1 1 10 12 1 100 1 11 12 1 10 100 12 1 1 10 12 1 10 12 1 10 100 12 1 1 10 10 12 1 1 8 1 10 12 1 10 12 1 1 8 1 9 12 1 10 12 1 10 12 1 10 12 1 10 12 100 1 9 12 1 10 12 1 9 12 1 10 12 1 10 12 1 10 12 1 10 10 12 1 10 12 1 10 12 1 10 12 1 10 12 1 10 12 1 100 1 10 12 1 10 12 1 1 10 12 1 1 10 12 1 1 10 12 1 1 10 12 1 1 10 12 1 1 7 1 10 10 12 1 1 10 12 1 1 10 12 1 1 10 10 12 1 10 12 1 1 10 12 1 1 10 12 1 1 10 12 1 1 7 1 10 10 12 11 100 12 1 1 10 12 1 1 10 12 1 10 100 12 1 1 1 10 12 1 1 10 10 12 1 1 100 1 10 10 12 1 1 10 100 12 1 1 1 100 1 100 1 10 12 1 1 10 12 1 10 10 12 1 1 10 12 1 10 12 1 10 12 1 10 100 12 1 1 1 11 100 12 1 1 10 12 1 10 12 1 9 12 1 10 12 1 1 10 12 1 9 12 1 1 7 1 10 9 12 1 1 10 12 7 1 10 12 1 9 12 1 10 100 12 1 1 1 10 12 1 10 12 1 10 100 12 1 1 1 10 12 1 10 12 10 12 1 1 100 1 10 8 1 10 12 1 11 11 12 1 1 11 100 12 1 1 11 12 1 8 1 10 12 1 10 12 1 1 9 12 1 9 12 1 1 10 7 12 1 1 9 12 1 10 12 1 1 10 10 12 1 10 7 12 1 1 1 10 7 12 1 1 10 7 12 1 1 9 12 1 1 10 12 1 9 12 1 10 12 1 10 12 1 1 9 12 1 1 9 12 1 10 12 1 10 12 1 1 9 12 1 100 1 10 10 12 1 1 7 1 10 12 1 1 100 11 100 1 9 12 1 1 9 12 1 100 1 10 12 1 9 12 1 1 9 12 1 10 12 1 10 12 1 1 9 12 1 7 1 10 10 12 1 1 10 10 12 1 1 10 12 10 10 12 1 9 12 1 10 12 1 1 10 7 12 1 1 1 10 12 1 1 10 12 1 8 10 7 8 1 18 8 1 8 1 10 12 1 9 12 1 9 12 1 1 10 12 1 7 1 7 1 10 12 1 9 12 1 1 7 1 10 10 12 1 10 7 1 9 12 1 8 1 10 12 1 7 1 10 12 1 10 12 1 1 9 12 1 100 1 8 1 10 7 1 4 10 10 12 11 7 12 1 1 1 10 12 1 100 1 10 12 1 1 10 8 1 8 1 10 12 1 1 9 7 12 1 1 11 12 100 1 11 100 12 1 1 9 12 1 10 100 12 1 1 1 10 7 12 1 1 10 12 1 1 9 12 1 9 10 12 1 1 10 12 1 1 10 12 1 1 10 12 1 1 10 12 1 1 11 12 1 100 1 11 12 1 10 100 12 1 1 1 10 12 1 100 1 11 12 1 10 100 12 1 1 1 10 12 1 10 11 12 1 11 12 1 1 10 12 1 10 12 1 1 9 12 1 1 9 100 12 1 1 10 12 1 10 100 12 1 1 1 10 12 1 1 10 12 1 10 12 1 10 12 1 10 7 12 1 1 1 10 12 1 8 1 10 12 1 10 12 1 10 12 1 10 100 12 1 1 1 11 100 12 1 1 1 10 12 1 1 10 12 1 18 12 1 1 11 12 1 1 18 11 12 1 18 12 1 11 12 1 10 12 1 1 10 12 1 10 12 1 10 12 10 12 1 8 1 10 12 1 7 1 9 12 1 1 100 1 100 1 100 1 100 1 100 1 1 1 3 1 3 1 3 1 1 1 1 1 1 1 5 0 1 1 1 1 1 1 1 1 1 1 1 1 1 1 1 1 1 1 1 1 1 1 1 100 1 1 1 1 1 1 1 100 1 1 1 1 1 1 100 1 1 1 1 1 1 1 1 1 1 1 1 1 1 1 1 1 1 1 1 1 1 1 1 1 1 1 1 1 1 1 1 1 1 1 1 1 1 100 1 1 1 1 1 1 1 1 1 1 1 1 1 1 1 1 1 1 1 1 1 1 1 1 1 1 1 1 100 1 1 1 1 1 1 1 1 1 1 1 1 1 1 1 1 1 1 1 1 1 1 1 1 1 1 1 1 1 1 1 1 1 1 1 1 1 1 1 1 1 1 1 1 1 1 1 1 1 1 1 1 1 100 1 100 1 1 1 1 1 1 1 1 1 1 1 1 1 1 1 1 1 1 1 1 1 1 1 1 1 1 1 1 1 1 1 1 1 1 1 1 1 1 1 1 1 1 1 1 1 1 1 1 1 1 1 1 1 1 1 1 1 1 1 1 1 1 1 100 1 1 1 1 1 1 1 1 1 1 1 1 1 1 1 1 1 1 1 1 1 1 1 1 1 1 1 1 1 1 1 1 1 1 1 1 1 1 1 1 1 1 1 1 1 1 1 1 1 1 1 1 1 1 1 1 1 1 1 1 1 1 1 1 1 1 1 1 15 10 7 12 1 1 1 16 15 10 12 16 15 11 12 16 1 16 15 16 15 10 12 16 16 15 10 12 16 15 16 1 15 10 12 16 1 1 1 1 1 1 1 1 100 1 1 100 1 100 1 1 100 1 100 1 1
staticfield java/lang/Class EMPTY_CLASS_ARRAY [Ljava/lang/Class; 0 [Ljava/lang/Class;
staticfield java/lang/Class serialPersistentFields [Ljava/io/ObjectStreamField; 0 [Ljava/io/ObjectStreamField;
ciMethod java/lang/Class isArray ()Z 512 0 256 0 -1
ciMethod java/lang/Class isPrimitive ()Z 768 0 384 0 -1
ciInstanceKlass java/io/Serializable 1 0 7 100 1 100 1 1 1
instanceKlass jdk/internal/vm/vector/VectorSupport$VectorShuffle
instanceKlass jdk/internal/vm/vector/VectorSupport$VectorMask
instanceKlass jdk/internal/vm/vector/VectorSupport$Vector
ciInstanceKlass jdk/internal/vm/vector/VectorSupport$VectorPayload 0 0 32 10 100 12 1 1 1 9 100 12 1 1 1 10 100 12 1 1 1 1 1 1 1 1 1 1 1 1 1 1 1 1
ciInstanceKlass jdk/internal/vm/vector/VectorSupport$VectorShuffle 0 0 28 10 100 12 1 1 1 100 1 1 1 1 1 1 1 1 1 1 1 1 1 1 1 100 1 1 1 1
ciInstanceKlass jdk/internal/vm/vector/VectorSupport$VectorMask 0 0 28 10 100 12 1 1 1 100 1 1 1 1 1 1 1 1 1 1 1 1 1 1 1 100 1 1 1 1
ciInstanceKlass jdk/internal/vm/vector/VectorSupport$Vector 0 0 28 10 100 12 1 1 1 100 1 1 1 1 1 1 1 1 1 1 1 1 1 1 1 100 1 1 1 1
ciInstanceKlass jdk/internal/vm/vector/VectorSupport 0 0 487 100 1 10 100 12 1 1 1 9 12 1 1 10 12 1 1 100 1 10 12 1 11 100 12 1 1 1 11 100 12 1 1 1 11 100 12 1 1 11 100 12 1 1 1 11 100 1 100 1 10 12 1 1 11 100 12 1 1 11 100 12 1 1 100 1 11 100 12 1 1 11 100 12 1 1 11 100 12 1 1 1 11 100 12 1 1 1 11 100 12 1 1 1 11 100 12 1 1 1 100 1 10 12 1 1 11 100 12 1 1 100 1 11 100 12 1 1 11 100 12 1 1 11 100 12 1 1 11 100 1 100 1 9 12 1 1 10 100 12 1 1 11 100 12 1 1 10 12 1 1 10 100 12 1 1 1 10 12 1 10 12 1 1 10 12 1 1 1 1 1 3 1 3 1 3 1 3 1 3 1 3 1 3 1 3 1 3 1 3 1 3 1 3 1 3 1 3 1 3 1 3 1 3 1 3 1 3 1 3 1 3 1 3 1 3 1 3 1 3 1 3 1 3 1 3 1 3 1 3 1 3 1 3 1 3 1 3 1 3 1 3 1 3 1 3 1 3 1 1 1 1 1 3 1 1 1 1 1 1 3 1 1 1 1 1 1 1 1 1 1 1 1 1 1 1 1 1 1 1 1 1 1 1 1 1 1 1 1 1 1 1 1 1 1 1 1 1 1 1 1 1 1 1 1 1 1 1 1 1 1 1 1 1 1 1 1 1 1 1 1 1 1 1 1 1 1 1 1 1 1 1 1 1 1 1 1 1 1 1 1 1 1 1 1 1 1 1 1 1 1 1 1 1 1 1 1 1 1 1 1 1 1 1 1 1 1 1 1 1 1 1 1 1 1 1 1 1 1 1 1 1 1 1 1 1 1 1 1 1 1 1 1 1 1 1 1 1 1 1 1 1 1 1 1 1 1 1 1 1 1 1 1 1 1 1 1 1 1 1 1 1 1 1 1 1 1 1 1 1 1 1 1 1 1 1 1 1 1 1 1 1 1 1 1 1 1 1 1 1 1 1 1 1 1 1 1 1 1 1 100 1 100 1 1 1 1 1 1 1 1 1 1 1 1 1 1 1 1 1 1 1 1 1 1 1 1
ciInstanceKlass java/lang/reflect/RecordComponent 0 0 196 10 100 12 1 1 1 9 100 12 1 1 1 9 12 1 1 9 12 1 10 12 1 1 10 12 1 1 10 100 12 1 1 1 10 12 1 1 9 12 1 1 10 12 1 1 10 12 1 1 10 12 1 10 100 12 1 1 10 100 12 1 1 9 12 1 1 10 100 12 1 1 1 11 100 12 1 1 1 10 9 100 12 1 1 1 10 100 12 1 1 1 9 12 1 1 10 100 12 1 1 1 10 12 1 1 11 100 12 1 1 10 100 12 1 1 100 1 9 12 1 9 12 1 1 9 12 1 10 100 12 1 1 1 10 12 1 1 10 12 1 1 100 1 10 10 12 1 10 12 1 1 8 1 10 12 1 10 12 1 9 12 1 100 1 1 1 1 1 1 1 1 1 1 1 1 1 1 1 1 1 1 1 1 1 1 100 1 1 1 1 1 1 100 1 1
ciInstanceKlass java/util/Iterator 1 1 53 100 1 8 1 10 12 1 1 10 7 12 1 1 1 11 7 12 1 1 1 11 12 1 1 11 7 12 1 1 1 100 1 1 1 1 1 1 1 1 1 1 1 1 1 1 1 1 1 1 1 1 1
instanceKlass com/badlogic/gdx/graphics/glutils/ShapeRenderer$ShapeType
instanceKlass sun/security/ssl/Alert$Level
instanceKlass sun/security/ssl/Alert
instanceKlass ch/qos/logback/core/spi/FilterReply
instanceKlass org/jetbrains/exposed/sql/statements/api/IdentifierManagerApi$OracleVersion
instanceKlass com/mysql/cj/QueryReturnType
instanceKlass com/mysql/cj/Query$CancelStatus
instanceKlass com/mysql/cj/MysqlType
instanceKlass com/mysql/cj/protocol/a/authentication/CachingSha2PasswordPlugin$AuthStage
instanceKlass javax/net/ssl/SSLEngineResult$HandshakeStatus
instanceKlass sun/security/ssl/X509Authentication
instanceKlass sun/security/ssl/Finished$VerifyDataScheme
instanceKlass sun/security/rsa/RSAUtil$KeyType
instanceKlass sun/security/ssl/SSLTrafficKeyDerivation$KeySchedule
instanceKlass sun/security/ssl/SSLTrafficKeyDerivation
instanceKlass sun/security/ssl/SSLSecretDerivation$SecretSchedule
instanceKlass sun/security/ssl/ContentType
instanceKlass sun/security/ssl/SSLKeyExchange$T12KeyAgreement
instanceKlass sun/security/ssl/PskKeyExchangeModesExtension$PskKeyExchangeMode
instanceKlass sun/security/ssl/ECPointFormatsExtension$ECPointFormat
instanceKlass sun/security/ssl/CertStatusExtension$CertStatusRequestType
instanceKlass sun/security/ssl/SSLExtension
instanceKlass sun/security/ssl/SignatureScheme$SigAlgParamSpec
instanceKlass sun/security/ssl/SignatureScheme
instanceKlass sun/security/ssl/ClientAuthType
instanceKlass sun/security/ssl/SSLHandshake
instanceKlass sun/security/ssl/NamedGroup
instanceKlass sun/security/ssl/NamedGroup$NamedGroupSpec
instanceKlass sun/security/ssl/CipherSuite$KeyExchange
instanceKlass sun/security/ssl/CipherSuite$MacAlg
instanceKlass sun/security/ssl/CipherSuite$HashAlg
instanceKlass sun/security/ssl/CipherType
instanceKlass sun/security/ssl/SSLCipher
instanceKlass sun/security/ssl/CipherSuite
instanceKlass java/security/CryptoPrimitive
instanceKlass sun/security/util/DisabledAlgorithmConstraints$Constraint$Operator
instanceKlass sun/security/ssl/ProtocolVersion
instanceKlass com/mysql/cj/protocol/a/NativeConstants$StringSelfDataType
instanceKlass com/mysql/cj/protocol/a/NativeConstants$StringLengthDataType
instanceKlass com/mysql/cj/protocol/a/NativeConstants$IntegerDataType
instanceKlass com/mysql/cj/protocol/Resultset$Concurrency
instanceKlass com/mysql/cj/protocol/Resultset$Type
instanceKlass com/mysql/cj/conf/PropertyDefinitions$Compression
instanceKlass com/mysql/cj/conf/PropertyDefinitions$AuthMech
instanceKlass com/mysql/cj/conf/PropertyDefinitions$XdevapiSslMode
instanceKlass com/mysql/cj/conf/PropertyDefinitions$ZeroDatetimeBehavior
instanceKlass com/mysql/cj/conf/PropertyDefinitions$SslMode
instanceKlass com/mysql/cj/conf/PropertyDefinitions$DatabaseTerm
instanceKlass java/math/RoundingMode
instanceKlass com/mysql/cj/util/SearchMode
instanceKlass com/mysql/cj/conf/PropertyKey
instanceKlass com/mysql/cj/conf/ConnectionUrl$HostsCardinality
instanceKlass com/mysql/cj/conf/ConnectionUrl$Type
instanceKlass org/jetbrains/exposed/sql/statements/StatementGroup
instanceKlass org/jetbrains/exposed/sql/statements/StatementType
instanceKlass com/badlogic/gdx/graphics/TextureData$TextureDataType
instanceKlass com/badlogic/gdx/graphics/Texture$TextureWrap
instanceKlass com/badlogic/gdx/graphics/Texture$TextureFilter
instanceKlass com/badlogic/gdx/graphics/Mesh$VertexDataType
instanceKlass java/time/format/TextStyle
instanceKlass java/time/format/DateTimeFormatterBuilder$SettingsParser
instanceKlass java/time/format/ResolverStyle
instanceKlass java/time/format/SignStyle
instanceKlass java/time/temporal/JulianFields$Field
instanceKlass java/time/temporal/IsoFields$Unit
instanceKlass java/time/temporal/IsoFields$Field
instanceKlass ch/qos/logback/core/joran/spi/ConsoleTarget
instanceKlass ch/qos/logback/classic/spi/Configurator$ExecutionStatus
instanceKlass kotlin/LazyThreadSafetyMode
instanceKlass com/badlogic/gdx/graphics/glutils/GLVersion$Type
instanceKlass com/badlogic/gdx/Application$ApplicationType
instanceKlass com/badlogic/gdx/graphics/Pixmap$Format
instanceKlass com/badlogic/gdx/graphics/Pixmap$Filter
instanceKlass com/badlogic/gdx/graphics/Pixmap$Blending
instanceKlass java/nio/file/AccessMode
instanceKlass org/lwjgl/Version$BuildType
instanceKlass org/lwjgl/system/Platform$Architecture
instanceKlass java/lang/invoke/MethodHandleImpl$ArrayAccess
instanceKlass java/lang/constant/DirectMethodHandleDesc$Kind
instanceKlass java/lang/invoke/VarHandle$VarHandleDesc$Kind
instanceKlass org/lwjgl/system/Platform
instanceKlass java/security/DrbgParameters$Capability
instanceKlass sun/security/util/KnownOIDs
instanceKlass java/lang/StackWalker$Option
instanceKlass java/io/ObjectInputFilter$Status
instanceKlass com/sun/management/VMOption$Origin
instanceKlass java/util/Locale$Category
instanceKlass java/util/regex/Pattern$Qtype
instanceKlass com/badlogic/gdx/graphics/glutils/HdpiMode
instanceKlass com/badlogic/gdx/Files$FileType
instanceKlass com/badlogic/gdx/backends/lwjgl3/Lwjgl3ApplicationConfiguration$GLEmulation
instanceKlass java/lang/management/MemoryType
instanceKlass java/lang/annotation/RetentionPolicy
instanceKlass java/lang/annotation/ElementType
instanceKlass java/lang/Thread$State
instanceKlass sun/util/logging/PlatformLogger$Level
instanceKlass java/lang/System$Logger$Level
instanceKlass java/net/Proxy$Type
instanceKlass java/net/StandardProtocolFamily
instanceKlass jdk/internal/logger/BootstrapLogger$LoggingBackend
instanceKlass java/time/temporal/ChronoUnit
instanceKlass java/time/temporal/ChronoField
instanceKlass java/time/zone/ZoneOffsetTransitionRule$TimeDefinition
instanceKlass java/time/DayOfWeek
instanceKlass java/time/Month
instanceKlass sun/util/locale/provider/LocaleProviderAdapter$Type
instanceKlass java/util/concurrent/TimeUnit
instanceKlass java/nio/file/LinkOption
instanceKlass sun/nio/fs/WindowsPathType
instanceKlass java/nio/file/StandardOpenOption
instanceKlass java/util/stream/Collector$Characteristics
instanceKlass java/util/stream/StreamShape
instanceKlass java/lang/invoke/MethodHandles$Lookup$ClassOption
instanceKlass java/lang/invoke/VarHandle$AccessType
instanceKlass java/lang/invoke/VarHandle$AccessMode
instanceKlass java/lang/invoke/MethodHandleImpl$Intrinsic
instanceKlass java/lang/invoke/LambdaForm$BasicType
instanceKlass java/lang/invoke/LambdaForm$Kind
instanceKlass sun/invoke/util/Wrapper
instanceKlass java/util/stream/StreamOpFlag$Type
instanceKlass java/util/stream/StreamOpFlag
instanceKlass java/io/File$PathStatus
instanceKlass java/lang/module/ModuleDescriptor$Requires$Modifier
instanceKlass java/lang/module/ModuleDescriptor$Modifier
ciInstanceKlass java/lang/Enum 1 1 188 9 7 12 1 1 1 9 12 1 1 10 7 12 1 1 1 10 12 1 1 100 1 10 10 12 1 1 10 12 1 100 1 10 10 7 12 1 1 10 12 1 1 18 12 1 1 10 100 12 1 1 1 10 12 1 1 11 7 12 1 1 1 100 1 8 1 10 12 1 100 1 100 1 10 8 1 10 12 1 1 10 12 1 1 8 1 10 12 1 10 100 1 8 1 10 10 12 1 1 10 100 12 1 1 1 100 1 100 1 100 1 1 1 1 1 1 1 1 1 1 1 1 1 1 1 1 1 1 1 1 1 1 1 1 1 1 1 1 1 1 1 1 1 1 1 1 1 1 1 1 1 100 1 100 1 1 100 1 1 1 1 1 1 1 1 1 1 1 15 10 100 12 1 1 1 16 15 10 12 16 1 1 100 1 100 1 1
ciInstanceKlass java/lang/System 1 1 803 10 100 12 1 1 1 9 7 12 1 1 1 10 12 1 10 12 1 1 10 12 1 1 10 12 1 9 12 1 1 10 7 12 1 1 1 11 100 12 1 1 1 10 100 12 1 1 1 10 12 1 1 10 12 1 1 100 1 8 1 10 12 1 10 100 12 1 1 1 10 7 12 1 1 1 18 12 1 1 10 100 12 1 1 1 100 1 10 12 1 1 10 100 12 1 1 1 10 12 1 10 7 12 1 1 1 9 100 12 1 1 1 10 100 12 1 1 1 11 7 12 1 1 1 10 12 1 1 10 7 12 1 1 1 100 1 10 10 12 1 1 8 1 10 12 1 8 1 10 12 1 9 12 1 1 8 1 10 7 12 1 1 1 10 12 1 1 100 1 8 1 10 9 12 1 1 8 1 10 12 1 1 10 100 12 1 1 1 8 1 10 12 1 100 1 10 12 1 8 1 10 12 1 10 12 1 1 100 1 10 12 10 12 1 9 12 1 1 9 12 1 1 10 7 12 1 1 1 10 7 12 1 1 1 10 12 1 1 10 12 1 10 12 1 10 7 12 1 1 1 10 12 1 100 1 100 1 8 1 10 12 1 10 12 1 1 7 1 10 12 1 100 1 8 1 10 10 12 1 100 1 8 1 10 8 1 10 7 12 1 1 8 1 10 12 100 1 8 1 10 10 12 1 1 10 7 12 1 1 1 100 1 18 12 1 100 1 9 100 12 1 1 1 10 12 1 100 1 10 12 1 1 10 12 1 1 10 7 12 1 1 1 10 12 1 1 10 12 1 10 12 1 10 12 1 1 10 12 1 7 1 10 12 1 10 12 1 100 1 10 12 1 10 7 12 1 1 1 100 1 8 1 10 9 12 1 9 12 1 10 12 1 10 100 12 1 1 10 12 1 10 12 1 1 8 1 10 12 1 1 8 1 11 12 1 10 12 11 12 1 1 11 7 12 1 1 1 11 7 12 1 1 11 12 1 1 7 1 11 12 1 10 12 1 8 1 10 12 1 1 8 1 8 1 8 1 8 1 11 12 1 10 12 1 10 12 1 10 12 1 10 7 12 1 1 8 1 7 1 9 7 12 1 1 1 10 12 1 7 1 9 12 10 9 12 7 1 10 12 8 1 10 12 1 1 8 1 10 7 12 1 1 10 12 1 10 7 12 1 1 1 10 12 1 1 10 7 12 1 1 1 10 12 10 7 12 1 1 1 9 12 1 1 100 1 8 1 10 12 1 1 10 7 12 1 1 1 7 1 10 12 1 1 8 1 10 8 1 8 1 8 1 8 1 10 10 7 12 1 1 10 12 1 1 10 12 1 1 10 12 1 1 10 12 1 10 100 12 1 1 1 10 100 1 8 1 10 10 10 12 1 1 10 12 1 1 8 1 10 12 1 8 1 10 12 1 10 12 1 1 7 1 10 10 12 1 10 12 1 9 12 1 1 1 3 1 3 1 1 1 1 1 1 1 1 1 1 1 1 100 1 1 100 1 1 1 1 1 1 1 1 1 1 1 100 1 100 1 1 1 1 1 1 1 1 1 1 1 1 1 1 1 1 1 1 1 1 1 1 1 1 1 1 1 1 1 1 1 1 1 1 1 1 1 1 1 1 1 1 1 1 1 1 1 1 1 1 1 1 1 1 1 1 1 1 100 1 1 1 1 1 1 1 1 1 1 1 1 1 1 1 1 1 1 1 1 1 1 1 1 1 1 1 1 1 1 1 1 1 100 1 1 15 10 100 12 1 1 1 16 15 10 12 1 1 16 15 10 12 16 1 1 1 1 1 1 1 100 1 100 1 1
staticfield java/lang/System in Ljava/io/InputStream; java/io/BufferedInputStream
staticfield java/lang/System out Ljava/io/PrintStream; java/io/PrintStream
staticfield java/lang/System err Ljava/io/PrintStream; java/io/PrintStream
instanceKlass javax/management/remote/rmi/RMIConnectionImpl$CombinedClassLoader$ClassLoaderWrapper
instanceKlass javax/management/remote/rmi/RMIConnectionImpl$CombinedClassLoader
instanceKlass com/sun/jmx/remote/util/ClassLoaderWithRepository
instanceKlass jdk/internal/reflect/DelegatingClassLoader
instanceKlass java/security/SecureClassLoader
ciInstanceKlass java/lang/ClassLoader 1 1 1098 9 7 12 1 1 1 10 7 12 1 1 1 9 12 1 1 10 7 12 1 1 1 7 1 10 12 1 1 10 12 1 1 9 12 1 1 10 12 1 1 100 1 10 12 1 10 12 1 1 10 7 12 1 1 1 100 1 8 1 10 12 1 10 7 12 1 1 1 10 100 12 1 10 7 1 10 7 1 7 1 7 1 10 12 1 10 12 1 9 12 1 1 10 10 7 12 1 1 1 9 12 1 1 9 12 1 9 12 1 1 9 12 1 9 12 1 1 9 12 1 1 7 1 10 12 1 9 12 1 1 10 12 1 1 10 7 12 1 1 1 9 12 1 9 12 1 1 9 12 1 10 12 1 1 9 12 10 12 1 1 7 1 10 8 1 10 12 1 1 10 12 1 10 7 1 7 1 10 12 1 1 10 7 12 1 1 1 8 1 10 12 1 10 12 1 10 12 1 1 10 12 1 1 10 12 1 1 10 12 1 1 10 12 1 1 10 12 1 100 1 10 12 1 10 100 12 1 1 1 10 12 1 1 10 12 1 10 12 1 10 12 1 10 12 1 10 12 1 1 10 10 12 1 10 12 1 10 100 12 1 1 10 12 1 1 10 12 1 1 10 12 1 100 1 10 12 1 100 1 10 12 1 10 100 12 1 1 1 10 10 12 1 1 10 12 1 1 100 1 8 1 10 8 1 10 12 1 10 12 1 100 1 8 1 10 12 1 1 10 12 1 1 10 10 12 1 1 10 12 1 1 10 12 1 1 10 7 1 10 12 1 1 10 12 1 1 10 12 1 1 10 12 1 1 10 12 1 1 10 12 1 1 10 12 1 10 7 12 1 1 1 10 12 1 10 12 1 10 12 1 1 10 12 1 10 12 1 10 12 1 10 12 1 1 10 12 1 10 12 1 1 8 1 9 12 1 10 12 1 1 8 1 8 1 10 7 12 1 1 100 1 10 10 12 10 12 1 10 12 1 10 12 1 10 12 1 1 10 7 12 1 1 10 12 1 10 7 1 7 1 10 12 1 1 10 12 1 10 7 1 10 12 1 100 1 18 12 1 10 100 12 1 1 1 10 100 12 1 1 1 10 7 12 1 1 10 12 1 1 10 12 1 10 12 1 1 100 1 10 12 1 10 12 1 1 10 7 12 1 1 10 12 1 8 1 100 1 10 10 12 1 9 12 1 10 7 12 1 1 10 12 1 100 1 8 1 10 12 1 10 8 1 8 1 10 12 1 1 10 12 1 1 10 12 1 1 10 100 12 1 1 1 100 1 100 1 10 12 1 1 100 1 100 1 10 100 12 1 1 10 12 1 10 12 1 1 10 12 1 10 12 1 1 10 12 1 1 9 100 12 1 1 1 10 12 1 1 10 12 1 10 12 1 10 12 1 1 10 12 1 8 1 10 12 1 7 1 18 12 1 1 10 12 1 1 10 12 1 10 12 1 10 12 1 8 1 10 12 1 10 12 1 18 12 1 11 100 12 1 1 1 100 1 10 12 1 1 10 12 1 10 11 12 1 1 10 18 10 12 1 1 11 100 12 1 18 12 1 11 12 1 1 10 12 10 12 1 1 10 12 1 1 100 1 8 1 10 10 12 1 8 1 8 1 10 100 12 1 1 10 12 1 100 1 10 10 12 1 8 1 8 1 8 1 10 12 1 10 12 1 1 10 12 1 10 100 12 1 1 1 11 100 12 1 1 100 1 10 11 10 12 1 10 12 1 10 12 1 1 9 100 12 1 1 9 12 1 1 9 12 9 12 1 9 12 1 9 12 1 8 10 12 1 1 10 7 12 1 1 1 10 12 1 1 10 12 1 1 10 12 1 10 10 12 1 11 12 1 1 10 100 12 1 1 1 100 1 10 12 1 10 12 1 10 12 1 1 1 1 1 1 1 1 1 1 1 1 1 1 1 1 1 1 1 1 1 1 1 1 1 1 1 1 100 1 1 1 1 1 1 1 1 1 1 1 1 1 1 1 1 1 1 1 1 1 100 1 1 1 1 1 1 1 1 1 1 100 1 1 1 1 1 1 1 1 1 1 1 1 1 1 1 1 1 1 1 1 1 1 1 1 1 1 1 1 1 1 1 1 1 1 1 1 1 1 1 1 1 100 1 1 1 1 1 1 1 1 1 1 1 1 1 1 1 1 1 1 100 1 1 1 1 1 1 1 1 1 1 1 1 1 1 1 1 1 1 1 1 1 1 1 1 1 1 1 1 1 1 1 1 1 1 1 1 1 1 1 1 1 1 1 1 1 1 1 1 1 1 1 100 1 1 1 1 1 1 1 1 1 1 1 1 1 1 1 1 1 1 1 1 1 1 1 1 1 1 1 1 1 1 1 1 1 1 1 1 1 1 1 1 1 1 1 1 1 1 15 10 100 12 1 1 1 16 1 15 10 12 16 1 16 15 10 12 16 1 16 1 15 10 12 16 15 10 12 16 15 10 12 16 1 1 100 1 100 1 1
staticfield java/lang/ClassLoader nocerts [Ljava/security/cert/Certificate; 0 [Ljava/security/cert/Certificate;
staticfield java/lang/ClassLoader $assertionsDisabled Z 1
ciInstanceKlass jdk/internal/reflect/DelegatingClassLoader 1 1 18 10 7 12 1 1 1 100 1 1 1 1 1 1 1 1 1 1
instanceKlass sun/reflect/misc/MethodUtil
instanceKlass jdk/internal/loader/BuiltinClassLoader
ciInstanceKlass java/security/SecureClassLoader 1 1 102 10 7 12 1 1 1 7 1 10 12 1 9 7 12 1 1 1 10 12 1 10 12 1 10 12 1 1 10 12 1 1 10 12 1 7 1 10 7 1 10 12 1 7 1 10 12 1 11 7 12 1 1 1 7 1 11 12 1 10 12 1 1 1 1 1 1 1 1 1 1 1 1 1 1 1 1 1 1 1 1 1 1 1 1 1 1 1 1 1 1 1 1 1 1 1 1 100 1 1 1 1
instanceKlass jdk/internal/loader/ClassLoaders$BootClassLoader
instanceKlass jdk/internal/loader/ClassLoaders$PlatformClassLoader
instanceKlass jdk/internal/loader/ClassLoaders$AppClassLoader
ciInstanceKlass jdk/internal/loader/BuiltinClassLoader 1 1 737 9 7 12 1 1 1 10 7 12 1 1 1 10 7 12 1 1 1 9 12 1 1 9 12 1 1 7 1 10 12 1 9 12 1 10 12 1 9 12 1 10 7 12 1 1 1 10 7 12 1 1 1 10 7 12 1 1 1 11 7 12 1 1 1 100 1 100 1 10 10 12 1 1 8 1 10 12 1 10 12 7 1 10 12 1 10 12 1 1 11 7 12 1 1 1 11 7 12 1 1 1 11 12 1 1 7 1 8 1 8 1 10 9 12 1 1 10 7 12 1 1 11 12 1 1 10 12 1 1 10 12 1 1 10 12 1 1 10 7 12 1 1 1 10 12 1 10 100 12 1 1 1 10 12 1 1 11 7 12 1 1 1 10 7 12 1 1 7 1 10 7 12 1 1 1 10 12 1 100 1 8 1 10 12 1 1 10 8 1 10 12 1 1 10 12 1 1 10 12 1 1 11 7 12 1 1 11 12 1 7 1 10 11 12 1 1 11 10 12 1 1 7 1 10 12 1 10 7 12 1 10 12 1 7 1 10 12 1 10 7 12 1 1 1 100 1 10 12 1 1 11 12 1 100 1 100 1 10 12 1 10 12 1 1 100 1 100 1 10 12 1 10 12 1 18 12 1 1 10 12 1 10 12 1 1 18 100 1 10 7 12 1 1 1 7 1 10 10 12 1 1 10 12 1 1 10 12 1 1 10 12 1 9 12 1 1 100 1 10 10 12 1 1 10 12 1 1 10 12 1 10 12 10 12 1 1 10 12 1 1 10 12 1 1 10 12 1 10 12 1 1 18 12 1 7 1 10 12 1 1 10 12 1 10 12 1 1 10 12 1 100 1 10 12 1 7 1 10 12 1 10 7 12 1 1 1 10 12 1 11 12 1 7 1 10 12 1 7 1 100 1 10 12 1 10 12 1 11 12 1 1 10 12 1 1 10 12 1 1 10 12 1 1 10 12 1 1 10 12 1 10 12 1 10 12 1 10 12 1 8 1 10 12 1 1 10 7 12 1 1 10 12 1 100 1 8 1 8 1 10 10 12 1 8 1 8 1 10 7 12 1 1 1 11 7 12 1 1 1 9 7 12 1 1 1 10 7 12 1 1 1 9 12 1 9 12 1 9 12 1 9 12 1 9 12 1 9 12 1 10 7 12 1 1 1 8 1 10 12 1 7 1 10 12 1 1 10 12 1 7 1 10 11 12 1 1 10 12 10 12 1 10 12 1 100 1 10 12 1 10 12 1 10 10 12 1 10 7 12 1 1 8 1 10 7 12 1 1 10 12 1 1 1 1 1 1 1 1 1 1 1 1 1 1 1 1 1 1 1 1 1 1 1 1 1 1 1 1 1 1 1 1 1 1 1 1 1 1 1 1 1 1 1 1 1 1 1 1 1 1 1 1 1 1 1 1 100 1 1 1 1 1 1 1 1 1 1 1 1 1 1 1 1 1 1 100 1 100 1 1 1 1 1 1 1 1 1 1 1 1 1 1 1 1 1 1 1 1 1 1 1 1 1 1 1 1 1 1 1 1 1 1 1 1 1 1 1 1 1 1 1 1 1 1 1 1 1 1 1 100 1 1 15 10 100 12 1 1 1 16 15 10 12 16 15 10 12 16 15 10 12 16 1 1 1 100 1 1 1 1 1 100 1 100 1 1
staticfield jdk/internal/loader/BuiltinClassLoader packageToModule Ljava/util/Map; java/util/concurrent/ConcurrentHashMap
staticfield jdk/internal/loader/BuiltinClassLoader $assertionsDisabled Z 1
ciInstanceKlass java/security/AccessController 1 1 295 10 100 12 1 1 1 10 7 12 1 1 1 10 7 12 1 1 1 10 12 1 1 10 12 1 1 10 7 12 1 1 1 10 12 1 1 10 12 1 10 12 1 1 10 12 1 100 1 8 1 10 12 1 10 12 1 10 12 1 1 10 12 1 7 1 7 1 10 12 1 1 10 12 1 10 12 1 10 12 1 1 10 7 12 1 1 1 10 12 1 1 9 100 12 1 1 1 10 100 12 1 1 1 10 12 1 10 12 1 9 100 12 1 1 1 10 12 1 10 12 1 1 9 12 1 1 10 100 1 10 11 7 12 1 1 1 10 7 12 1 1 11 7 1 7 1 10 12 1 10 12 1 10 12 1 8 1 10 12 1 1 8 1 10 100 12 1 1 1 8 1 100 1 10 10 12 1 1 10 12 1 10 7 12 1 1 1 10 12 1 8 1 10 100 12 1 1 8 1 8 1 10 12 1 8 1 10 12 1 10 12 1 1 10 12 1 1 1 1 1 1 1 1 1 1 1 1 1 1 1 1 1 1 1 1 1 1 1 1 1 1 1 1 100 1 1 1 1 1 1 1 1 1 1 1 1 1 1 1 1 1 1 1 1 1 1 1 1 1 1 1 1 1 1 1 1 1 1 100 1 100 1 1 1 1 1 1 1 1 1 3 1 1 1
staticfield java/security/AccessController $assertionsDisabled Z 1
instanceKlass jdk/internal/reflect/GeneratedConstructorAccessor8
instanceKlass jdk/internal/reflect/GeneratedConstructorAccessor7
instanceKlass jdk/internal/reflect/GeneratedConstructorAccessor6
instanceKlass jdk/internal/reflect/GeneratedConstructorAccessor5
instanceKlass jdk/internal/reflect/GeneratedConstructorAccessor4
instanceKlass jdk/internal/reflect/GeneratedConstructorAccessor3
instanceKlass jdk/internal/reflect/GeneratedConstructorAccessor2
instanceKlass jdk/internal/reflect/SerializationConstructorAccessorImpl
instanceKlass jdk/internal/reflect/BootstrapConstructorAccessorImpl
instanceKlass jdk/internal/reflect/GeneratedConstructorAccessor1
instanceKlass jdk/internal/reflect/DelegatingConstructorAccessorImpl
instanceKlass jdk/internal/reflect/NativeConstructorAccessorImpl
ciInstanceKlass jdk/internal/reflect/ConstructorAccessorImpl 1 1 27 10 7 12 1 1 1 100 1 100 1 1 1 1 1 1 1 1 1 100 1 100 1 100 1 1 1
instanceKlass jdk/internal/reflect/FieldAccessorImpl
instanceKlass jdk/internal/reflect/ConstructorAccessorImpl
instanceKlass jdk/internal/reflect/MethodAccessorImpl
ciInstanceKlass jdk/internal/reflect/MagicAccessorImpl 1 1 16 10 7 12 1 1 1 100 1 1 1 1 1 1 1 1
instanceKlass jdk/internal/reflect/GeneratedMethodAccessor10
instanceKlass jdk/internal/reflect/GeneratedMethodAccessor9
instanceKlass jdk/internal/reflect/GeneratedMethodAccessor8
instanceKlass jdk/internal/reflect/GeneratedMethodAccessor7
instanceKlass jdk/internal/reflect/GeneratedMethodAccessor6
instanceKlass jdk/internal/reflect/GeneratedMethodAccessor5
instanceKlass jdk/internal/reflect/GeneratedMethodAccessor4
instanceKlass jdk/internal/reflect/GeneratedMethodAccessor3
instanceKlass jdk/internal/reflect/GeneratedMethodAccessor2
instanceKlass jdk/internal/reflect/GeneratedMethodAccessor1
instanceKlass jdk/internal/reflect/DelegatingMethodAccessorImpl
instanceKlass jdk/internal/reflect/NativeMethodAccessorImpl
ciInstanceKlass jdk/internal/reflect/MethodAccessorImpl 1 1 25 10 7 12 1 1 1 100 1 100 1 1 1 1 1 1 1 1 1 100 1 100 1 1 1
ciInstanceKlass java/lang/Module 1 1 959 10 7 12 1 1 1 9 7 12 1 1 1 10 7 12 1 1 1 9 12 1 9 12 1 1 9 12 1 1 10 12 1 1 10 12 1 10 12 1 1 10 7 12 1 1 1 7 1 10 7 12 1 1 1 10 12 1 1 11 7 12 1 1 1 10 12 1 1 10 7 12 1 1 1 10 12 1 1 10 7 12 1 1 1 9 100 12 1 1 1 10 100 12 1 1 1 10 12 1 8 1 10 7 12 1 1 1 10 7 12 1 1 1 9 12 1 1 9 12 1 1 10 12 1 9 12 1 1 11 12 1 9 7 12 1 1 10 7 12 1 1 1 10 100 12 1 1 1 10 12 1 1 100 1 100 1 10 10 12 1 1 8 1 10 12 1 10 12 10 12 1 10 12 1 1 10 12 1 1 10 12 1 1 9 7 12 1 1 1 10 12 1 1 10 12 1 1 9 12 1 10 12 1 10 12 1 9 12 1 1 11 7 12 1 1 10 12 1 1 9 12 1 9 12 1 10 12 1 10 12 1 100 1 8 1 10 10 12 1 1 10 12 1 8 1 10 12 1 1 8 1 8 1 10 12 1 1 10 12 1 10 12 1 1 18 12 1 1 10 12 1 1 11 12 1 9 12 1 11 12 10 100 12 1 1 100 1 8 1 10 7 1 11 12 1 1 10 12 1 10 12 1 10 12 1 1 11 12 1 1 11 7 12 1 1 11 12 1 1 9 12 1 11 12 1 10 12 1 1 10 12 1 1 9 12 1 10 12 10 7 12 1 1 10 7 12 1 1 10 7 1 18 12 1 1 11 100 12 1 1 1 18 12 1 11 12 1 1 10 100 12 1 1 1 11 12 1 1 10 7 12 1 1 4 7 1 11 12 1 7 1 7 1 10 10 7 12 1 1 1 10 11 7 12 1 8 1 10 10 12 1 1 10 7 12 1 1 10 12 1 10 12 1 7 1 10 12 1 10 11 12 1 1 10 12 10 12 1 1 9 12 1 100 1 10 10 12 1 1 11 100 1 10 12 1 1 11 12 1 10 10 12 1 11 10 12 1 1 10 12 1 1 10 12 1 1 10 7 12 1 1 10 12 1 10 12 1 1 10 10 12 1 1 10 12 1 18 12 1 11 12 1 18 12 1 10 12 1 10 12 1 10 12 7 1 10 12 1 10 12 1 10 12 1 9 12 1 7 1 10 10 10 10 12 1 10 12 1 10 12 1 10 12 1 1 10 12 1 1 10 12 1 9 12 1 18 12 1 1 10 100 12 1 1 1 100 1 8 1 10 12 1 1 10 12 1 1 10 100 12 1 1 100 1 10 12 1 1 100 1 8 1 100 1 10 100 1 100 1 3 10 12 1 100 1 10 12 1 10 12 1 1 10 12 1 1 100 1 10 12 1 10 12 1 1 100 1 100 1 10 12 8 1 10 12 1 1 10 12 1 1 10 7 12 1 1 10 12 1 1 10 12 1 10 12 10 12 1 1 100 1 10 10 12 1 1 10 100 12 1 1 1 100 1 8 1 10 12 1 1 10 100 12 1 1 8 1 10 12 1 8 1 10 12 1 10 12 10 12 1 8 1 10 10 100 12 1 1 7 1 10 10 12 1 10 7 12 1 1 9 12 1 9 12 1 9 12 1 9 12 1 10 12 11 12 1 10 12 1 100 1 1 1 1 1 1 1 1 1 1 1 1 1 1 1 1 100 1 1 1 1 1 1 1 1 1 1 1 1 1 1 1 1 1 1 1 1 1 1 1 1 1 1 1 1 1 1 1 1 1 1 1 1 1 1 1 1 1 1 1 1 1 1 1 1 1 1 1 1 1 1 1 1 1 1 1 1 1 1 1 1 1 1 1 1 1 1 1 1 1 1 1 1 1 1 1 1 1 1 1 100 100 1 1 1 1 1 1 1 1 1 1 1 1 1 1 1 1 1 1 1 1 1 1 1 1 1 1 1 1 1 1 1 1 1 1 100 1 100 1 100 1 1 1 1 1 1 1 1 1 1 1 1 1 1 1 1 1 1 1 1 1 1 1 1 1 1 1 1 15 10 7 12 1 1 1 16 15 10 12 16 16 15 10 12 16 16 15 10 16 1 15 10 12 16 1 15 10 12 16 1 16 15 10 12 16 1 1 1 1 1 1 1 100 1 100 1 1
staticfield java/lang/Module ALL_UNNAMED_MODULE Ljava/lang/Module; java/lang/Module
staticfield java/lang/Module ALL_UNNAMED_MODULE_SET Ljava/util/Set; java/util/ImmutableCollections$Set12
staticfield java/lang/Module EVERYONE_MODULE Ljava/lang/Module; java/lang/Module
staticfield java/lang/Module EVERYONE_SET Ljava/util/Set; java/util/ImmutableCollections$Set12
staticfield java/lang/Module $assertionsDisabled Z 1
instanceKlass javax/management/AttributeList
ciInstanceKlass java/util/ArrayList 1 1 492 10 7 12 1 1 1 7 1 9 7 12 1 1 1 9 12 1 100 1 100 1 10 8 1 10 12 1 1 10 12 1 10 12 1 1 10 12 1 9 12 1 11 7 12 1 1 1 9 12 1 1 10 12 1 1 7 10 7 12 1 1 1 9 12 1 10 12 1 10 12 1 1 10 7 12 1 1 1 10 7 12 1 1 1 10 12 1 1 10 12 1 1 10 12 1 1 10 12 1 10 12 1 1 100 1 100 1 10 12 1 10 7 12 1 1 1 10 7 12 1 1 10 12 1 10 12 10 12 1 1 10 12 1 1 10 12 1 1 100 1 10 12 1 1 10 12 1 1 10 12 1 100 1 10 11 12 1 1 11 100 12 1 1 1 11 12 1 10 12 1 10 12 1 10 12 1 1 100 1 10 12 1 1 10 10 12 1 1 10 12 1 8 1 8 1 8 1 8 1 10 12 1 1 10 12 1 1 11 12 1 100 1 10 100 12 1 1 10 12 1 10 12 1 1 10 100 12 1 1 10 12 1 10 100 12 1 1 1 11 100 12 1 1 1 10 12 1 100 1 8 1 10 100 1 10 12 1 7 1 10 12 1 10 12 1 1 7 1 10 12 1 10 12 1 1 11 100 12 1 1 7 1 10 12 1 10 12 1 1 11 100 12 1 1 10 12 1 1 10 12 1 1 10 12 1 1 10 12 1 1 11 100 12 1 1 10 12 1 1 100 1 100 1 100 1 1 1 1 5 0 1 3 1 1 1 1 1 1 1 1 1 1 1 1 1 1 1 1 1 1 1 1 1 1 1 1 1 1 1 1 1 1 1 1 1 1 1 1 1 1 1 1 1 1 1 1 1 1 1 1 1 1 1 1 1 1 1 1 1 1 1 1 1 1 1 1 1 1 1 1 1 1 1 1 1 1 1 1 1 1 1 1 1 1 1 1 1 1 1 1 1 1 1 1 1 1 1 1 100 1 1 1 1 100 1 1 1 1 1 1 1 1 1 1 1 1 1 1 1 1 1 1 1 1 1 1 1 1 1 1 1 1 1 100 1 1 1 1 1 1 1 1 1 1 1 1 1 1 1 1 1 1 100 1 100 1 1 1 1 1 1
staticfield java/util/ArrayList EMPTY_ELEMENTDATA [Ljava/lang/Object; 0 [Ljava/lang/Object;
staticfield java/util/ArrayList DEFAULTCAPACITY_EMPTY_ELEMENTDATA [Ljava/lang/Object; 0 [Ljava/lang/Object;
ciInstanceKlass java/util/concurrent/ConcurrentHashMap 1 1 1210 7 1 7 1 3 10 12 1 1 3 100 1 10 7 12 1 1 1 100 1 10 100 12 1 1 1 100 1 11 12 1 1 11 12 1 11 12 1 1 9 12 1 1 9 12 1 1 9 12 1 10 7 12 1 1 1 7 1 10 12 1 1 10 12 1 1 10 7 12 1 1 1 4 10 12 1 9 12 1 10 12 1 1 100 1 10 5 0 10 12 1 10 12 1 1 5 0 10 12 1 1 10 12 1 9 12 1 1 10 12 1 1 9 12 1 9 12 1 1 10 12 1 1 9 12 1 10 12 1 1 9 12 1 1 10 12 1 1 100 1 10 100 1 10 12 1 10 12 1 1 10 12 1 1 10 12 1 1 10 12 1 10 12 1 1 10 12 1 1 100 1 10 12 1 1 7 1 100 1 8 1 10 12 1 10 12 1 1 10 12 1 1 11 7 12 1 1 10 12 1 1 11 12 1 1 11 7 12 1 1 1 11 7 12 1 1 1 11 12 1 7 1 11 12 1 11 12 1 10 12 1 1 10 12 1 1 9 12 1 1 10 100 12 1 1 1 9 10 12 1 1 9 12 1 10 12 1 1 5 0 9 12 1 1 7 1 10 12 1 9 12 1 1 7 1 10 12 1 9 12 1 7 1 10 100 1 10 10 12 1 1 8 1 10 12 1 10 12 1 1 11 100 1 10 12 1 10 100 12 1 1 1 8 1 10 100 12 1 1 1 8 1 10 12 1 8 1 10 12 1 10 12 1 1 10 100 12 1 1 10 12 1 10 12 1 10 12 1 9 12 1 9 10 12 1 9 12 1 1 11 100 12 1 1 1 11 100 12 1 1 1 100 1 10 12 11 100 12 1 1 10 11 7 12 1 10 12 1 100 1 10 12 1 7 1 10 10 9 7 12 1 1 1 10 12 3 10 100 12 1 1 9 12 1 10 12 1 1 9 12 1 1 9 12 1 10 12 1 1 10 100 12 1 1 9 12 1 9 7 12 1 1 10 12 1 1 10 12 1 3 9 12 1 9 12 1 10 12 1 1 7 1 9 3 9 12 1 100 1 10 12 1 9 12 1 10 12 1 9 12 1 10 12 1 9 12 1 10 100 12 1 1 1 100 10 12 1 100 1 5 0 10 100 12 1 1 100 1 10 12 1 1 10 12 1 10 12 1 100 1 10 12 1 10 100 1 100 1 10 10 12 1 10 100 1 10 12 1 10 100 1 10 12 1 10 100 1 10 12 1 1 100 1 10 12 1 10 10 12 1 100 1 10 12 1 10 10 12 1 100 1 10 12 1 10 100 1 10 12 1 10 100 1 10 12 1 10 100 1 10 12 1 10 100 1 10 12 1 10 100 1 10 12 1 10 100 1 10 12 1 10 100 1 10 12 1 10 100 1 10 10 100 1 10 10 100 1 10 10 100 1 10 12 1 10 100 1 10 12 1 10 100 1 10 12 1 10 100 1 10 12 1 10 100 1 10 12 1 10 100 1 10 10 100 1 10 10 100 1 10 10 100 1 10 12 1 10 100 1 10 12 1 10 100 1 10 12 1 10 100 1 10 12 1 10 100 1 10 12 1 10 10 12 1 10 7 12 1 1 1 10 12 1 7 1 7 1 10 12 1 9 12 1 1 9 12 1 1 10 12 1 1 8 10 12 1 1 8 8 8 8 7 10 12 1 1 10 12 1 100 1 8 1 10 7 1 100 1 100 1 1 1 5 0 1 1 3 1 3 1 1 1 1 3 1 3 1 3 1 1 1 1 1 3 1 3 1 3 1 1 1 1 1 1 1 1 1 1 1 1 1 1 1 1 1 1 1 1 1 1 1 1 1 100 1 1 1 1 1 1 1 1 1 1 1 1 1 1 1 1 1 1 1 1 1 1 1 1 1 1 1 1 1 1 1 1 1 1 1 1 1 1 1 1 1 1 1 1 1 1 1 1 1 1 1 1 1 1 1 1 1 1 1 1 1 1 1 1 1 1 1 1 1 1 1 1 1 1 1 1 1 1 1 1 1 1 1 1 100 1 1 1 1 1 1 1 1 1 1 1 100 1 1 1 1 1 1 1 1 1 1 1 1 1 1 1 1 1 1 1 1 1 1 1 1 1 1 1 1 1 1 1 1 1 1 1 1 1 1 1 1 1 1 1 1 1 1 1 1 1 1 1 1 1 1 1 1 1 1 1 1 1 1 1 1 1 1 1 1 1 1 1 1 1 1 1 1 1 1 1 1 1 1 1 1 1 1 1 1 1 1 1 1 1 1 1 1 1 1 1 1 1 1 1 1 1 1 1 1 1 1 1 1 1 1 1 1 1 1 1 1 1 1 1 1 1 1 1 1 1 1 1 1 1 1 1 1 1 1 1 1 1 1 1 1 1 1 1 1 1 1 1 1 1 1 1 1 1 1 1 1 1 1 1 1 1 1 1 1 1 1 1 1 1 1 1 1 1 1 1 1 1 1 1 1 1 1 1 1 1 1 1 1 1 1 1 1 1 1 1 1 1 1 1 1 1 1 1 1 1 1 1 1 1 1 1 1 1 1 1 1 1 1 1 100 1 100 1 100 1 100 1 100 1 100 1 100 1 100 1 100 1 1 1 1 1 1 1 1 1 1 1 1 1 1 1 1 1 1 1 1 1 1 1 1 1 1 1 1 1 1 1 1 1 1 1 1 1 1 1 1 1 1 1 1 1 1 1 1 1 1 1 1 1 1 1 1 1 1
staticfield java/util/concurrent/ConcurrentHashMap NCPU I 8
staticfield java/util/concurrent/ConcurrentHashMap serialPersistentFields [Ljava/io/ObjectStreamField; 3 [Ljava/io/ObjectStreamField;
staticfield java/util/concurrent/ConcurrentHashMap U Ljdk/internal/misc/Unsafe; jdk/internal/misc/Unsafe
staticfield java/util/concurrent/ConcurrentHashMap SIZECTL J 20
staticfield java/util/concurrent/ConcurrentHashMap TRANSFERINDEX J 32
staticfield java/util/concurrent/ConcurrentHashMap BASECOUNT J 24
staticfield java/util/concurrent/ConcurrentHashMap CELLSBUSY J 36
staticfield java/util/concurrent/ConcurrentHashMap CELLVALUE J 144
staticfield java/util/concurrent/ConcurrentHashMap ABASE I 16
staticfield java/util/concurrent/ConcurrentHashMap ASHIFT I 2
ciInstanceKlass java/lang/String 1 1 1396 10 7 12 1 1 1 8 1 9 7 12 1 1 1 9 12 1 1 9 12 1 1 10 12 1 10 12 1 1 10 12 1 1 9 12 1 1 10 7 12 1 1 1 10 7 1 10 7 12 1 1 1 10 12 1 1 10 12 1 1 10 12 1 10 12 1 1 10 12 1 10 7 12 1 1 1 9 7 12 1 1 1 10 7 12 1 1 1 10 12 1 1 10 12 1 1 10 12 1 1 10 12 1 1 10 12 1 1 9 7 12 1 1 10 12 9 7 12 1 1 3 10 7 12 1 1 1 7 1 11 12 1 1 11 12 1 11 12 1 1 10 100 12 1 1 1 10 12 1 1 9 100 12 1 1 1 10 12 1 1 10 12 1 11 12 1 1 10 12 1 1 10 12 10 12 1 1 10 100 12 1 1 1 10 7 12 1 1 1 10 12 1 1 7 1 100 1 10 12 1 10 12 1 10 12 1 1 100 1 10 12 1 1 100 1 10 12 1 1 10 12 1 1 10 10 12 1 100 1 100 1 7 1 10 12 1 10 12 1 1 10 12 1 1 10 12 1 10 12 1 1 10 12 1 1 10 100 12 1 1 100 1 11 11 12 1 11 12 1 10 12 1 1 10 12 1 10 12 10 12 1 1 10 10 100 12 1 1 1 10 100 12 1 1 10 12 1 1 10 100 12 1 1 10 12 1 10 12 1 1 10 12 1 1 10 12 1 10 12 1 10 12 1 1 100 1 10 12 1 1 10 12 10 12 1 10 12 1 1 10 100 12 1 1 1 10 12 1 10 12 1 1 10 12 1 10 12 1 3 3 10 12 1 10 12 1 1 10 12 1 1 10 12 1 1 10 12 1 10 12 1 1 10 12 1 1 10 12 1 10 12 1 10 12 1 10 12 1 1 10 12 1 10 12 1 10 12 1 10 12 1 10 12 1 10 12 1 10 100 1 10 8 1 10 12 1 1 10 12 1 8 1 10 12 1 1 10 12 10 12 1 8 1 10 10 12 1 1 10 12 1 1 10 12 1 10 12 1 1 10 12 10 100 1 10 10 12 1 10 12 1 10 12 1 10 10 12 1 10 12 1 1 10 12 1 100 1 10 10 12 1 100 1 10 10 12 1 10 12 1 1 10 12 1 10 12 1 1 10 10 12 1 1 10 100 1 10 10 12 1 10 12 1 1 10 12 1 1 10 100 1 10 12 1 10 12 1 10 12 1 10 12 1 1 10 12 1 11 7 1 11 12 10 12 1 10 12 1 1 10 12 1 1 10 10 12 1 10 12 1 9 12 1 1 11 7 12 1 1 1 10 10 12 1 10 12 1 1 10 10 12 1 10 12 1 10 12 1 1 9 12 1 10 12 1 1 10 10 12 1 1 10 12 10 10 12 1 10 12 10 10 12 10 10 12 1 10 12 1 10 12 10 10 12 10 12 1 10 12 10 12 10 10 12 1 10 12 1 1 10 12 1 10 10 12 1 10 7 12 1 1 1 10 12 1 1 10 10 7 12 1 1 1 11 10 12 1 10 12 1 1 10 12 1 1 10 7 12 1 1 1 10 12 1 10 10 12 1 10 12 1 10 12 1 10 100 12 1 1 10 12 1 100 1 100 1 8 1 10 10 10 12 1 8 1 10 12 1 3 3 7 1 10 10 12 1 10 12 1 10 12 1 1 10 12 1 1 11 7 12 1 1 1 7 1 10 12 1 1 10 12 1 10 12 1 1 10 12 1 1 8 1 10 12 1 1 10 12 1 11 7 12 1 1 1 11 7 12 1 1 11 12 1 1 10 12 1 10 12 1 1 10 10 7 12 1 1 1 10 12 1 10 12 1 10 10 12 10 12 1 1 10 10 12 1 10 10 12 1 10 10 12 1 10 10 12 1 10 12 1 1 10 10 12 1 8 1 10 12 1 1 18 12 1 1 11 100 12 1 1 1 7 1 3 18 12 1 18 12 1 8 1 10 100 12 1 1 1 11 12 1 1 10 12 10 10 12 1 10 11 12 1 1 10 12 1 1 11 12 1 18 3 11 10 12 1 11 11 10 12 1 10 12 1 1 8 1 10 12 1 10 12 1 10 12 1 1 10 10 12 1 11 100 12 1 7 1 100 1 10 12 1 7 1 10 10 7 12 1 1 1 100 1 10 7 1 10 10 12 1 10 10 12 1 8 1 10 10 12 1 8 1 8 1 10 12 1 10 12 1 10 10 12 10 7 12 1 1 10 100 12 1 1 10 100 12 1 1 8 1 10 12 1 10 12 1 1 10 10 12 8 1 8 1 10 8 1 8 1 8 1 8 1 10 12 1 10 12 1 8 1 10 100 12 1 1 1 10 12 10 12 1 1 10 12 10 10 12 10 12 7 1 9 12 1 1 7 1 10 100 1 100 1 100 1 100 1 1 1 1 1 1 5 0 1 1 1 1 1 3 1 3 1 1 1 1 1 1 1 1 1 1 1 1 1 1 1 100 1 1 1 100 1 1 1 1 1 1 1 1 1 1 1 1 1 1 1 1 1 1 1 1 1 1 1 1 1 1 1 100 1 1 1 1 1 1 1 1 1 100 1 1 1 1 1 1 1 1 1 1 1 1 1 1 1 1 1 1 1 1 1 1 1 1 1 1 1 1 1 1 1 1 1 1 1 1 1 1 1 1 1 1 1 1 1 1 1 1 1 1 1 1 1 1 1 1 1 1 1 1 1 1 1 1 1 1 1 1 1 1 1 1 1 1 1 1 1 1 1 1 1 1 1 1 1 1 1 1 1 1 1 1 1 1 1 1 1 1 1 1 1 1 1 1 1 1 1 1 1 1 1 1 1 1 1 1 1 1 1 1 1 1 1 1 1 1 1 1 1 1 1 1 1 1 1 1 1 1 1 1 1 1 1 1 1 1 1 1 1 1 1 1 1 1 1 1 1 1 1 1 1 1 1 1 1 1 1 1 1 100 1 1 1 1 1 1 1 1 1 1 1 1 1 1 1 1 1 1 1 1 1 1 1 1 100 1 1 1 1 1 1 1 1 1 1 1 1 1 7 1 1 1 1 1 1 1 1 1 1 1 1 1 1 1 15 10 100 12 1 1 1 16 15 10 12 16 15 10 12 15 10 12 15 10 12 1 1 1 1 100 1 100 1 1 1
staticfield java/lang/String COMPACT_STRINGS Z 1
staticfield java/lang/String serialPersistentFields [Ljava/io/ObjectStreamField; 0 [Ljava/io/ObjectStreamField;
staticfield java/lang/String CASE_INSENSITIVE_ORDER Ljava/util/Comparator; java/lang/String$CaseInsensitiveComparator
ciInstanceKlass java/security/ProtectionDomain 1 1 324 10 7 12 1 1 1 9 7 12 1 1 1 7 1 10 9 12 1 1 9 12 1 1 9 12 1 1 10 7 12 1 1 7 1 9 12 1 9 12 1 1 7 1 9 12 1 1 9 12 1 10 7 12 1 1 10 7 12 1 1 1 10 12 1 1 10 12 1 9 12 1 9 100 12 1 1 10 12 1 1 10 100 1 10 12 1 1 8 1 100 1 8 1 10 12 1 10 10 100 12 1 1 1 10 12 1 1 8 1 11 8 1 10 12 1 8 1 8 1 10 12 1 1 10 12 1 10 12 1 1 10 12 1 8 1 10 12 1 8 1 8 1 10 100 12 1 1 1 9 100 12 1 1 1 10 12 1 1 9 100 12 1 1 1 10 100 12 1 1 1 100 1 100 1 10 12 1 10 100 12 1 1 1 10 100 1 10 12 1 10 12 1 1 11 100 12 1 1 11 12 1 100 1 11 100 12 1 1 1 10 12 1 10 11 12 1 1 11 12 1 1 10 12 1 10 7 12 1 1 10 100 12 1 1 11 12 1 10 12 8 1 8 1 10 7 12 1 1 1 7 1 10 10 7 12 1 1 1 1 1 1 1 1 1 1 100 1 1 100 1 1 1 1 1 1 1 1 1 1 1 1 1 1 1 1 1 1 1 1 1 1 1 1 1 1 1 1 1 1 1 1 1 1 1 1 1 1 1 1 1 1 100 1 1 1 1 1 100 1 1 1 1 1
staticfield java/security/ProtectionDomain filePermCompatInPD Z 0
ciInstanceKlass java/security/CodeSource 1 1 395 10 7 12 1 1 1 9 7 12 1 1 1 9 12 1 1 9 12 1 1 9 12 1 1 10 7 12 1 1 1 9 12 1 1 10 100 12 1 1 10 100 10 7 12 1 1 1 10 100 12 1 1 1 10 12 1 1 100 1 10 10 100 12 1 1 1 10 100 12 1 1 1 10 12 1 1 10 12 1 100 1 10 12 1 1 10 12 1 1 10 12 1 1 10 12 1 10 10 10 12 1 1 10 7 12 1 1 1 10 12 1 10 12 1 10 12 1 8 1 10 12 1 10 12 1 10 12 1 1 10 12 1 8 1 10 12 1 1 10 100 1 10 10 12 1 1 8 1 10 12 1 10 12 1 10 12 1 8 1 8 1 9 12 1 1 100 1 8 1 10 12 1 10 12 1 1 8 1 10 12 1 8 1 8 1 8 1 10 100 12 1 1 10 12 1 1 10 12 1 10 12 1 1 10 12 1 1 10 12 1 1 100 1 100 1 10 12 1 10 12 10 12 1 1 10 100 12 1 1 10 12 1 100 1 10 12 10 8 1 10 12 1 10 12 1 10 12 1 1 100 1 10 12 1 1 100 1 100 1 8 1 8 1 10 10 12 1 1 10 100 12 1 1 1 100 1 10 12 10 12 1 1 11 100 12 1 1 10 10 12 1 11 10 12 1 8 1 100 1 10 12 1 10 12 1 1 10 12 1 11 12 1 1 11 100 1 1 1 1 5 0 1 1 1 1 1 1 1 1 1 1 1 1 1 1 1 1 1 1 1 1 1 1 1 1 1 1 1 1 1 1 1 1 1 1 1 1 1 1 1 1 1 1 1 1 1 1 1 1 1 1 1 1 1 1 1 1 1 1 1 1 1 1 1 1 1 100 1 1 1 1 1 1 1
ciInstanceKlass java/lang/StringBuilder 1 1 409 10 7 12 1 1 1 10 12 1 10 12 1 10 12 1 1 10 7 12 1 1 1 10 7 12 1 1 1 10 12 1 10 12 1 10 12 1 10 12 1 10 12 1 10 12 1 10 12 1 10 12 1 10 12 1 10 12 1 10 12 1 10 12 1 10 12 1 10 12 1 1 10 12 1 10 12 1 1 10 12 1 1 10 12 1 10 12 1 10 12 1 10 12 1 10 12 1 10 12 1 10 12 1 10 12 10 12 1 10 12 1 10 12 1 10 12 1 1 10 12 1 10 12 1 10 12 10 12 1 1 10 12 1 1 9 12 1 1 9 12 1 1 10 7 12 1 1 1 10 7 1 10 100 12 1 1 1 10 12 1 10 12 1 1 10 12 1 1 10 10 12 1 1 10 100 12 1 1 10 12 1 10 12 1 1 100 1 100 1 8 1 10 10 12 1 1 10 12 1 1 10 12 1 10 12 1 10 12 1 10 12 1 10 12 1 10 12 1 10 12 1 10 12 1 10 12 1 10 12 1 10 12 1 10 12 1 10 12 1 10 12 1 10 12 1 1 10 12 1 1 10 12 1 10 12 1 10 12 1 10 12 10 12 10 12 1 10 12 1 10 12 1 10 12 10 12 1 10 12 1 10 12 1 10 12 1 10 12 1 10 12 1 10 12 1 10 12 1 10 12 1 1 10 12 1 10 12 1 1 10 12 1 10 12 1 1 10 12 1 10 12 1 1 10 12 1 10 12 1 10 12 1 10 10 12 1 10 12 1 100 1 100 1 100 1 1 1 1 5 0 1 1 1 1 1 1 1 1 1 1 1 1 1 1 1 1 1 1 1 1 1 1 1 1 1 1 1 1 1 1 1 1 1 1 1 1 1 1 1 1 1 1 1 100 1 1 1 100 1 1 1 1 1 1 1 1 1 1
ciInstanceKlass jdk/internal/loader/ClassLoaders 1 1 183 10 100 12 1 1 1 10 7 12 1 1 1 10 12 1 1 10 100 12 1 1 1 9 7 12 1 1 1 9 12 1 1 9 12 1 1 7 1 11 100 12 1 1 1 100 1 11 12 1 1 11 12 1 1 10 100 12 1 1 1 10 100 12 1 1 1 100 1 100 1 10 7 12 1 1 1 9 12 1 1 10 12 1 1 7 1 10 12 1 1 10 12 1 7 1 8 1 10 7 12 1 1 1 10 12 1 1 7 1 10 12 1 10 12 1 10 12 1 8 1 10 7 12 1 1 8 1 8 1 10 12 1 7 1 10 12 1 10 12 1 10 12 1 1 1 1 1 1 1 1 1 1 1 1 1 1 1 1 1 1 1 1 100 1 1 1 1 1 1 1 1 1 1 1 1 1 1 1 1 1 1 1
staticfield jdk/internal/loader/ClassLoaders JLA Ljdk/internal/access/JavaLangAccess; java/lang/System$2
staticfield jdk/internal/loader/ClassLoaders BOOT_LOADER Ljdk/internal/loader/ClassLoaders$BootClassLoader; jdk/internal/loader/ClassLoaders$BootClassLoader
staticfield jdk/internal/loader/ClassLoaders PLATFORM_LOADER Ljdk/internal/loader/ClassLoaders$PlatformClassLoader; jdk/internal/loader/ClassLoaders$PlatformClassLoader
staticfield jdk/internal/loader/ClassLoaders APP_LOADER Ljdk/internal/loader/ClassLoaders$AppClassLoader; jdk/internal/loader/ClassLoaders$AppClassLoader
ciInstanceKlass jdk/internal/misc/Unsafe 1 1 1285 10 7 12 1 1 1 9 7 12 1 1 1 9 12 1 1 10 12 1 1 10 7 12 1 1 1 10 12 1 1 10 12 1 1 10 12 1 1 10 12 1 1 10 12 1 1 10 12 1 1 10 12 1 1 10 12 1 1 10 12 1 1 10 12 1 1 10 12 1 1 10 12 1 1 10 12 1 1 10 12 1 10 12 1 100 1 10 10 12 1 1 10 12 1 1 5 0 10 12 1 1 10 12 1 1 10 7 12 1 1 1 10 12 1 1 10 12 1 10 12 1 10 12 1 1 10 12 1 1 10 12 1 10 12 1 100 1 100 1 10 8 1 10 12 1 1 10 12 1 8 1 10 12 1 1 10 12 1 10 12 1 10 12 1 1 10 12 1 10 12 1 1 10 12 1 1 10 12 1 10 12 1 10 12 1 10 12 1 1 10 12 1 10 12 1 10 12 1 1 10 12 1 5 0 5 0 5 0 10 12 1 10 12 1 10 12 1 10 12 1 10 12 1 10 12 1 10 12 1 10 12 1 10 12 1 1 10 12 1 10 12 1 100 1 8 1 10 100 1 10 10 12 1 1 10 12 1 1 10 12 1 10 12 1 1 10 12 1 1 10 12 1 10 12 1 1 10 12 1 9 7 12 1 1 9 12 1 100 1 10 10 12 1 1 8 1 10 8 1 8 1 10 12 1 1 9 7 12 1 1 1 9 100 1 9 7 1 9 100 1 9 9 100 1 9 7 1 9 100 1 10 12 1 1 10 12 1 1 10 12 1 1 10 12 1 1 5 0 5 0 9 12 1 1 10 12 1 10 12 1 10 12 1 1 10 12 1 1 10 12 1 8 1 3 10 12 1 1 10 12 1 1 10 12 1 10 12 1 1 10 12 1 1 10 12 1 10 12 1 10 12 1 10 12 1 10 12 1 10 12 1 1 10 12 1 1 10 12 1 10 12 1 10 12 1 10 12 1 10 12 1 10 12 1 1 10 12 1 1 10 12 1 10 12 1 10 12 1 10 12 1 10 12 1 10 12 1 1 10 12 1 1 10 12 1 1 10 12 1 1 10 12 1 10 12 1 10 12 1 10 12 1 10 12 1 10 12 1 10 12 1 1 10 12 1 1 10 12 1 10 12 1 10 12 1 10 12 1 10 12 1 10 12 1 10 12 1 1 10 12 1 1 10 12 1 10 12 1 10 12 1 10 12 1 10 12 1 10 12 1 10 12 1 10 12 1 1 10 12 1 10 12 1 10 12 1 10 12 1 10 12 1 1 10 12 1 10 12 1 10 12 1 10 12 1 10 12 1 10 12 1 10 12 1 10 12 1 1 10 12 1 10 12 1 10 12 1 10 12 1 10 12 1 10 12 1 1 10 12 1 10 12 1 10 12 1 1 10 12 1 10 12 1 10 12 1 10 12 1 10 12 1 10 12 1 10 12 1 10 12 1 10 12 1 10 12 1 10 12 1 10 12 1 10 12 1 10 12 1 10 12 1 10 12 1 10 12 1 10 12 1 10 12 1 10 12 1 10 12 1 10 12 1 100 1 10 100 1 10 9 12 1 5 0 10 12 1 1 5 0 10 12 1 5 0 10 12 1 10 12 1 10 12 1 1 10 12 1 1 10 12 1 10 12 1 10 12 1 10 12 1 1 10 12 1 10 12 1 10 12 1 10 12 1 10 12 1 1 10 12 1 10 12 1 10 12 1 10 12 1 1 10 12 1 10 12 1 10 12 1 1 10 12 1 10 12 1 10 12 1 10 12 1 1 10 12 1 10 10 12 1 1 10 12 1 10 12 1 1 10 12 1 10 12 5 0 5 0 5 0 10 12 1 1 10 12 1 10 12 1 10 12 10 100 12 1 1 8 1 100 1 11 12 1 1 8 1 11 12 1 1 10 100 12 1 1 10 12 1 10 12 1 10 12 1 10 12 1 10 12 1 1 10 12 1 10 12 1 10 12 1 10 12 1 10 12 1 10 12 1 10 7 1 10 12 1 9 12 1 7 1 9 12 1 7 1 9 12 1 7 1 9 12 1 7 1 9 12 1 7 1 9 12 1 7 1 9 12 1 7 1 9 12 1 7 1 9 12 1 10 12 1 9 12 1 9 12 1 9 12 1 9 12 1 9 12 1 9 12 1 9 12 1 9 12 1 9 12 1 9 12 1 1 1 3 1 1 1 1 1 1 1 1 1 1 1 1 1 1 1 1 1 1 1 1 1 1 1 1 1 1 1 1 1 1 1 1 1 1 1 1 1 1 1 1 1 1 1 1 1 1 1 1 1 1 1 1 1 1 1 1 1 1 1 1 1 1 1 1 1 1 1 1 1 1 1 1 1 1 1 1 1 1 1 1 1 1 1 1 1 1 1 1 1 100 1 1 1 1 1 1 1 1 1 1 1 1 1 1 1 1 1 1 1 1 1 1 1 1 1 1 1 1 1 1 1 1 1 1 1 1 1 1 1 1 1 1 1 1 1 1 1 1 1 1 1 1 1 1 1 1 1 1 1 1 1 1 1 1 1 1 1 1 1 1 1 1 1 1 1 1 1 1 1 1 1 1 1 1 1 1 1 1 1 1 1 1 1 1 1 1 1 1 1 1 1 1 1 1 1 1 1 1 1 1 1 1 1 1 1 1 1 1 1 1 1 1 1 1 1 1 1 1 1 1 1 1 1 1 1 1 1 1 1 1 1 1 1 1 1 1 1 1 1 1 1 1 1 1 1 1 1 1 1 1 1 1 1 1 1 1 1 1 1 1 1 1 1 1 1 1 1 1 1 1 1 1 1 1 1 1 1 1 1 1 1 1 1 1 1 1 1 1 1 1 1 1 1 1 1 1 1 3 1 1 1 1 1 1 1 1 1 1 1 1 1 1 1 1 1 1 1 1 1
staticfield jdk/internal/misc/Unsafe theUnsafe Ljdk/internal/misc/Unsafe; jdk/internal/misc/Unsafe
staticfield jdk/internal/misc/Unsafe ARRAY_BOOLEAN_BASE_OFFSET I 16
staticfield jdk/internal/misc/Unsafe ARRAY_BYTE_BASE_OFFSET I 16
staticfield jdk/internal/misc/Unsafe ARRAY_SHORT_BASE_OFFSET I 16
staticfield jdk/internal/misc/Unsafe ARRAY_CHAR_BASE_OFFSET I 16
staticfield jdk/internal/misc/Unsafe ARRAY_INT_BASE_OFFSET I 16
staticfield jdk/internal/misc/Unsafe ARRAY_LONG_BASE_OFFSET I 16
staticfield jdk/internal/misc/Unsafe ARRAY_FLOAT_BASE_OFFSET I 16
staticfield jdk/internal/misc/Unsafe ARRAY_DOUBLE_BASE_OFFSET I 16
staticfield jdk/internal/misc/Unsafe ARRAY_OBJECT_BASE_OFFSET I 16
staticfield jdk/internal/misc/Unsafe ARRAY_BOOLEAN_INDEX_SCALE I 1
staticfield jdk/internal/misc/Unsafe ARRAY_BYTE_INDEX_SCALE I 1
staticfield jdk/internal/misc/Unsafe ARRAY_SHORT_INDEX_SCALE I 2
staticfield jdk/internal/misc/Unsafe ARRAY_CHAR_INDEX_SCALE I 2
staticfield jdk/internal/misc/Unsafe ARRAY_INT_INDEX_SCALE I 4
staticfield jdk/internal/misc/Unsafe ARRAY_LONG_INDEX_SCALE I 8
staticfield jdk/internal/misc/Unsafe ARRAY_FLOAT_INDEX_SCALE I 4
staticfield jdk/internal/misc/Unsafe ARRAY_DOUBLE_INDEX_SCALE I 8
staticfield jdk/internal/misc/Unsafe ARRAY_OBJECT_INDEX_SCALE I 4
staticfield jdk/internal/misc/Unsafe ADDRESS_SIZE I 8
ciInstanceKlass java/util/Map 1 1 259 11 7 12 1 1 1 11 12 1 1 10 100 12 1 1 11 12 1 1 11 7 12 1 1 1 11 100 12 1 1 1 11 12 1 1 7 1 11 12 1 11 12 1 100 1 100 1 10 12 1 1 11 100 12 1 1 1 11 100 12 1 1 1 11 12 1 11 12 1 10 12 1 1 11 12 1 11 100 12 1 9 7 12 1 1 1 100 1 10 12 7 1 7 1 10 12 1 7 1 10 7 1 11 12 1 1 7 1 11 12 1 1 1 1 1 1 1 1 1 1 1 1 1 1 1 1 1 1 1 1 1 1 1 1 1 1 1 1 1 1 1 1 1 1 1 1 1 1 1 1 1 1 1 1 1 1 1 1 1 1 1 1 1 1 1 1 1 1 1 1 1 1 1 1 1 1 1 1 1 1 1 1 1 1 1 1 1 1 1 1 1 1 1 1 1 1 1 1 1 1 1 1 1 1 1 1 1 1 1 1 1 1 1 1 1 1 1 1 1 1 1 1 1 1 1 1 1 1 1 1 1 1 1 1 1 1 1 1 1 100 1 1 1 1 1 1 1 1 1 1 1 1 1 1 1 1 1 1
ciInstanceKlass java/lang/ThreadGroup 1 1 293 10 7 12 1 1 1 9 7 12 1 1 1 8 1 9 12 1 1 7 1 9 12 1 9 12 1 1 10 12 1 1 10 12 1 1 10 12 1 10 12 1 1 10 12 1 9 12 1 1 10 12 1 1 10 12 1 9 12 1 10 100 12 1 1 1 9 12 1 9 12 1 1 10 7 12 1 1 1 100 10 12 1 1 10 7 12 1 1 1 10 100 12 1 9 12 1 10 12 1 1 10 12 1 1 9 12 1 1 10 12 1 1 10 12 1 10 12 1 10 12 1 1 10 12 1 1 10 12 1 10 12 1 10 10 12 1 10 12 1 10 100 1 10 10 12 1 10 12 1 10 12 1 7 10 12 1 9 12 1 1 10 12 1 1 8 1 10 100 12 1 1 1 10 12 1 1 10 12 1 1 10 12 1 1 11 100 1 100 1 9 12 1 100 1 10 8 1 10 12 1 1 10 12 1 1 8 1 10 12 1 10 100 12 1 1 1 10 12 1 1 10 100 1 8 1 10 8 1 10 12 1 8 1 1 1 1 1 1 1 1 1 1 1 1 1 1 1 1 1 3 1 1 1 1 1 1 1 1 1 1 1 1 1 1 1 1 1 1 1 1 1 1 1 1 1 1 1 1 1 1 1 1 1 1 1 1 1 1 1 1 1 1
instanceKlass sun/security/ssl/SSLSocketImpl$AppOutputStream
instanceKlass ch/qos/logback/core/joran/spi/ConsoleTarget$2
instanceKlass ch/qos/logback/core/joran/spi/ConsoleTarget$1
instanceKlass sun/nio/ch/NioSocketImpl$2
instanceKlass java/net/Socket$SocketOutputStream
instanceKlass java/nio/channels/Channels$1
instanceKlass java/io/ObjectOutputStream$BlockDataOutputStream
instanceKlass java/io/ObjectOutputStream
instanceKlass java/io/ByteArrayOutputStream
instanceKlass java/io/FilterOutputStream
instanceKlass java/io/FileOutputStream
ciInstanceKlass java/io/OutputStream 1 1 53 10 7 12 1 1 1 100 1 10 10 7 12 1 1 1 10 100 12 1 1 1 10 12 1 100 1 100 1 1 1 1 1 1 1 1 1 100 1 1 1 1 1 1 1 1 1 1 1 1 1 1 1
instanceKlass java/security/DigestOutputStream
instanceKlass java/io/DataOutputStream
instanceKlass java/io/BufferedOutputStream
instanceKlass java/io/PrintStream
ciInstanceKlass java/io/FilterOutputStream 1 1 73 10 7 12 1 1 1 7 1 10 9 7 12 1 1 1 9 12 1 1 10 12 1 1 10 12 1 100 1 10 10 10 12 1 9 12 1 1 10 10 12 1 100 1 100 1 10 12 1 1 1 1 1 1 1 1 1 1 1 100 1 1 1 1 1 1 1 1 1 1 1 1 1
instanceKlass java/security/Provider
ciInstanceKlass java/util/Properties 1 1 651 10 7 12 1 1 1 100 1 10 7 12 1 1 7 1 10 12 1 9 12 1 1 9 12 1 1 9 12 1 1 10 7 12 1 1 1 10 12 1 1 8 1 10 7 12 1 1 1 7 1 10 12 1 10 12 1 1 8 1 10 12 1 7 1 10 12 10 12 1 1 9 12 1 1 10 12 1 1 7 1 10 12 1 10 12 1 10 12 1 1 100 1 8 1 10 12 1 10 12 1 10 12 1 1 10 12 1 100 1 3 10 10 7 12 1 1 1 10 12 1 10 12 1 1 8 1 10 12 1 10 12 1 1 8 1 10 7 12 1 1 10 12 1 1 10 12 1 10 12 1 1 100 1 10 12 1 10 12 1 1 7 1 9 7 12 1 1 1 10 12 1 10 12 1 1 7 1 10 10 10 12 1 1 11 7 12 1 1 1 11 7 12 1 1 1 11 12 1 1 7 1 11 12 1 11 12 1 10 12 1 1 8 1 10 12 1 10 12 1 100 1 10 10 12 1 1 10 100 12 1 1 9 100 12 1 1 10 12 1 1 10 100 12 1 1 1 100 1 100 1 100 1 10 8 1 8 1 10 12 1 10 12 1 10 12 1 1 10 10 12 1 1 10 12 1 1 7 1 10 10 12 1 11 7 12 1 1 10 7 12 1 1 1 8 1 10 100 12 1 1 11 8 1 10 100 1 11 10 12 1 10 12 1 10 12 1 10 12 1 1 10 12 1 1 10 12 1 1 10 12 1 10 12 1 10 10 12 1 10 12 1 10 12 1 10 10 12 1 1 10 12 1 1 7 1 10 10 12 1 10 12 1 10 12 1 10 12 1 10 12 1 1 10 12 1 1 10 12 1 10 12 1 10 12 1 1 10 12 10 12 1 1 10 12 1 1 10 12 1 10 12 1 1 10 12 1 1 10 12 100 1 10 11 100 12 1 1 4 11 10 12 1 1 10 100 12 1 1 11 12 1 10 12 1 1 10 100 12 1 1 10 12 1 100 1 8 1 10 12 1 10 10 100 12 1 1 1 100 1 6 0 10 12 1 1 11 100 12 1 1 1 10 12 1 10 12 1 1 1 1 1 5 0 1 1 1 1 1 1 1 1 1 1 1 1 1 1 1 1 1 1 1 1 1 1 1 1 1 1 1 1 1 1 1 1 1 1 1 1 1 1 1 1 100 1 1 1 1 1 1 1 1 1 1 1 1 1 1 1 1 1 1 1 1 100 1 1 1 1 1 1 1 100 1 100 1 1 1 1 100 1 1 1 1 1 1 1 1 1 1 1 1 1 1 1 1 1 1 1 1 1 1 1 1 1 1 1 1 1 1 1 1 1 1 1 1 1 1 1 1 1 1 1 1 1 1 1 1 1 1 1 1 1 1 1 1 1 1 1 1 1 1 1 1 1 1 1 1 1 1 1 1 1 1 1 1 100 1 1 1 1 1 1 1 1 1 100 1 1 1
staticfield java/util/Properties UNSAFE Ljdk/internal/misc/Unsafe; jdk/internal/misc/Unsafe
instanceKlass java/util/Hashtable
ciInstanceKlass java/util/Dictionary 1 1 36 10 7 12 1 1 1 100 1 1 1 1 1 1 1 1 1 1 1 1 1 1 1 1 1 1 1 1 1 1 1 1 1 1 1 1
instanceKlass java/util/Properties
ciInstanceKlass java/util/Hashtable 1 1 512 100 1 10 7 12 1 1 1 9 7 12 1 1 1 100 1 100 1 10 8 1 10 12 1 1 10 12 1 10 12 1 1 10 12 1 10 7 12 1 1 1 8 1 10 12 1 9 12 1 1 7 1 9 12 1 1 4 10 7 12 1 1 1 9 12 1 4 10 12 1 11 100 12 1 1 1 10 12 1 1 10 12 1 1 9 12 1 10 12 1 1 100 1 10 9 12 1 1 10 7 12 1 1 1 9 12 1 1 10 12 1 10 12 1 3 9 12 1 9 12 1 3 10 12 1 10 12 1 10 12 1 1 11 12 1 1 11 100 12 1 1 1 11 100 12 1 1 1 11 12 1 100 1 11 12 1 11 12 1 10 12 1 1 10 12 1 1 10 12 1 9 12 1 1 9 12 9 12 1 1 10 100 1 100 1 10 12 1 10 8 1 10 10 12 1 8 1 10 8 1 10 100 12 1 1 1 7 1 10 12 1 10 12 1 100 1 10 12 1 10 12 1 1 100 1 10 100 1 10 10 12 1 1 11 12 1 1 11 12 1 100 1 10 10 10 100 12 1 1 11 100 12 1 1 1 100 1 10 11 100 12 1 1 11 100 12 1 10 12 1 10 12 1 1 10 100 12 1 1 10 12 1 1 10 12 1 1 10 12 1 1 10 100 12 1 1 1 8 10 100 12 1 1 100 1 8 1 10 4 10 12 4 10 12 1 8 1 10 12 10 100 12 1 1 1 100 1 11 100 12 1 1 1 10 100 12 1 1 1 10 12 1 10 12 1 1 10 100 1 100 1 1 1 1 1 1 5 0 1 1 1 1 1 3 1 3 1 3 1 1 1 1 1 1 1 1 1 1 1 1 1 1 1 1 1 1 1 1 1 1 1 1 1 100 1 1 1 1 1 1 1 1 1 1 1 1 1 1 1 1 1 1 1 1 1 1 1 1 1 1 1 1 1 100 1 1 1 1 1 1 1 1 1 1 1 1 1 1 1 1 1 1 1 1 1 1 1 1 1 1 1 1 1 1 1 1 1 1 1 1 1 1 1 1 1 1 1 1 1 1 1 1 1 1 1 1 1 1 1 1 1 1 100 1 1 1 100 1 1 1 1 1 100 1 1 1 1 1 1 1 1 1 1 1 1 1 1 1 1 1 1
ciInstanceKlass java/io/BufferedOutputStream 1 1 66 10 7 12 1 1 1 10 7 12 1 1 100 1 8 1 10 12 1 9 12 1 1 9 12 1 1 9 12 1 1 10 7 12 1 1 1 10 12 1 1 10 7 12 1 1 1 10 12 1 1 1 1 1 1 1 1 1 100 1 1 1 1 1 1 1
ciMethod java/io/BufferedOutputStream write ([BII)V 514 0 5385 0 1440
instanceKlass sun/security/ssl/SSLSocketImpl$AppInputStream
instanceKlass com/mysql/cj/protocol/a/CompressedInputStream
instanceKlass com/mysql/cj/protocol/ReadAheadInputStream
instanceKlass java/io/ObjectInputStream$PeekInputStream
instanceKlass java/io/ObjectInputStream$BlockDataInputStream
instanceKlass sun/nio/ch/ChannelInputStream
instanceKlass java/io/ObjectInputStream
instanceKlass sun/nio/ch/NioSocketImpl$1
instanceKlass java/net/Socket$SocketInputStream
instanceKlass java/util/zip/ZipFile$ZipFileInputStream
instanceKlass java/io/FilterInputStream
instanceKlass java/io/FileInputStream
instanceKlass java/io/ByteArrayInputStream
ciInstanceKlass java/io/InputStream 1 1 184 100 1 10 7 12 1 1 1 100 1 10 10 7 12 1 1 1 10 7 12 1 1 1 10 12 1 100 1 3 10 12 1 1 100 1 8 1 10 12 1 10 7 12 1 1 1 3 100 1 8 1 10 10 100 12 1 1 1 100 1 10 11 100 12 1 1 1 10 12 1 1 11 12 1 1 11 100 12 1 1 1 11 12 1 1 100 1 10 100 12 1 1 1 5 0 10 12 1 10 12 1 1 100 1 10 8 1 10 8 1 8 1 10 12 1 1 10 100 12 1 1 1 100 1 1 1 1 3 1 3 1 1 1 1 1 1 1 1 1 1 1 1 1 1 1 1 1 1 1 1 1 1 1 1 1 1 1 1 1 1 1 1 1 1 1 1 1 1 1 1 1 1 1 1 1 1 1 1 1 1 1 1 1
ciInstanceKlass java/io/ByteArrayInputStream 1 1 96 10 7 12 1 1 1 9 7 12 1 1 1 9 12 1 1 9 12 1 9 12 1 10 100 12 1 1 1 10 7 12 1 1 1 10 7 12 1 1 1 10 7 12 1 1 1 10 12 1 1 10 100 12 1 1 1 1 1 1 1 1 1 1 1 1 1 1 1 1 1 1 1 1 1 1 1 1 1 1 1 100 1 1 1 1 1 1 1 1 1 1 1 1 1 1
ciInstanceKlass java/io/FileDescriptor 1 1 162 10 7 12 1 1 1 9 7 12 1 1 1 5 0 9 12 1 1 10 12 1 1 10 12 1 1 9 12 1 1 9 12 1 1 10 7 12 1 1 8 1 10 7 12 1 1 1 10 12 1 10 12 1 9 12 1 1 9 12 1 1 100 1 10 11 100 12 1 1 1 9 12 1 11 12 1 1 11 100 12 1 1 1 11 12 1 1 7 1 11 12 1 100 1 10 12 1 1 100 1 10 10 12 1 7 1 10 10 7 12 1 1 1 10 12 1 9 12 1 1 9 12 1 9 12 1 1 1 1 1 1 1 1 1 1 1 1 100 1 1 1 1 1 1 1 1 1 1 1 1 1 1 1 1 1 1 1 1 1 1 1
staticfield java/io/FileDescriptor in Ljava/io/FileDescriptor; java/io/FileDescriptor
staticfield java/io/FileDescriptor out Ljava/io/FileDescriptor; java/io/FileDescriptor
staticfield java/io/FileDescriptor err Ljava/io/FileDescriptor; java/io/FileDescriptor
ciInstanceKlass java/io/FileOutputStream 1 1 181 100 1 10 12 1 1 10 7 12 1 1 10 7 12 1 1 7 1 10 9 12 1 1 10 12 1 1 10 7 12 1 1 1 10 100 12 1 1 100 1 10 10 12 1 1 100 1 8 1 10 7 1 10 9 12 1 1 10 12 1 1 9 12 1 1 10 12 1 1 10 100 12 1 1 1 10 12 10 12 1 9 12 1 1 11 7 12 1 1 1 10 12 1 1 10 12 1 1 9 12 1 1 9 12 1 1 10 100 12 1 1 100 1 10 12 1 10 12 1 100 1 10 10 100 12 1 1 100 1 10 12 1 10 7 12 1 1 1 10 12 1 1 1 1 1 1 1 1 100 1 1 1 1 1 1 1 1 1 1 1 1 1 1 1 1 1 1 100 1 1 1 1 1 1 1 1 1 1 1 1
staticfield java/io/FileOutputStream fdAccess Ljdk/internal/access/JavaIOFileDescriptorAccess; java/io/FileDescriptor$1
ciMethod java/io/FileOutputStream write ([BII)V 14 0 7 0 0
instanceKlass java/util/logging/LogManager$Cleaner
instanceKlass com/intellij/rt/execution/application/AppMainV2$1
instanceKlass jdk/internal/misc/InnocuousThread
instanceKlass java/lang/ref/Finalizer$FinalizerThread
instanceKlass java/lang/ref/Reference$ReferenceHandler
ciInstanceKlass java/lang/Thread 1 1 612 9 7 12 1 1 1 9 12 1 1 10 12 1 1 9 12 1 1 9 12 1 1 100 1 8 1 10 12 1 1 3 8 1 100 1 5 0 10 12 1 1 10 7 12 1 1 9 12 1 1 9 12 1 9 12 1 1 9 12 1 100 1 8 1 10 9 12 1 1 10 7 12 1 1 1 10 100 12 1 1 1 10 10 7 12 1 1 10 12 1 1 10 12 1 1 9 100 12 1 1 1 10 12 1 1 10 12 1 9 12 1 1 10 12 1 1 10 12 1 1 9 12 1 10 12 1 1 9 12 1 1 10 7 12 1 1 1 9 12 1 1 9 12 1 1 10 12 1 1 10 100 12 1 1 1 9 12 1 10 12 1 1 9 12 1 100 1 10 7 1 10 8 1 10 12 1 1 10 12 1 10 12 1 10 12 1 1 10 12 1 10 12 1 9 12 1 100 1 10 10 12 1 1 10 12 1 10 12 1 100 1 11 7 12 1 1 9 100 12 1 1 1 10 12 1 10 12 1 10 12 9 12 1 1 10 9 12 1 10 12 1 100 1 10 10 12 1 1 9 12 1 10 12 1 11 100 12 1 1 10 12 1 9 12 1 10 12 1 10 12 1 10 10 12 1 10 12 1 10 12 1 10 12 1 10 12 1 1 100 1 10 10 12 1 10 12 1 10 12 1 9 100 12 1 1 1 10 12 1 1 10 12 1 100 1 8 1 10 10 12 1 10 12 8 1 10 12 1 8 1 10 8 1 8 1 10 100 12 1 1 10 100 12 1 1 1 100 1 8 1 10 9 12 1 9 12 1 1 10 12 1 1 10 10 12 1 1 9 12 1 10 12 1 1 100 1 10 12 11 100 12 1 1 1 9 100 12 1 1 1 9 12 1 1 10 12 1 1 100 1 10 12 1 11 100 12 1 1 1 100 1 10 12 1 10 12 1 1 11 12 1 10 12 1 100 1 10 12 1 10 12 1 1 10 7 12 1 1 1 8 1 9 12 1 10 12 1 1 11 100 12 1 1 1 10 100 12 1 1 1 11 12 1 10 12 1 7 1 1 1 1 3 1 3 1 3 1 1 1 1 1 1 1 1 1 1 1 1 1 1 1 1 1 1 1 100 1 1 1 1 1 1 1 1 1 1 1 1 100 1 100 1 1 1 1 1 1 1 1 1 1 1 1 1 1 1 1 1 1 1 1 1 1 1 1 1 1 1 1 1 1 1 1 1 1 1 1 1 1 1 1 1 1 1 100 100 1 1 1 1 1 1 1 1 1 100 1 1 1 1 1 1 1 1 1 1 1 1 1 1 1 1 1 1 1 1 1 1 1 1 1 1 1 1 100 1 1 1 1 1 1 100 1 1 100 1 1 1 1 1 1
staticfield java/lang/Thread EMPTY_STACK_TRACE [Ljava/lang/StackTraceElement; 0 [Ljava/lang/StackTraceElement;
ciMethod java/lang/System identityHashCode (Ljava/lang/Object;)I 512 0 256 0 -1
ciMethod java/lang/System arraycopy (Ljava/lang/Object;ILjava/lang/Object;II)V 512 0 256 0 -1
instanceKlass java/lang/Exception
instanceKlass java/lang/Error
ciInstanceKlass java/lang/Throwable 1 1 393 10 7 12 1 1 1 9 7 12 1 1 1 9 12 1 1 9 12 1 9 12 1 1 9 12 1 10 12 1 1 9 12 1 1 10 12 1 1 10 12 1 100 1 7 1 10 8 1 10 12 1 1 8 1 10 100 12 1 1 10 10 12 1 100 1 8 1 10 10 12 1 1 10 7 12 1 1 10 12 1 8 1 9 100 12 1 1 1 10 12 1 1 100 1 10 12 10 12 1 100 1 10 10 7 12 1 1 1 11 100 12 1 1 1 10 100 12 1 1 1 10 12 1 1 10 12 1 1 8 1 10 12 1 10 12 1 1 8 1 8 1 10 12 1 1 10 12 1 8 1 8 1 9 12 1 1 10 100 12 1 1 100 1 10 11 12 1 8 1 8 1 10 7 12 1 1 8 1 10 12 1 8 1 100 1 10 12 1 9 12 1 1 10 12 1 10 100 12 1 9 12 1 1 10 12 1 1 100 1 8 1 10 12 1 10 100 12 1 1 10 12 1 1 100 1 10 100 12 1 1 1 10 12 1 11 100 12 1 1 1 11 100 12 1 1 1 11 12 1 8 1 10 12 1 1 8 1 10 10 9 100 12 1 1 1 8 1 10 12 1 1 10 100 1 8 1 10 11 12 1 1 8 1 9 12 1 10 100 12 1 1 11 9 12 1 1 11 12 1 1 100 10 12 1 10 12 1 1 100 1 1 1 1 5 0 1 1 1 1 1 1 1 1 1 1 1 1 1 100 1 1 1 1 1 1 1 1 1 1 1 1 1 1 1 1 1 1 1 1 1 1 1 1 1 1 1 1 1 1 1 1 1 1 1 1 1 1 1 1 1 1 100 1 100 1 1 1 1 1 1 1 1 1 1 1 1 1 1 1 1 1 1
staticfield java/lang/Throwable UNASSIGNED_STACK [Ljava/lang/StackTraceElement; 0 [Ljava/lang/StackTraceElement;
staticfield java/lang/Throwable SUPPRESSED_SENTINEL Ljava/util/List; java/util/Collections$EmptyList
staticfield java/lang/Throwable EMPTY_THROWABLE_ARRAY [Ljava/lang/Throwable; 0 [Ljava/lang/Throwable;
staticfield java/lang/Throwable $assertionsDisabled Z 1
instanceKlass com/badlogic/gdx/utils/reflect/ReflectionException
instanceKlass org/jetbrains/exposed/sql/statements/BatchDataInconsistentException
instanceKlass javax/security/auth/callback/UnsupportedCallbackException
instanceKlass sun/security/pkcs11/wrapper/PKCS11Exception
instanceKlass sun/security/ec/ECOperations$IntermediateValueException
instanceKlass javax/naming/NamingException
instanceKlass ch/qos/logback/core/boolex/EvaluationException
instanceKlass java/security/GeneralSecurityException
instanceKlass ch/qos/logback/core/util/DynamicClassLoadingException
instanceKlass ch/qos/logback/core/util/IncompatibleClassException
instanceKlass ch/qos/logback/core/joran/spi/JoranException
instanceKlass java/sql/SQLException
instanceKlass sun/nio/fs/WindowsException
instanceKlass java/lang/CloneNotSupportedException
instanceKlass java/net/URISyntaxException
instanceKlass javax/management/JMException
instanceKlass java/security/PrivilegedActionException
instanceKlass java/io/IOException
instanceKlass java/lang/InterruptedException
instanceKlass java/lang/ReflectiveOperationException
instanceKlass java/lang/RuntimeException
ciInstanceKlass java/lang/Exception 1 1 40 10 7 12 1 1 1 10 12 1 10 12 1 10 12 1 10 12 1 100 1 1 1 1 5 0 1 1 1 1 1 1 1 1 1 1 1 1 1 1
instanceKlass java/lang/IllegalAccessException
instanceKlass java/lang/InstantiationException
instanceKlass java/lang/reflect/InvocationTargetException
instanceKlass java/lang/NoSuchFieldException
instanceKlass java/lang/NoSuchMethodException
instanceKlass java/lang/ClassNotFoundException
ciInstanceKlass java/lang/ReflectiveOperationException 1 1 34 10 7 12 1 1 1 10 12 1 10 12 1 10 12 1 100 1 1 1 1 5 0 1 1 1 1 1 1 1 1 1 1 1
instanceKlass java/util/ServiceConfigurationError
instanceKlass kotlin/NotImplementedError
instanceKlass java/lang/AssertionError
instanceKlass java/lang/VirtualMachineError
instanceKlass java/lang/LinkageError
instanceKlass java/lang/ThreadDeath
ciInstanceKlass java/lang/Error 1 1 40 10 7 12 1 1 1 10 12 1 10 12 1 10 12 1 10 12 1 100 1 1 1 1 5 0 1 1 1 1 1 1 1 1 1 1 1 1 1 1
ciInstanceKlass java/lang/ThreadDeath 0 0 21 10 100 12 1 1 1 100 1 1 1 1 5 0 1 1 1 1 1 1 1
ciInstanceKlass java/lang/ClassNotFoundException 1 1 96 7 1 10 7 12 1 1 1 10 12 1 10 12 1 1 10 100 12 1 1 1 8 1 10 100 12 1 1 1 10 7 12 1 1 10 100 12 1 1 1 10 100 12 1 1 1 10 12 1 1 7 1 10 12 1 9 12 1 1 1 1 1 5 0 1 1 1 1 1 1 1 1 1 1 1 1 1 1 1 1 1 1 100 1 1 1 1 1 1 1 1 1 1 1 1
staticfield java/lang/ClassNotFoundException serialPersistentFields [Ljava/io/ObjectStreamField; 1 [Ljava/io/ObjectStreamField;
instanceKlass java/lang/ExceptionInInitializerError
instanceKlass java/lang/UnsatisfiedLinkError
instanceKlass java/lang/IncompatibleClassChangeError
instanceKlass java/lang/BootstrapMethodError
instanceKlass java/lang/NoClassDefFoundError
ciInstanceKlass java/lang/LinkageError 1 1 31 10 7 12 1 1 1 10 12 1 10 12 1 100 1 1 1 1 5 0 1 1 1 1 1 1 1 1 1 1 1
instanceKlass jdk/internal/misc/ThreadTracker$ThreadRef
instanceKlass jdk/jfr/internal/dcmd/Argument
instanceKlass jdk/net/UnixDomainPrincipal
ciInstanceKlass java/lang/Record 1 1 22 10 7 12 1 1 1 100 1 1 1 1 1 1 1 1 1 1 1 1 1 1
ciInstanceKlass java/lang/Math 1 1 395 10 100 12 1 1 1 10 7 12 1 1 1 10 12 1 10 12 1 10 12 1 10 12 1 10 12 1 7 1 6 0 6 0 10 12 1 10 12 1 10 12 1 10 12 1 10 12 1 10 12 1 1 10 12 1 10 12 1 10 12 1 10 12 1 10 12 1 10 7 12 1 1 1 100 1 3 3 3 10 7 12 1 1 1 100 1 5 0 5 0 5 0 5 0 5 0 9 100 12 1 1 1 10 100 12 1 1 1 100 1 8 1 10 12 1 8 1 10 12 1 1 10 12 1 1 100 1 5 0 5 0 100 1 3 5 0 3 5 0 10 12 1 10 12 1 8 1 10 12 1 8 1 9 12 1 1 9 12 1 10 12 1 1 6 0 10 12 1 9 12 1 1 100 1 10 10 12 1 100 1 10 12 1 10 12 1 1 10 12 1 10 12 1 10 12 1 10 12 1 1 10 12 1 1 10 12 1 1 10 12 6 0 10 12 1 1 10 12 1 1 10 12 10 12 1 4 10 12 1 1 10 12 1 10 12 1 10 12 10 12 1 10 12 1 10 12 1 10 12 1 10 12 1 10 12 1 10 12 1 5 0 6 0 4 6 0 4 6 0 4 10 12 1 1 9 12 1 1 10 12 1 9 12 1 10 7 12 1 1 1 4 6 0 1 1 6 0 1 6 0 1 1 1 1 1 1 1 1 1 1 1 1 1 1 1 1 1 1 1 1 1 1 1 1 1 1 1 1 1 1 1 1 1 1 1 1 1 1 1 1 1 1 1 1 1 1 1 1 1 1 1 1 1 1 1 1 1 1 1 1 1 1 1 1 1 1 1 1 1 1 1 1 1 1 1 1 1 1 1 1 1 1 1 1 1 1 1 1 1 1 1 1 1 1
staticfield java/lang/Math negativeZeroFloatBits J -2147483648
staticfield java/lang/Math negativeZeroDoubleBits J -9223372036854775808
staticfield java/lang/Math $assertionsDisabled Z 1
ciInstanceKlass java/lang/Boolean 1 1 151 10 7 12 1 1 1 9 7 12 1 1 1 10 12 1 1 10 12 1 8 1 10 7 12 1 1 9 12 1 1 9 12 1 8 1 10 12 1 1 10 12 1 1 10 7 12 1 1 1 100 1 100 1 10 12 1 1 9 100 12 1 1 9 12 10 100 12 1 1 1 10 12 1 1 8 1 10 7 12 1 1 1 9 12 1 1 100 1 100 1 100 1 1 1 1 1 1 5 0 1 1 1 1 1 1 1 1 1 1 3 1 1 1 1 1 1 1 1 1 1 1 1 1 1 1 1 1 1 1 1 100 1 1 1 1 1 1 1 1 1 1 100 1 1 1 1 1 1 1 1
staticfield java/lang/Boolean TRUE Ljava/lang/Boolean; java/lang/Boolean
staticfield java/lang/Boolean FALSE Ljava/lang/Boolean; java/lang/Boolean
staticfield java/lang/Boolean TYPE Ljava/lang/Class; java/lang/Class
instanceKlass java/util/concurrent/locks/AbstractQueuedSynchronizer
ciInstanceKlass java/util/concurrent/locks/AbstractOwnableSynchronizer 1 1 32 10 7 12 1 1 1 9 7 12 1 1 1 100 1 1 1 1 5 0 1 1 1 1 1 1 1 1 1 1 1 1
instanceKlass java/util/concurrent/ThreadPoolExecutor$Worker
instanceKlass java/util/concurrent/locks/ReentrantReadWriteLock$Sync
instanceKlass java/util/concurrent/locks/ReentrantLock$Sync
ciInstanceKlass java/util/concurrent/locks/AbstractQueuedSynchronizer 1 1 349 10 7 12 1 1 1 9 7 12 1 1 1 9 12 1 1 9 12 1 1 10 7 12 1 1 1 9 12 1 10 12 1 1 100 1 10 9 12 1 9 12 1 1 10 7 12 1 1 1 10 12 1 10 12 1 1 9 12 1 9 12 1 9 12 1 1 10 7 12 1 1 1 9 12 1 10 12 1 1 100 1 10 7 12 1 1 1 9 12 1 10 12 1 10 12 1 10 12 1 10 12 1 1 100 1 10 12 1 1 10 12 1 10 12 1 10 10 12 1 1 10 100 12 1 1 1 10 12 1 1 10 12 1 10 12 1 1 10 12 1 10 12 1 10 12 1 3 100 1 10 10 12 1 1 100 1 10 10 12 1 10 12 1 100 1 10 10 12 1 100 1 10 10 12 1 1 100 1 10 10 100 12 1 1 1 10 12 1 1 8 1 10 12 1 1 10 12 1 8 1 10 12 1 8 1 8 1 8 1 10 10 100 12 1 1 1 10 12 1 1 100 1 8 1 10 12 1 10 12 1 10 12 1 10 12 1 1 10 12 1 1 8 10 12 1 1 8 8 100 1 1 1 5 0 1 3 1 1 3 1 1 1 1 1 1 1 1 1 1 1 1 1 1 1 1 1 1 1 1 1 1 1 1 1 1 1 1 1 1 1 1 1 1 1 1 1 1 1 1 1 1 1 1 1 1 1 1 1 1 1 1 1 1 1 1 1 1 1 1 1 1 1 1 1 1 1 1 1 1 100 1 1 1 1 1 1 1 1 1 1 100 1 1 1 1 1 1 1
staticfield java/util/concurrent/locks/AbstractQueuedSynchronizer U Ljdk/internal/misc/Unsafe; jdk/internal/misc/Unsafe
staticfield java/util/concurrent/locks/AbstractQueuedSynchronizer STATE J 16
staticfield java/util/concurrent/locks/AbstractQueuedSynchronizer HEAD J 20
staticfield java/util/concurrent/locks/AbstractQueuedSynchronizer TAIL J 24
instanceKlass java/util/concurrent/locks/ReentrantLock$NonfairSync
ciInstanceKlass java/util/concurrent/locks/ReentrantLock$Sync 1 1 127 10 7 12 1 1 1 10 7 12 1 1 1 10 7 12 1 1 1 10 12 1 1 10 12 1 1 10 12 1 100 1 8 1 10 12 1 10 12 1 1 10 12 1 1 10 12 1 10 12 1 100 1 10 10 12 1 10 12 1 1 100 1 10 7 1 10 12 1 10 12 1 10 100 12 1 1 1 1 1 5 0 1 1 1 1 1 1 1 1 1 1 1 1 1 1 1 1 1 1 1 1 1 1 1 1 1 1 1 1 1 1 1 1 1 100 1 100 1 1 1 1 100 1 1 1 1
ciInstanceKlass java/util/concurrent/locks/ReentrantLock$NonfairSync 1 1 69 10 7 12 1 1 1 10 7 12 1 1 1 10 7 12 1 1 1 10 12 1 1 10 12 1 10 12 1 1 100 1 8 1 10 12 1 10 12 1 1 1 1 1 5 0 1 1 1 1 1 1 1 1 1 1 1 1 1 1 1 1 1 1 100 1 1 1 1
ciMethod java/util/concurrent/locks/ReentrantLock$Sync tryRelease (I)Z 1024 0 5532 0 0
ciMethod java/util/concurrent/locks/ReentrantLock$Sync initialTryLock ()Z 0 0 1 0 -1
instanceKlass java/math/BigDecimal
instanceKlass java/util/concurrent/atomic/Striped64
instanceKlass java/math/BigInteger
instanceKlass java/util/concurrent/atomic/AtomicLong
instanceKlass java/util/concurrent/atomic/AtomicInteger
instanceKlass java/lang/Long
instanceKlass java/lang/Integer
instanceKlass java/lang/Short
instanceKlass java/lang/Byte
instanceKlass java/lang/Double
instanceKlass java/lang/Float
ciInstanceKlass java/lang/Number 1 1 37 10 7 12 1 1 1 10 100 12 1 1 1 100 1 1 1 1 5 0 1 1 1 1 1 1 1 1 1 1 1 1 1 1 1 1 1
ciMethod java/util/concurrent/locks/AbstractQueuedSynchronizer tryRelease (I)Z 0 0 1 0 -1
ciMethod java/util/concurrent/locks/AbstractQueuedSynchronizer getState ()I 256 0 128 0 0
ciMethod java/util/concurrent/locks/AbstractQueuedSynchronizer release (I)Z 512 0 5566 0 0
ciMethod java/util/concurrent/locks/AbstractQueuedSynchronizer acquire (I)V 58 0 32 0 -1
ciMethod java/util/concurrent/locks/AbstractQueuedSynchronizer signalNext (Ljava/util/concurrent/locks/AbstractQueuedSynchronizer$Node;)V 464 0 5358 0 96
ciMethod java/util/concurrent/locks/AbstractQueuedSynchronizer setState (I)V 258 0 129 0 0
ciMethod java/util/concurrent/locks/AbstractQueuedSynchronizer compareAndSetState (II)Z 528 0 1399 0 96
instanceKlass java/lang/LiveStackFrameInfo
ciInstanceKlass java/lang/StackFrameInfo 0 0 132 10 100 12 1 1 1 9 100 12 1 1 1 9 100 1 9 12 1 1 11 100 12 1 1 1 9 12 1 1 11 12 1 1 10 12 1 1 10 100 12 1 1 1 10 12 1 11 12 1 11 12 1 1 11 12 1 10 12 1 1 9 12 1 1 10 12 1 1 10 100 12 1 1 10 12 1 1 11 12 1 1 10 12 1 9 12 1 1 10 12 1 1 100 1 8 1 10 12 1 10 100 12 1 1 1 100 1 1 1 1 1 1 1 1 1 1 1 1 1 1 1 1 1 1 100 1 1 1 1 1 1
ciInstanceKlass java/lang/LiveStackFrameInfo 0 0 97 10 100 12 1 1 1 9 100 12 1 1 1 9 12 1 9 12 1 9 12 1 9 12 1 1 100 1 10 12 1 1 10 12 1 8 1 10 12 1 1 8 1 8 1 8 1 10 100 1 10 12 1 100 1 10 12 1 100 1 100 1 1 1 3 1 3 1 1 1 1 1 1 1 1 1 1 1 1 1 1 1 1 1 1 1 1 1 1 1 1 1 1 1 100 1 1
ciMethod java/util/concurrent/locks/AbstractOwnableSynchronizer setExclusiveOwnerThread (Ljava/lang/Thread;)V 258 0 129 0 0
ciMethod java/util/concurrent/locks/AbstractOwnableSynchronizer getExclusiveOwnerThread ()Ljava/lang/Thread; 256 0 128 0 0
ciInstanceKlass java/lang/Character 1 1 576 7 1 100 1 100 1 9 12 1 1 8 1 9 12 1 1 100 1 9 12 1 1 10 100 12 1 1 1 10 100 12 1 1 1 10 100 12 1 1 1 10 7 12 1 1 1 9 7 12 1 1 1 10 12 1 10 12 1 1 10 12 1 1 10 100 12 1 1 10 12 1 1 3 3 3 3 3 10 12 1 1 10 12 1 3 11 7 12 1 1 1 11 12 1 1 10 12 1 1 10 12 1 1 100 1 10 10 12 1 3 10 12 1 1 10 12 1 10 12 1 1 100 1 8 1 10 12 1 1 10 12 1 10 12 1 10 12 1 10 12 1 10 12 1 1 10 12 1 10 7 12 1 1 10 10 12 1 10 10 12 1 10 12 1 1 10 12 1 10 10 12 1 10 12 1 10 12 1 10 12 1 10 12 1 10 12 1 10 12 1 10 12 10 10 12 10 10 12 1 10 10 12 1 10 10 12 1 10 10 12 1 10 10 12 1 10 10 12 1 10 10 12 1 1 10 10 12 1 10 5 0 10 12 1 10 12 1 10 10 12 1 10 10 12 1 1 10 10 12 1 10 10 12 1 9 12 1 1 100 1 10 10 12 1 10 12 1 1 3 10 100 12 1 1 1 10 12 1 10 100 12 1 1 100 1 10 10 12 1 1 10 12 1 1 10 12 1 1 8 1 10 12 1 9 100 12 1 1 1 10 12 1 10 10 12 1 10 12 1 1 10 12 1 10 10 12 1 1 10 10 12 1 1 100 1 8 1 10 12 1 1 10 7 12 1 1 1 8 1 10 12 1 1 9 12 1 1 100 1 100 1 100 1 1 1 1 3 1 3 1 3 1 3 1 1 1 1 1 3 1 1 3 1 3 1 3 1 3 1 3 1 3 1 3 1 3 1 3 1 3 1 3 1 3 1 3 1 3 1 3 1 3 1 3 1 3 1 3 1 3 1 3 1 3 1 3 1 3 1 3 1 3 1 3 1 3 1 1 1 1 1 1 1 1 1 1 1 1 1 1 1 1 1 1 1 3 1 1 1 1 1 1 1 3 1 1 3 1 1 1 1 1 3 1 1 5 0 1 1 1 1 1 1 1 1 1 1 1 1 1 1 1 1 1 1 1 1 1 1 1 1 1 1 1 1 1 1 1 1 1 1 1 1 1 1 1 1 1 1 1 1 1 1 1 1 1 1 1 1 1 1 1 1 1 1 1 1 1 1 1 1 1 1 1 1 1 1 1 1 1 1 1 1 1 1 1 1 1 1 1 1 1 1 1 1 1 100 1 100 1 1 1 1 1 1
staticfield java/lang/Character TYPE Ljava/lang/Class; java/lang/Class
staticfield java/lang/Character $assertionsDisabled Z 1
ciInstanceKlass java/lang/Float 1 1 223 7 1 100 1 10 100 12 1 1 1 10 100 12 1 1 1 4 100 1 10 12 1 1 10 12 1 1 8 1 8 1 10 100 12 1 1 1 10 12 1 1 10 12 1 1 10 4 4 4 10 7 12 1 1 9 12 1 1 10 12 1 1 10 12 1 10 12 1 10 12 1 1 10 12 1 10 12 1 3 10 12 1 1 10 12 1 1 10 12 1 10 100 12 1 1 1 10 12 1 1 10 12 1 1 8 1 10 7 12 1 1 1 9 12 1 1 100 1 100 1 100 1 1 1 1 1 4 1 1 1 4 1 1 3 1 3 1 3 1 3 1 1 1 1 5 0 1 1 1 1 1 1 1 1 1 1 100 1 1 1 1 1 1 1 1 1 1 1 1 1 3 1 1 1 1 1 1 1 1 1 1 1 1 1 1 1 1 1 1 1 1 1 1 1 1 1 1 1 1 1 1 1 1 1 1 1 1 1 1 100 1 1 1 1 1 1 1 100 1 100 1 1
staticfield java/lang/Float TYPE Ljava/lang/Class; java/lang/Class
ciInstanceKlass java/lang/Double 1 1 285 7 1 100 1 10 7 12 1 1 1 10 12 1 1 10 12 1 100 1 10 12 1 1 10 100 12 1 1 1 6 0 8 1 10 12 1 1 8 1 10 12 1 1 8 1 6 0 10 12 1 1 100 1 5 0 5 0 8 1 8 1 10 100 12 1 1 1 10 100 12 1 1 1 8 1 10 12 1 1 8 1 8 1 8 1 10 12 1 1 10 12 1 10 12 1 1 10 12 1 10 12 1 10 12 1 1 10 12 1 10 6 0 6 0 6 0 10 7 12 1 1 9 12 1 1 10 12 1 10 12 1 10 12 1 10 12 1 5 0 10 12 1 1 10 12 1 10 12 1 10 100 12 1 1 1 10 12 1 1 10 12 1 1 8 1 10 7 12 1 1 1 9 12 1 1 100 1 100 1 100 1 1 1 1 1 6 0 1 1 1 6 0 1 1 3 1 3 1 3 1 3 1 1 1 1 5 0 1 1 1 1 1 1 1 1 1 1 1 1 1 1 1 1 7 1 1 1 1 1 1 1 1 1 1 1 1 3 1 1 1 1 1 1 1 1 1 1 1 1 1 1 1 1 1 1 1 1 1 1 1 1 1 1 1 1 1 1 1 1 1 1 7 1 1 1 1 1 1 1 100 1 100 1 1
staticfield java/lang/Double TYPE Ljava/lang/Class; java/lang/Class
ciInstanceKlass java/lang/Byte 1 1 215 7 1 100 1 10 100 12 1 1 1 9 12 1 1 8 1 9 12 1 1 100 1 10 12 1 1 10 12 1 1 10 100 12 1 1 1 10 100 12 1 1 1 9 7 12 1 1 1 10 12 1 1 100 1 100 1 10 12 1 1 8 1 10 12 1 1 8 1 10 12 1 10 12 1 10 12 1 10 12 1 1 10 12 1 10 12 1 10 12 1 1 10 8 1 8 1 10 7 1 9 12 1 1 10 12 1 10 12 1 1 10 12 1 1 10 12 1 1 10 12 1 5 0 10 12 1 1 8 1 10 7 12 1 1 1 9 12 1 1 100 1 100 1 1 1 3 1 3 1 1 1 1 3 1 3 1 1 5 0 1 1 1 1 1 1 1 1 1 1 1 1 1 1 1 1 1 1 1 1 1 1 1 1 1 1 1 1 1 1 1 1 1 1 1 1 1 1 1 1 1 1 1 1 1 1 1 1 1 1 1 1 1 1 1
staticfield java/lang/Byte TYPE Ljava/lang/Class; java/lang/Class
ciInstanceKlass java/lang/Short 1 1 224 7 1 100 1 100 1 10 100 12 1 1 1 10 12 1 1 100 1 100 1 10 12 1 1 8 1 10 12 1 1 8 1 10 12 1 10 12 1 10 12 1 10 12 1 1 10 12 1 1 10 12 1 9 12 1 1 8 1 9 12 1 1 100 1 10 12 1 1 10 12 1 10 100 12 1 1 1 10 100 12 1 1 1 9 100 12 1 1 1 10 12 1 10 12 1 1 10 8 1 8 1 10 100 1 9 12 1 1 10 12 1 10 12 1 1 10 12 1 1 10 12 1 1 10 12 1 3 3 5 0 10 12 1 1 8 1 10 7 12 1 1 1 9 12 1 1 100 1 100 1 1 1 3 1 3 1 1 1 1 3 1 3 1 1 5 0 1 1 1 1 1 1 1 1 1 1 1 1 1 1 1 1 1 1 1 1 1 1 1 1 1 1 1 3 1 1 1 1 1 1 1 1 1 1 1 1 1 1 1 1 1 1 1 1 1 1 1 1 1 1 1 1 1
staticfield java/lang/Short TYPE Ljava/lang/Class; java/lang/Class
ciInstanceKlass java/lang/Integer 1 1 445 7 1 100 1 7 1 7 1 10 12 1 1 9 12 1 1 9 12 1 1 10 100 12 1 1 1 10 12 1 1 10 100 12 1 1 1 10 10 12 1 1 10 100 12 1 1 1 10 12 1 10 12 1 1 10 7 12 1 1 1 10 12 1 1 10 12 1 1 10 12 1 10 12 1 10 12 1 1 10 10 12 1 9 12 1 1 9 12 1 100 1 8 1 10 12 1 100 1 10 12 1 8 1 10 12 1 1 10 12 1 8 1 10 12 1 8 1 10 12 1 1 3 10 12 1 1 3 10 12 1 1 10 12 1 1 10 7 12 1 1 1 11 7 1 100 1 10 11 10 12 1 1 8 1 10 12 1 1 8 1 100 1 10 12 1 1 10 12 1 1 5 0 8 1 10 12 1 10 12 1 10 12 1 10 12 1 1 7 1 9 12 1 1 9 12 1 1 10 12 1 10 7 1 9 12 1 10 12 1 10 12 1 10 12 1 1 10 7 12 1 1 1 100 1 100 1 10 12 1 1 10 12 1 1 8 1 8 1 10 12 1 1 8 1 8 1 8 1 8 1 8 1 8 1 10 12 1 10 12 1 10 12 1 5 0 3 3 3 3 10 12 1 3 10 12 1 10 100 12 1 1 1 10 12 1 1 10 12 1 1 8 1 10 7 12 1 1 1 9 12 1 1 3 3 3 3 3 3 9 12 1 1 100 1 100 1 100 1 1 1 1 1 1 1 3 1 3 1 1 5 0 1 1 1 1 1 1 1 1 1 100 1 1 1 1 1 1 1 1 1 1 1 1 1 1 1 1 1 1 1 1 1 1 1 1 1 1 1 1 1 1 1 1 1 1 1 1 1 1 1 3 1 1 1 1 1 1 1 1 1 1 1 1 1 1 1 1 100 1 1 1 1 1 1 1 1 1 1 1 1 1 1 1 1 1 1 1 1 1 1 1 1 1 1 1 1 1 1 1 100 1 1 1 1 1 1 1 1 1 100 1 100 1 1
staticfield java/lang/Integer TYPE Ljava/lang/Class; java/lang/Class
staticfield java/lang/Integer digits [C 36
staticfield java/lang/Integer DigitTens [B 100
staticfield java/lang/Integer DigitOnes [B 100
staticfield java/lang/Integer sizeTable [I 10
ciMethod java/lang/Integer valueOf (I)Ljava/lang/Integer; 444 0 20620 0 -1
ciInstanceKlass java/lang/Long 1 1 506 7 1 100 1 7 1 100 1 10 12 1 1 9 12 1 1 9 7 12 1 1 1 10 7 12 1 1 1 10 12 1 1 10 100 12 1 1 1 10 10 12 10 12 1 10 12 1 10 12 1 5 0 5 0 100 1 10 12 1 1 10 12 1 1 10 12 1 10 12 1 10 12 1 10 12 1 1 10 100 12 1 1 10 12 1 10 12 1 1 10 12 1 1 10 12 1 1 10 12 1 1 10 100 12 1 1 1 10 12 1 1 10 12 1 10 12 1 10 12 1 10 12 1 1 10 10 12 1 5 0 5 0 9 12 1 1 9 12 1 5 0 7 1 8 1 10 12 1 8 1 10 12 1 8 1 8 1 10 12 1 1 5 0 10 12 1 1 5 0 10 12 1 1 10 12 1 1 10 100 12 1 1 1 11 100 1 100 1 10 11 10 12 1 1 8 1 10 12 1 1 8 1 100 1 10 12 1 1 10 12 1 8 1 8 1 11 12 1 1 10 12 1 10 12 1 10 12 1 5 0 5 0 9 7 12 1 1 1 10 12 1 10 12 1 1 8 1 8 1 10 12 1 1 8 1 8 1 8 1 8 1 8 1 8 1 10 12 1 10 12 1 10 12 1 1 10 7 1 9 12 1 1 10 12 1 10 12 1 1 10 7 12 1 1 1 100 1 100 1 10 12 1 1 10 12 1 1 5 0 10 12 1 10 12 1 5 0 5 0 5 0 10 12 1 1 5 0 5 0 10 12 1 10 12 1 10 100 12 1 1 1 10 12 1 1 10 12 1 1 8 1 10 7 12 1 1 1 9 12 1 1 100 1 100 1 100 1 1 1 1 5 0 1 1 1 1 3 1 3 1 5 0 1 1 1 1 1 1 1 1 1 100 1 1 1 1 1 1 1 1 1 1 1 1 1 1 1 1 1 1 1 1 1 1 1 1 1 1 1 1 1 1 1 1 1 1 1 1 1 1 1 1 1 1 1 1 1 1 1 1 1 1 1 1 1 1 3 1 1 1 1 1 1 1 1 1 1 1 1 1 1 1 100 1 1 1 1 1 1 1 1 1 1 1 1 1 1 1 1 1 1 1 1 1 1 1 1 1 1 1 7 1 1 1 1 1 1 1 1 1 100 1 100 1 1
staticfield java/lang/Long TYPE Ljava/lang/Class; java/lang/Class
ciInstanceKlass java/util/WeakHashMap$Entry 1 1 112 10 7 12 1 1 1 9 7 12 1 1 1 9 12 1 1 9 12 1 1 10 12 1 1 10 100 12 1 1 1 100 1 10 12 1 11 10 100 12 1 1 1 10 12 1 11 10 100 12 1 1 1 100 1 10 12 1 10 12 1 1 8 1 10 12 1 10 12 1 1 1 1 1 1 1 1 1 1 1 1 1 1 1 1 1 1 1 1 1 1 1 1 1 1 1 1 1 1 1 1 1 1 1 1 1 1 1 1 1 100 1
instanceKlass java/lang/ref/PhantomReference
instanceKlass java/lang/ref/FinalReference
instanceKlass java/lang/ref/WeakReference
instanceKlass java/lang/ref/SoftReference
ciInstanceKlass java/lang/ref/Reference 1 1 195 9 7 12 1 1 1 9 7 12 1 1 10 12 1 1 10 12 1 1 9 12 1 1 10 12 1 1 9 12 1 1 9 12 1 1 7 1 10 12 1 10 7 12 1 1 10 12 1 10 12 1 1 10 12 1 9 12 1 10 12 1 1 10 12 1 10 12 1 9 12 1 100 1 100 1 10 12 1 9 12 1 9 12 1 100 1 10 10 12 1 10 10 7 12 1 1 10 7 12 1 1 1 10 12 1 1 10 7 12 1 1 7 1 8 1 10 12 1 10 12 1 1 10 12 1 1 10 12 1 7 1 10 10 7 12 1 1 1 1 1 1 1 1 1 1 1 1 1 1 1 1 1 1 1 100 1 1 1 100 1 1 1 1 1 1 1 1 1 1 1 1 1 1 1 1 1 1 1 1 1 1 1 1 1 1 1 1 1 1 1 1 1 1 1
staticfield java/lang/ref/Reference processPendingLock Ljava/lang/Object; java/lang/Object
staticfield java/lang/ref/Reference $assertionsDisabled Z 1
instanceKlass sun/security/util/MemoryCache$SoftCacheEntry
instanceKlass java/util/ResourceBundle$BundleReference
instanceKlass java/io/ClassCache$CacheRef
instanceKlass sun/util/locale/provider/LocaleResources$ResourceReference
instanceKlass sun/util/resources/Bundles$BundleReference
instanceKlass sun/util/locale/LocaleObjectCache$CacheEntry
instanceKlass java/lang/invoke/LambdaFormEditor$Transform
ciInstanceKlass java/lang/ref/SoftReference 1 1 47 10 7 12 1 1 1 9 7 12 1 1 1 9 12 1 10 12 1 10 12 1 1 1 1 1 1 1 1 1 1 1 1 1 1 1 1 1 1 1 1 100 1 1 1 1 1
ciMethod java/lang/ref/SoftReference get ()Ljava/lang/Object; 524 0 5588 0 -1
ciMethod java/lang/ref/Reference refersToImpl (Ljava/lang/Object;)Z 514 0 12181 0 96
instanceKlass javax/crypto/JceSecurity$WeakIdentityWrapper
instanceKlass java/util/ResourceBundle$KeyElementReference
instanceKlass sun/nio/ch/FileLockTable$FileLockReference
instanceKlass sun/rmi/transport/WeakRef
instanceKlass java/util/logging/LogManager$LoggerWeakRef
instanceKlass java/util/logging/Level$KnownLevel
instanceKlass java/lang/WeakPairMap$WeakRefPeer
instanceKlass com/sun/jmx/mbeanserver/WeakIdentityHashMap$IdentityWeakReference
instanceKlass java/lang/ClassValue$Entry
instanceKlass java/lang/ThreadLocal$ThreadLocalMap$Entry
instanceKlass java/lang/invoke/MethodType$ConcurrentWeakInternSet$WeakEntry
instanceKlass java/util/WeakHashMap$Entry
ciInstanceKlass java/lang/ref/WeakReference 1 1 31 10 7 12 1 1 1 10 12 1 100 1 1 1 1 1 1 1 1 1 1 1 1 1 1 1 1 1 1 1 1
ciInstanceKlass java/lang/ThreadLocal$ThreadLocalMap$Entry 1 1 37 10 7 12 1 1 1 9 7 12 1 1 1 1 1 1 1 1 1 1 1 1 1 1 1 1 1 1 1 1 100 1 1 100 1 1 1
ciMethod java/lang/ref/Reference get ()Ljava/lang/Object; 0 0 1 0 -1
ciMethod java/lang/ref/WeakReference <init> (Ljava/lang/Object;)V 310 0 761 0 -1
instanceKlass java/lang/ref/Finalizer
ciInstanceKlass java/lang/ref/FinalReference 1 1 47 10 7 12 1 1 1 10 7 12 1 1 1 10 12 1 1 100 1 8 1 10 12 1 1 1 1 1 1 1 1 1 1 1 1 1 1 1 1 1 1 1 1 1 1 1 1
ciInstanceKlass java/lang/ref/Finalizer 1 1 152 9 7 12 1 1 1 10 7 12 1 1 1 9 12 1 1 9 12 1 1 9 12 1 9 12 1 10 12 1 10 12 1 1 9 12 1 1 100 1 10 12 1 7 1 11 7 12 1 1 100 1 10 12 1 100 1 10 12 1 10 100 12 1 1 1 10 100 12 1 1 1 100 1 10 10 12 1 10 7 12 1 1 1 7 1 10 7 1 10 10 7 12 1 1 1 10 12 1 1 10 7 12 1 1 7 1 10 12 1 10 12 1 1 10 12 1 1 10 12 1 1 1 1 1 1 1 1 1 1 1 1 1 1 1 1 1 1 1 1 1 1 1 1 1 1 1 1 1 1 1 1
staticfield java/lang/ref/Finalizer lock Ljava/lang/Object; java/lang/Object
staticfield java/lang/ref/Finalizer $assertionsDisabled Z 1
instanceKlass com/mysql/cj/jdbc/AbandonedConnectionCleanupThread$ConnectionFinalizerPhantomReference
instanceKlass jdk/internal/ref/PhantomCleanable
instanceKlass jdk/internal/ref/Cleaner
ciInstanceKlass java/lang/ref/PhantomReference 1 1 39 10 100 12 1 1 1 10 7 12 1 1 1 1 1 1 1 1 1 1 1 1 1 1 1 1 1 1 1 1 1 1 1 1 1 1 1 1 1
ciInstanceKlass jdk/internal/ref/Cleaner 1 1 83 9 7 12 1 1 1 9 12 1 9 12 1 9 12 1 1 10 7 12 1 1 1 9 12 1 1 10 12 1 10 12 1 1 10 12 1 1 11 7 12 1 1 1 100 1 100 1 10 12 1 10 100 12 1 1 1 7 1 10 12 1 1 1 1 1 1 1 1 1 1 1 1 1 1 1 1 1 1 1 1 1 1
staticfield jdk/internal/ref/Cleaner dummyQueue Ljava/lang/ref/ReferenceQueue; java/lang/ref/ReferenceQueue
instanceKlass java/lang/ref/ReferenceQueue$Null
ciInstanceKlass java/lang/ref/ReferenceQueue 1 1 140 10 7 12 1 1 1 7 1 10 9 7 12 1 1 1 9 12 1 1 9 7 12 1 1 1 9 12 1 9 12 1 9 12 1 1 100 1 10 9 12 1 1 9 12 1 7 1 10 100 12 1 1 1 10 12 1 10 12 1 1 100 1 8 1 10 12 1 10 7 12 1 1 1 10 12 1 1 5 0 10 12 1 1 11 100 12 1 1 1 10 7 12 1 1 1 7 1 10 1 1 1 1 1 1 1 1 1 1 1 1 1 1 100 1 1 1 1 1 1 1 1 1 100 1 1 1 1 1 1 1 1 1 1 1 1 1 1 1 1
staticfield java/lang/ref/ReferenceQueue NULL Ljava/lang/ref/ReferenceQueue; java/lang/ref/ReferenceQueue$Null
staticfield java/lang/ref/ReferenceQueue ENQUEUED Ljava/lang/ref/ReferenceQueue; java/lang/ref/ReferenceQueue$Null
staticfield java/lang/ref/ReferenceQueue $assertionsDisabled Z 1
instanceKlass java/lang/reflect/Executable
instanceKlass java/lang/reflect/Field
ciInstanceKlass java/lang/reflect/AccessibleObject 1 1 398 10 7 12 1 1 1 9 100 12 1 1 1 10 100 12 1 1 1 10 7 12 1 1 10 7 12 1 1 1 10 100 12 1 1 1 10 12 1 1 10 12 1 1 9 12 1 1 100 1 10 7 12 1 1 1 11 12 1 100 1 10 12 1 7 1 100 1 10 12 1 10 12 1 1 7 1 10 7 12 1 1 1 10 12 1 1 7 1 10 12 1 1 7 1 10 10 10 7 12 1 1 1 10 12 1 1 10 12 1 10 12 1 10 12 1 1 10 12 1 8 1 100 1 10 10 12 1 1 8 1 10 12 1 10 12 1 8 1 8 1 8 1 8 1 8 1 8 1 100 1 10 12 1 10 12 1 9 12 1 1 10 12 1 1 10 12 1 10 11 100 1 100 1 8 1 10 10 12 1 10 12 1 1 8 1 10 12 1 8 1 10 12 1 1 10 100 1 8 1 10 11 7 12 1 1 10 12 1 1 10 12 1 1 10 12 1 1 9 12 1 1 100 1 10 12 1 7 1 10 12 1 10 12 1 1 10 100 1 10 12 1 10 12 10 12 1 10 12 1 1 10 12 1 10 12 1 1 10 12 1 9 12 1 10 100 12 1 1 8 1 10 100 12 1 1 1 8 1 10 100 12 1 1 1 9 12 1 100 1 10 7 1 10 10 7 12 1 1 1 7 1 10 10 7 12 1 1 1 7 1 9 12 1 1 1 1 1 1 1 1 1 1 1 1 1 1 1 1 1 1 1 1 1 1 1 1 1 1 1 1 1 1 1 1 1 1 1 1 1 1 1 1 1 1 1 1 1 1 1 1 1 1 1 1 1 1 1 1 1 1 1 1 1 1 1 1 1 1 1 1 1 1 1 1 1 1 1 1 1 1 1 1 1 1 1 1 1
staticfield java/lang/reflect/AccessibleObject reflectionFactory Ljdk/internal/reflect/ReflectionFactory; jdk/internal/reflect/ReflectionFactory
instanceKlass java/lang/reflect/Constructor
instanceKlass java/lang/reflect/Method
ciInstanceKlass java/lang/reflect/Executable 1 1 548 10 7 12 1 1 1 10 7 12 1 1 1 10 7 12 1 1 1 11 7 12 1 1 1 10 7 12 1 1 1 10 12 1 1 10 7 12 1 1 1 10 100 12 1 1 1 10 12 1 8 1 10 10 12 1 1 10 12 1 1 10 100 12 1 1 1 18 12 1 1 11 100 12 1 1 1 8 1 8 1 8 1 10 100 12 1 1 1 11 12 1 1 100 1 8 1 8 1 10 12 1 100 1 8 1 10 12 1 8 1 11 100 12 1 1 1 100 1 10 12 1 1 11 12 1 8 1 18 8 1 10 12 1 10 12 1 1 18 8 1 10 12 1 100 1 10 12 1 10 12 1 11 100 12 1 1 10 12 1 1 8 1 8 1 10 12 1 1 10 12 1 1 10 10 12 1 100 1 10 10 12 1 10 12 1 1 10 7 12 1 1 10 12 1 10 12 1 10 12 1 1 10 100 12 1 1 10 12 1 10 12 1 10 100 12 1 1 1 10 12 1 8 1 10 12 1 10 12 1 3 100 1 8 1 10 12 1 10 12 1 10 10 12 1 10 12 1 1 8 1 8 1 8 1 9 12 1 10 12 1 100 1 8 1 9 12 1 10 12 1 10 12 1 1 10 12 1 1 10 12 1 10 12 10 12 1 7 1 10 12 1 10 12 1 1 100 1 10 100 12 1 1 1 100 1 10 7 12 1 1 1 10 12 1 1 11 7 12 1 1 10 7 12 1 1 10 100 12 1 1 1 10 12 1 1 9 12 1 10 12 1 1 10 12 1 10 12 1 1 9 100 12 1 1 1 10 100 12 1 1 1 10 12 1 10 12 1 1 9 12 1 10 10 10 10 100 12 1 1 1 10 12 1 9 12 1 10 12 1 1 9 12 1 100 1 100 1 1 1 1 1 1 1 1 1 1 1 1 1 1 1 1 1 1 1 1 1 1 1 1 1 1 1 1 1 1 1 1 1 1 100 1 1 1 1 1 1 1 1 100 1 1 1 1 1 1 1 1 1 1 1 1 100 1 1 1 1 1 1 1 1 1 1 1 1 1 1 1 1 1 1 1 1 1 1 1 1 1 1 1 1 1 1 1 1 1 1 1 1 1 1 1 1 1 100 1 1 1 1 1 1 1 1 1 1 1 1 1 1 1 1 1 1 1 1 1 100 1 100 1 1 15 10 100 12 1 1 1 16 15 16 1 16 1 15 10 12 16 1 100 1 1 100 1 100 1 1
ciInstanceKlass java/lang/reflect/Constructor 1 1 433 10 100 12 1 1 1 10 100 12 1 1 9 7 12 1 1 1 10 12 1 1 10 12 1 1 10 100 12 1 1 9 12 1 1 10 7 12 1 1 1 9 12 1 1 9 12 1 1 9 12 1 9 12 1 1 9 12 1 9 12 1 1 9 12 1 1 9 12 1 100 1 8 1 10 12 1 10 12 1 9 12 1 1 10 7 12 1 1 10 7 12 1 1 1 10 12 1 1 10 12 1 1 10 12 1 7 1 100 1 8 1 10 10 12 1 10 12 1 10 12 1 1 10 12 1 1 9 100 12 1 1 1 10 7 12 1 1 10 12 1 1 10 12 1 10 12 1 1 10 100 12 1 1 1 10 100 12 1 1 10 12 1 1 10 12 1 10 100 12 1 1 1 8 1 10 10 12 1 100 1 8 1 10 12 1 10 12 1 1 10 12 1 1 10 12 1 10 12 1 10 12 1 1 10 12 1 1 9 12 1 1 10 12 1 1 10 12 1 1 10 12 1 8 1 10 12 1 1 11 7 12 1 1 1 10 12 1 1 10 12 1 10 12 1 9 12 1 1 10 7 12 1 1 1 10 12 1 1 10 12 1 1 10 12 1 1 10 12 1 1 10 12 1 9 100 12 1 1 10 12 1 10 12 1 10 12 1 100 1 8 1 10 10 12 1 1 10 12 1 10 10 12 1 1 10 12 1 1 10 100 12 1 1 1 11 100 12 1 1 1 10 12 1 1 9 100 12 1 1 1 10 100 12 1 1 1 10 12 1 1 1 1 1 1 1 1 1 1 1 1 1 1 1 1 1 1 1 1 1 1 1 1 1 1 1 1 1 1 1 1 1 1 1 1 1 1 1 1 1 1 1 1 1 1 1 1 1 1 1 100 1 100 1 100 1 100 1 1 1 1 1 1 1 1 1 1 1 1 1 1 1 1 1 1 1 1 1 1 1 1 1 1 1 1 1 1 1 1 1 100 1 1
ciInstanceKlass java/lang/reflect/Method 1 1 450 9 7 12 1 1 1 10 7 12 1 1 1 10 7 12 1 1 9 12 1 1 10 12 1 1 10 12 1 1 10 7 12 1 1 10 7 12 1 1 1 9 12 1 1 9 12 1 9 12 1 1 9 12 1 9 12 1 9 12 1 1 9 12 1 9 12 1 1 9 12 1 9 12 1 9 12 1 1 100 1 8 1 10 12 1 10 12 1 9 12 1 1 8 1 10 7 12 1 1 10 7 12 1 1 1 10 12 1 1 10 12 1 1 10 12 1 10 12 1 1 10 12 1 1 9 100 12 1 1 1 10 12 1 1 10 12 10 7 12 1 1 10 12 1 1 10 12 1 10 12 1 10 12 1 10 7 12 1 1 1 10 12 1 1 10 7 1 10 7 12 1 1 1 10 7 12 1 1 10 12 1 1 10 12 1 1 10 12 1 10 7 12 1 1 1 10 12 1 10 8 1 10 12 1 10 12 1 7 1 8 1 8 1 8 1 10 12 1 10 12 1 1 10 12 1 1 10 10 12 1 1 10 12 1 11 100 1 9 12 1 1 10 12 1 1 10 12 1 10 12 1 1 10 12 1 1 11 7 12 1 1 1 10 12 1 10 12 1 10 12 1 10 12 1 10 12 1 9 12 1 1 10 7 12 1 1 1 10 12 1 1 10 7 12 1 1 1 10 7 12 1 1 1 10 7 12 1 1 1 11 7 12 1 1 1 10 7 12 1 1 1 7 1 100 1 100 1 10 12 1 10 12 1 1 10 12 1 100 1 8 1 10 12 1 10 10 12 1 1 10 12 1 1 10 12 1 1 10 12 1 1 8 1 10 12 1 1 1 1 1 1 1 1 1 1 1 1 1 1 1 1 1 1 1 1 1 1 1 1 1 1 1 1 1 1 1 1 1 1 1 1 1 1 1 1 1 1 1 1 1 1 1 1 1 1 1 1 1 100 1 100 1 100 1 1 1 1 1 1 1 1 1 1 1 1 1 1 1 1 1 1 1 1 1 1 1 1 1 1
ciInstanceKlass java/lang/reflect/Field 1 1 437 9 7 12 1 1 1 10 12 1 1 10 100 12 1 1 1 10 100 12 1 1 9 12 1 1 10 12 1 1 10 12 1 1 10 100 12 1 1 10 7 12 1 1 1 9 12 1 1 9 12 1 9 12 1 9 12 1 1 9 12 1 1 9 12 1 9 12 1 1 9 12 1 1 100 1 8 1 10 12 1 10 12 1 9 12 1 1 9 12 1 10 12 1 10 7 12 1 1 10 12 1 1 10 12 1 1 10 12 1 10 12 1 1 7 1 10 12 1 1 10 12 1 1 10 12 1 1 10 12 1 10 12 1 10 100 1 10 100 12 1 1 100 1 10 8 1 10 12 1 1 10 12 1 1 8 1 10 12 10 12 1 8 1 8 1 10 11 100 1 9 12 1 10 12 1 1 10 12 1 1 11 7 12 1 1 1 11 12 1 1 11 12 1 1 11 12 1 1 11 12 1 1 11 12 1 1 11 12 1 1 11 12 1 1 11 12 1 1 11 12 1 1 11 12 1 1 11 12 1 1 11 12 1 1 11 12 1 1 11 12 1 1 11 12 1 1 11 12 1 1 11 12 1 1 10 12 1 10 100 12 1 1 10 12 1 10 12 1 1 10 12 9 12 1 1 10 7 12 1 1 1 10 12 1 1 10 100 12 1 1 10 12 1 1 11 100 1 10 12 1 100 1 10 100 12 1 1 1 10 100 12 1 1 1 9 12 1 10 100 12 1 1 1 11 100 12 1 1 1 10 12 1 1 10 12 1 1 9 100 12 1 1 1 10 100 12 1 1 1 10 12 1 1 100 1 1 1 1 1 1 1 1 1 1 1 1 1 1 1 1 1 1 1 1 1 1 1 1 1 1 1 1 1 1 1 1 1 1 1 100 1 1 1 1 1 1 1 1 1 1 1 1 1 1 1 1 1 1 1 1 1 1 1 1 1 1 1 1 1 1 1 1 1 1 100 1 1 1 1 1 1 1 1 100 1 1
ciInstanceKlass java/lang/reflect/Parameter 0 0 226 10 100 12 1 1 1 9 100 12 1 1 1 9 12 1 1 9 12 1 1 9 12 1 10 12 1 1 10 12 1 1 10 100 12 1 1 1 100 1 10 10 12 1 1 11 100 12 1 1 1 10 12 1 10 100 12 1 1 1 10 12 1 1 10 12 1 10 12 1 8 1 8 1 10 100 12 1 1 1 10 12 1 10 12 10 12 1 8 1 10 12 1 9 12 1 1 10 12 1 1 9 12 1 1 10 12 1 1 10 12 1 1 10 12 1 1 10 12 1 10 10 12 1 10 100 12 1 1 1 10 12 1 1 11 100 12 1 1 10 100 12 1 1 100 1 10 100 12 1 1 1 10 12 1 1 10 12 1 1 10 12 1 1 10 12 1 1 9 12 1 100 1 10 11 12 1 1 11 12 1 1 100 1 1 1 1 1 1 1 1 1 1 1 1 1 1 1 1 1 1 1 1 1 1 1 1 1 1 1 1 1 1 1 1 1 1 1 1 1 1 100 1 1 1 1
ciInstanceKlass java/lang/StringBuffer 1 1 470 10 7 12 1 1 1 10 12 1 10 12 1 10 12 1 1 9 7 12 1 1 1 10 12 1 1 10 12 1 10 12 1 1 9 12 1 1 10 12 1 10 12 1 1 10 12 1 1 10 12 1 10 12 1 1 10 12 1 10 12 1 1 10 12 1 1 10 100 12 1 1 1 10 12 1 1 10 12 1 10 12 1 10 12 1 10 12 1 10 12 1 10 12 1 10 12 1 10 12 1 10 12 1 10 12 1 10 12 1 10 12 1 10 12 1 10 12 1 1 10 12 1 10 12 1 1 10 12 1 1 10 10 12 1 1 10 12 1 10 12 1 10 12 1 10 12 1 10 12 1 10 12 1 10 12 10 12 1 10 12 1 10 12 1 10 12 1 1 10 12 1 10 12 1 10 10 12 1 1 10 12 1 1 9 12 1 1 10 7 12 1 1 1 10 100 1 10 10 100 12 1 1 1 10 10 12 1 10 8 10 100 12 1 1 1 8 10 12 1 8 1 10 12 1 10 12 1 10 100 12 1 1 1 10 100 12 1 1 1 7 1 10 12 100 1 8 1 10 10 12 1 1 10 12 1 1 10 12 1 1 10 12 1 10 12 1 10 12 1 10 12 1 10 12 1 10 12 1 10 12 1 10 12 1 10 12 1 10 12 1 10 12 1 10 12 1 10 12 1 10 12 1 10 12 1 10 12 1 10 12 10 12 10 12 1 10 12 1 10 12 1 10 12 10 12 1 10 12 1 10 12 1 10 12 1 10 12 1 10 12 1 10 12 1 10 12 1 10 12 1 10 12 1 10 12 1 7 1 10 12 1 9 7 12 1 1 1 9 7 1 9 12 1 1 100 1 100 1 100 1 1 1 1 5 0 1 1 1 1 1 1 1 1 1 1 1 1 1 1 1 1 1 1 1 1 1 1 1 1 1 1 1 1 1 1 1 1 1 1 1 1 1 1 1 1 1 1 1 1 1 1 1 1 1 1 1 1 1 1 1 1 1 1 1 1 100 1 1 1 1 1 100 1 1 1 1 1 1 1 1 1 1 1 1 1 1 1 1 1
staticfield java/lang/StringBuffer serialPersistentFields [Ljava/io/ObjectStreamField; 3 [Ljava/io/ObjectStreamField;
instanceKlass java/lang/StringBuilder
instanceKlass java/lang/StringBuffer
ciInstanceKlass java/lang/AbstractStringBuilder 1 1 547 7 1 7 1 10 7 12 1 1 1 9 7 12 1 1 1 9 12 1 9 12 1 1 9 12 1 1 10 7 12 1 1 1 10 12 1 1 3 3 10 12 1 10 12 1 1 11 7 1 100 1 100 1 10 8 1 10 12 1 10 12 1 10 12 1 1 10 12 1 10 12 1 10 12 1 9 12 1 1 10 12 1 1 10 7 12 1 1 1 10 10 12 1 10 12 1 10 12 1 1 10 12 1 1 10 7 12 1 1 1 10 7 12 1 1 1 100 1 8 1 10 10 12 1 1 100 1 10 12 10 12 1 1 10 10 12 1 1 10 12 1 1 10 12 1 1 10 12 1 1 100 1 10 10 12 1 10 100 12 1 1 1 10 12 1 1 10 12 1 10 12 1 1 10 10 12 1 1 10 12 10 12 1 10 12 1 1 10 12 1 1 10 12 1 1 10 12 1 10 10 12 1 1 10 12 1 10 12 1 1 8 1 10 12 1 1 10 12 1 10 12 1 10 12 1 10 12 1 10 12 1 10 12 1 10 7 12 1 1 10 12 1 10 12 1 10 100 12 1 1 1 10 12 1 10 12 1 10 12 1 10 12 1 10 12 1 1 10 12 1 10 12 1 1 10 12 1 1 10 10 7 12 1 1 1 10 12 1 10 12 1 10 12 1 1 10 12 1 10 12 1 10 12 1 10 12 1 10 12 1 10 12 1 10 12 1 10 12 1 10 12 1 1 10 12 1 10 12 1 10 12 10 12 1 1 18 12 1 1 100 1 10 100 12 1 1 1 18 10 12 1 1 10 12 1 10 12 1 1 11 12 1 10 12 1 10 12 1 10 10 12 1 10 8 1 8 1 8 1 10 10 100 1 10 12 1 100 1 10 100 1 10 100 1 1 1 3 1 1 1 1 1 1 1 1 1 1 100 1 1 1 1 1 1 1 1 1 1 1 1 1 1 1 1 1 1 1 1 1 1 1 1 1 1 1 1 1 1 1 1 1 1 1 1 1 1 1 1 1 1 1 1 1 1 1 1 1 1 1 1 1 1 1 1 1 1 1 1 1 1 1 1 1 1 1 1 1 1 1 1 1 1 1 1 1 1 1 1 1 1 1 1 1 1 1 1 1 1 1 1 1 1 1 1 1 100 1 1 100 1 1 1 1 1 100 1 1 1 1 1 1 15 10 100 12 1 1 1 16 1 15 10 12 16 15 10 12 1 1 1 1 100 1 100 1 1
staticfield java/lang/AbstractStringBuilder EMPTYVALUE [B 0
instanceKlass javax/crypto/JceSecurityManager
ciInstanceKlass java/lang/SecurityManager 1 1 576 10 7 12 1 1 1 9 7 12 1 1 1 10 7 12 1 1 1 100 1 8 1 10 12 1 10 12 1 1 10 100 12 1 1 1 10 100 1 10 100 1 10 9 100 12 1 1 1 10 7 12 1 1 1 10 12 1 1 10 7 12 1 1 100 1 8 1 10 9 12 1 1 9 12 1 8 1 9 12 1 100 1 10 8 1 10 12 1 1 10 12 1 10 12 1 1 100 1 10 10 12 1 1 100 1 8 1 10 12 1 8 1 8 1 8 1 8 1 8 1 8 1 10 12 1 8 1 8 1 8 1 8 1 8 1 10 100 12 1 1 1 10 12 1 1 8 1 100 1 8 1 10 8 1 8 1 8 1 8 1 8 1 10 100 12 1 1 8 1 100 1 8 1 8 1 10 8 1 10 12 1 100 1 8 1 10 10 12 1 1 10 12 1 10 12 1 10 12 1 10 7 12 1 1 1 10 12 1 10 7 12 1 1 11 7 12 1 1 1 18 12 1 1 11 7 12 1 1 1 18 12 1 1 11 12 1 1 18 18 11 12 1 18 12 1 11 12 1 1 9 12 1 1 9 12 1 9 12 1 9 12 1 7 1 10 7 12 1 1 10 12 1 10 12 1 18 12 1 18 10 7 12 1 1 1 18 12 1 10 12 1 18 18 8 1 10 12 1 9 12 1 1 11 7 12 1 1 1 8 1 100 1 10 12 1 10 12 1 1 10 12 1 1 9 12 1 1 10 12 1 10 12 1 1 8 1 100 1 10 9 12 1 8 1 10 12 1 8 1 100 1 10 10 7 12 1 1 10 7 1 9 7 12 1 1 1 11 12 1 1 10 12 1 11 12 1 10 12 1 7 1 10 10 12 1 1 10 12 1 1 1 1 1 1 1 1 1 1 1 100 1 1 1 1 1 1 1 1 1 1 1 1 1 1 1 1 1 1 1 1 1 1 1 1 1 1 1 1 1 1 1 1 1 1 1 1 1 1 1 1 1 1 1 1 1 1 1 1 1 1 1 1 1 1 1 1 3 1 1 1 1 1 1 1 1 1 1 100 1 1 1 1 1 1 1 1 1 1 1 1 1 1 1 1 1 1 1 1 1 1 1 1 1 1 1 1 1 1 1 1 1 1 1 1 1 1 15 10 7 12 1 1 1 16 15 10 7 12 1 1 1 16 1 16 15 10 12 16 1 15 10 12 16 15 11 7 1 16 1 16 1 15 10 12 16 15 10 12 16 15 10 12 1 16 1 15 11 12 1 15 10 12 16 15 10 16 1 1 1 1 100 1 100 1 1
staticfield java/lang/SecurityManager packageAccessLock Ljava/lang/Object; java/lang/Object
staticfield java/lang/SecurityManager packageDefinitionLock Ljava/lang/Object; java/lang/Object
staticfield java/lang/SecurityManager nonExportedPkgs Ljava/util/Map; java/util/concurrent/ConcurrentHashMap
instanceKlass java/time/DateTimeException
instanceKlass java/security/ProviderException
instanceKlass java/util/MissingResourceException
instanceKlass ch/qos/logback/core/LogbackException
instanceKlass kotlin/KotlinNothingValueException
instanceKlass com/mysql/cj/exceptions/CJException
instanceKlass kotlin/NoWhenBranchMatchedException
instanceKlass java/util/NoSuchElementException
instanceKlass java/nio/BufferUnderflowException
instanceKlass java/nio/BufferOverflowException
instanceKlass com/badlogic/gdx/utils/SharedLibraryLoadRuntimeException
instanceKlass java/lang/SecurityException
instanceKlass com/badlogic/gdx/utils/GdxRuntimeException
instanceKlass java/lang/IndexOutOfBoundsException
instanceKlass kotlin/UninitializedPropertyAccessException
instanceKlass java/lang/IllegalStateException
instanceKlass java/lang/UnsupportedOperationException
instanceKlass java/lang/IllegalArgumentException
instanceKlass java/lang/ArithmeticException
instanceKlass java/lang/NullPointerException
instanceKlass java/lang/IllegalMonitorStateException
instanceKlass java/lang/ArrayStoreException
instanceKlass java/lang/ClassCastException
ciInstanceKlass java/lang/RuntimeException 1 1 40 10 7 12 1 1 1 10 12 1 10 12 1 10 12 1 10 12 1 100 1 1 1 1 5 0 1 1 1 1 1 1 1 1 1 1 1 1 1 1
instanceKlass java/security/InvalidParameterException
instanceKlass java/nio/file/InvalidPathException
instanceKlass java/nio/charset/UnsupportedCharsetException
instanceKlass java/lang/NumberFormatException
ciInstanceKlass java/lang/IllegalArgumentException 1 1 35 10 7 12 1 1 1 10 12 1 10 12 1 10 12 1 100 1 1 1 1 5 0 1 1 1 1 1 1 1 1 1 1 1 1
ciInstanceKlass java/lang/ArithmeticException 1 1 26 10 100 12 1 1 1 10 12 1 100 1 1 1 1 5 0 1 1 1 1 1 1 1 1 1
instanceKlass kotlin/KotlinNullPointerException
ciInstanceKlass java/lang/NullPointerException 1 1 52 10 100 12 1 1 1 10 12 1 9 100 12 1 1 1 10 12 1 1 9 12 1 1 10 12 1 1 10 12 1 1 1 1 5 0 1 1 1 1 1 1 1 1 100 1 100 1 100 1 1 1
instanceKlass java/util/Collections$SingletonMap
instanceKlass java/util/concurrent/ConcurrentSkipListMap
instanceKlass java/util/TreeMap
instanceKlass java/util/IdentityHashMap
instanceKlass sun/util/PreHashedMap
instanceKlass java/util/EnumMap
instanceKlass java/util/WeakHashMap
instanceKlass java/util/Collections$EmptyMap
instanceKlass java/util/HashMap
instanceKlass java/util/ImmutableCollections$AbstractImmutableMap
instanceKlass java/util/concurrent/ConcurrentHashMap
ciInstanceKlass java/util/AbstractMap 1 1 192 10 7 12 1 1 1 10 7 12 1 1 1 11 7 12 1 1 1 10 11 12 1 1 11 7 12 1 1 1 11 12 1 1 7 1 11 12 1 10 12 1 1 11 12 1 100 1 10 11 12 1 11 7 1 10 12 1 1 11 12 1 9 12 1 1 100 1 10 12 1 9 12 1 1 100 1 10 11 11 12 1 1 11 12 1 100 1 100 1 11 12 1 8 1 100 1 10 10 12 1 1 8 1 10 12 1 10 12 1 1 10 12 1 1 1 1 1 1 1 1 1 1 1 1 1 1 1 1 1 1 1 1 1 1 1 1 1 1 1 1 1 1 1 1 1 1 1 1 1 1 1 1 100 1 1 1 1 1 1 1 1 1 1 1 1 1 1 1 1 7 1 1 1 1 1 1 1 1 1 100 1 100 1 100 1 100 1 1 1 1 1
ciInstanceKlass java/security/AccessControlContext 1 1 373 9 7 12 1 1 1 9 12 1 1 10 7 12 1 1 1 8 1 10 7 12 1 1 1 10 7 12 1 1 1 9 12 1 9 12 1 1 9 12 1 1 10 7 12 1 1 100 1 10 12 1 11 100 12 1 1 1 11 12 1 11 12 1 11 12 1 1 7 1 11 12 1 1 10 12 1 10 7 12 1 1 1 9 100 12 1 1 1 10 100 12 1 1 1 11 100 12 1 1 1 10 7 1 100 1 8 1 10 12 1 10 12 1 1 7 1 10 7 12 1 1 1 9 12 1 9 12 1 9 12 1 9 12 1 1 9 12 1 1 9 12 1 9 12 1 10 7 12 1 1 1 9 12 1 10 12 1 1 10 12 1 1 8 1 10 12 1 1 10 12 1 1 10 100 12 1 1 1 7 1 10 10 12 1 1 10 100 12 1 1 1 10 8 1 10 100 12 1 1 8 1 10 100 12 1 1 8 1 8 1 10 12 1 8 1 10 12 1 8 1 10 12 1 10 12 1 10 12 1 1 8 1 8 1 100 1 10 12 1 10 12 1 1 7 1 10 12 1 8 1 10 12 1 10 12 1 10 8 1 10 12 1 1 10 12 1 1 10 12 1 1 10 12 1 1 10 12 1 10 12 1 10 12 1 10 12 1 1 10 10 10 12 1 1 1 1 1 1 1 1 1 1 1 1 1 1 1 1 1 1 1 1 1 1 1 1 100 1 1 1 1 1 1 1 1 1 1 1 1 1 1 1 1 1 1 1 1 1 1 1 1 1 1 1 1 1 1 1 1 1 1 1 1 1 1 1 1 1 1 1 1 1 1 1 1 1 1 1 1 3 1 1
ciInstanceKlass java/net/URL 1 1 743 10 7 12 1 1 1 10 12 1 10 7 12 1 1 9 12 1 1 9 12 1 10 100 12 1 1 1 10 12 1 1 10 12 1 1 9 12 1 1 10 7 12 1 1 1 8 1 10 12 1 1 100 1 10 10 12 1 1 8 1 10 12 1 1 9 12 1 100 1 8 1 10 12 1 10 12 1 8 1 9 12 1 10 12 1 1 9 12 1 10 12 1 10 12 1 9 12 1 9 12 1 8 1 9 12 1 10 12 1 1 8 1 9 12 1 1 10 12 1 1 10 7 12 1 1 1 8 1 10 12 1 7 1 10 12 1 10 12 1 10 12 1 10 12 1 1 10 12 1 1 8 1 10 12 1 1 10 12 1 8 1 9 12 1 8 1 10 12 1 10 7 12 1 1 1 100 1 10 12 1 10 12 1 1 10 7 12 1 1 1 100 1 8 1 10 10 12 1 8 1 10 12 1 1 10 12 1 10 12 1 10 12 1 10 12 1 10 12 1 8 1 10 12 1 10 10 7 12 1 1 1 10 12 1 9 100 12 1 1 1 10 100 12 1 1 1 9 12 1 1 10 12 1 10 100 12 1 1 1 100 1 100 1 10 12 1 10 12 1 10 12 1 10 12 1 10 12 1 10 12 10 10 10 12 1 100 1 10 12 1 10 12 1 1 8 1 9 100 12 1 1 1 10 100 12 1 1 1 10 12 1 1 9 100 12 1 1 1 10 12 1 1 100 1 10 12 1 10 12 1 10 10 12 1 1 10 12 1 1 10 12 1 10 12 1 10 12 1 10 7 12 1 1 1 10 12 1 1 10 12 1 9 12 1 1 9 12 1 1 100 1 8 1 10 10 12 1 9 12 1 1 10 7 12 1 1 8 1 10 7 12 1 1 8 1 10 12 1 1 10 12 1 8 1 8 1 10 7 12 1 1 1 100 1 10 100 12 1 1 1 10 12 1 10 12 1 7 1 10 9 12 1 1 10 7 12 1 1 8 1 10 12 1 1 7 1 10 10 7 12 1 1 1 8 9 100 12 1 1 1 10 12 1 10 12 1 10 12 1 10 12 1 10 7 12 1 1 11 7 12 1 1 10 12 1 10 12 1 9 12 1 10 12 1 1 10 100 12 1 1 10 100 12 1 1 1 8 10 100 12 1 1 100 1 10 8 8 10 12 1 8 8 8 100 1 10 12 1 9 12 1 1 10 12 1 10 12 1 1 10 12 1 10 12 10 12 1 1 10 12 1 1 10 10 10 12 1 10 12 1 10 12 1 10 12 1 10 12 1 10 10 12 1 100 1 8 1 10 10 10 12 1 1 10 12 1 10 12 1 1 8 1 7 1 10 10 10 7 1 10 12 1 9 7 12 1 1 1 9 12 1 1 7 1 10 10 7 12 1 1 1 100 1 1 1 1 1 5 0 1 1 1 1 1 1 1 1 1 1 1 1 1 1 1 1 1 1 1 1 1 1 1 1 1 1 1 1 1 1 1 1 1 1 1 1 1 1 1 100 1 1 1 1 1 1 1 1 1 1 1 1 1 1 1 1 1 1 1 1 1 1 1 1 1 1 1 1 1 1 1 1 1 1 1 1 1 100 1 1 1 1 1 1 1 1 1 1 1 1 1 1 1 1 100 1 1 1 1 1 1 1 1 1 1 1 1 1 1 1 1 1 1
staticfield java/net/URL defaultFactory Ljava/net/URLStreamHandlerFactory; java/net/URL$DefaultFactory
staticfield java/net/URL streamHandlerLock Ljava/lang/Object; java/lang/Object
staticfield java/net/URL serialPersistentFields [Ljava/io/ObjectStreamField; 7 [Ljava/io/ObjectStreamField;
ciInstanceKlass java/util/jar/Manifest 1 1 336 10 7 12 1 1 1 7 1 10 9 7 12 1 1 1 7 1 10 9 12 1 1 9 12 1 1 10 12 1 10 12 1 1 10 12 1 1 10 12 1 1 10 12 1 1 11 7 1 11 12 1 1 10 12 1 1 10 100 12 1 1 1 100 1 100 1 10 8 1 10 12 1 1 10 12 1 1 10 12 1 10 12 1 11 100 1 10 12 1 10 12 1 1 11 12 1 1 10 12 1 11 12 1 1 11 100 12 1 1 1 11 100 12 1 1 11 12 1 1 100 1 10 12 1 8 1 11 12 1 100 1 10 12 1 1 11 12 1 10 12 1 10 12 1 10 100 12 1 1 1 8 1 10 12 1 1 10 9 100 12 1 1 1 10 12 1 1 10 100 12 1 10 12 1 10 12 1 9 100 12 1 1 1 8 1 10 12 1 8 1 8 1 7 1 10 12 1 10 12 1 10 12 1 1 100 1 8 1 10 12 1 1 8 1 10 10 12 1 1 8 1 10 12 1 1 10 100 12 1 1 1 10 12 1 10 11 12 1 1 10 12 1 10 100 12 1 1 1 10 12 1 1 10 12 1 1 11 10 12 1 11 10 12 1 100 1 1 1 1 1 1 1 1 1 1 1 1 1 1 1 1 1 1 1 1 1 1 1 1 1 1 1 1 1 1 1 1 1 1 1 1 1 1 1 1 1 1 1 100 1 1 1 1 1 1 1 1 1 1 1 1 1 1 100 1 1 1 1 1 1 1 1 1 1 1
ciInstanceKlass java/util/Objects 1 1 151 10 7 12 1 1 1 100 1 8 1 10 12 1 10 12 1 1 10 7 12 1 1 1 10 12 1 1 10 12 1 10 100 12 1 1 1 10 12 1 1 11 100 12 1 1 1 100 1 10 10 12 1 8 1 10 7 12 1 1 1 8 1 100 1 11 12 1 1 8 1 10 7 12 1 1 1 10 12 1 1 10 12 1 10 12 1 10 12 1 10 12 1 1 1 1 1 1 1 1 1 1 1 1 1 1 1 1 1 1 1 1 1 1 1 1 1 1 1 1 1 1 1 1 1 1 1 1 1 1 1 1 1 1 1 1 1 1 1 1 1 1 1 1 1 1 1 1 1 1 1
instanceKlass java/util/concurrent/ConcurrentLinkedDeque
instanceKlass java/util/AbstractQueue
instanceKlass java/util/IdentityHashMap$Values
instanceKlass java/util/LinkedHashMap$LinkedValues
instanceKlass java/util/TreeMap$Values
instanceKlass java/util/HashMap$Values
instanceKlass java/util/ArrayDeque
instanceKlass java/util/AbstractSet
instanceKlass java/util/ImmutableCollections$AbstractImmutableCollection
instanceKlass java/util/AbstractList
ciInstanceKlass java/util/AbstractCollection 1 1 160 10 7 12 1 1 1 10 7 12 1 1 1 10 12 1 1 11 7 12 1 1 1 11 12 1 1 10 12 1 1 10 100 12 1 1 1 10 12 1 1 10 12 1 1 10 7 12 1 1 10 7 12 1 1 1 7 1 10 100 12 1 1 1 10 100 12 1 1 1 100 1 10 11 12 1 11 7 1 10 12 1 10 12 1 10 100 12 1 1 1 11 8 1 100 1 10 10 12 1 1 8 1 10 12 1 10 12 1 1 1 1 1 1 1 1 1 1 1 1 1 1 1 1 1 1 1 1 1 1 1 1 1 1 1 1 1 1 1 1 1 1 1 1 1 1 1 1 1 1 1 1 1 1 1 1 1 1 1 1
instanceKlass sun/security/jca/ProviderList$ServiceList
instanceKlass java/util/Collections$CopiesList
instanceKlass sun/security/jca/ProviderList$3
instanceKlass java/util/ArrayList$SubList
instanceKlass java/util/Collections$SingletonList
instanceKlass java/util/Vector
instanceKlass java/util/AbstractSequentialList
instanceKlass java/util/Arrays$ArrayList
instanceKlass java/util/Collections$EmptyList
instanceKlass java/util/ArrayList
ciInstanceKlass java/util/AbstractList 1 1 218 10 7 12 1 1 1 9 7 12 1 1 1 10 12 1 1 10 12 1 1 100 1 10 10 12 1 1 11 100 12 1 1 1 11 12 1 1 11 12 1 10 100 12 1 1 1 10 12 1 11 12 1 11 12 1 11 12 1 10 12 1 1 10 12 1 1 11 100 12 1 1 1 11 100 1 11 7 1 10 12 1 100 1 10 12 1 10 12 1 1 100 1 100 1 10 12 1 100 1 10 100 1 100 1 10 8 1 10 12 1 1 10 12 1 10 12 1 1 10 12 1 8 1 100 1 8 1 8 1 8 1 10 100 1 11 10 10 12 1 11 12 1 10 12 1 1 8 1 8 1 1 1 1 1 1 1 1 1 1 1 1 1 1 1 1 1 1 1 1 1 1 1 1 1 1 1 1 1 1 1 1 1 1 1 1 1 1 1 1 1 1 1 1 1 1 1 1 1 1 1 1 1 1 1 1 1 1 100 1 100 1 1 1 1 1 1 1
ciInstanceKlass jdk/internal/util/Preconditions 1 1 170 10 7 12 1 1 1 11 7 12 1 1 1 11 7 12 1 1 1 7 1 100 1 10 7 12 1 1 1 10 12 1 8 1 7 1 10 7 12 1 1 1 10 12 1 1 8 1 8 1 10 100 12 1 1 7 1 10 12 1 8 1 10 7 12 1 1 1 8 1 10 12 1 1 10 12 1 1 11 12 1 8 1 8 1 11 12 1 1 8 1 8 1 8 1 10 12 1 1 10 12 1 1 10 12 1 10 12 1 10 12 1 10 12 1 1 1 1 1 1 1 1 1 1 1 1 1 1 1 1 1 1 1 1 1 1 1 1 1 1 1 1 1 1 1 1 1 1 1 1 1 1 1 1 1 1 1 1 1 1 1 1 1 1 1 1 1 1 1 1
ciMethod java/util/Objects checkFromIndexSize (III)I 1024 0 25302 0 192
ciInstanceKlass java/lang/AssertionStatusDirectives 0 0 24 10 100 12 1 1 1 100 1 1 1 1 1 1 1 1 1 1 1 1 1 1 1 1
ciInstanceKlass java/lang/invoke/MethodHandleNatives$CallSiteContext 1 1 49 10 7 12 1 1 1 7 1 10 10 7 12 1 1 1 10 7 12 1 1 1 10 7 12 1 1 1 100 1 1 1 1 1 1 1 1 1 1 1 1 1 1 1 1 1 100 1 1
ciInstanceKlass jdk/internal/invoke/NativeEntryPoint 0 0 92 10 100 12 1 1 1 9 100 12 1 1 1 10 100 12 1 1 1 100 1 9 12 1 9 12 1 9 12 1 1 9 12 1 1 9 12 1 1 100 1 8 1 10 12 1 11 100 12 1 1 1 10 12 1 1 10 12 1 11 100 12 1 1 11 12 1 10 12 1 1 10 12 1 1 1 1 1 1 1 1 1 1 1 1 1 1 1 1 1 1 1
instanceKlass java/lang/invoke/VolatileCallSite
instanceKlass java/lang/invoke/MutableCallSite
instanceKlass java/lang/invoke/ConstantCallSite
ciInstanceKlass java/lang/invoke/CallSite 1 1 302 10 7 12 1 1 1 10 7 12 1 1 1 9 7 12 1 1 1 10 12 1 1 9 12 1 1 10 7 12 1 1 1 10 12 1 100 1 10 12 1 1 10 12 1 1 9 100 12 1 1 1 10 100 12 1 1 10 12 1 1 100 1 100 1 10 10 100 12 1 1 1 10 12 1 1 8 1 10 12 1 10 12 1 1 10 12 1 10 12 1 1 10 12 1 1 10 10 100 12 1 1 10 12 1 1 9 12 1 9 100 12 1 1 1 8 1 10 7 12 1 1 1 10 12 1 1 100 1 10 12 1 1 9 12 1 8 1 100 1 10 12 1 10 12 1 100 1 8 1 10 10 12 1 10 12 1 1 100 1 10 12 1 1 10 12 1 10 12 1 10 12 1 1 10 12 1 1 9 12 1 1 8 10 12 1 1 9 12 1 1 100 1 10 10 12 1 10 100 12 1 1 1 10 12 1 1 10 12 1 1 10 12 1 10 7 12 1 1 1 100 1 8 1 10 10 12 10 12 1 1 100 1 100 1 100 1 8 1 10 12 1 10 7 12 1 1 1 1 1 1 1 1 1 1 1 1 1 1 1 1 1 1 1 1 1 1 1 1 1 1 1 1 1 1 1 1 1 1 1 1 1 1 1 1 1 1 1 1 1 1 1 1 1 1 1 1 1 1 1 1 1
staticfield java/lang/invoke/CallSite $assertionsDisabled Z 1
ciInstanceKlass java/lang/invoke/VolatileCallSite 0 0 37 10 100 12 1 1 1 10 12 1 10 100 12 1 1 1 10 12 1 10 12 1 1 1 1 1 1 1 1 1 1 1 1 1 1 1 1
ciInstanceKlass java/lang/invoke/MethodType 1 1 771 7 1 10 7 12 1 1 1 9 12 1 1 9 12 1 1 9 12 1 1 10 7 12 1 1 1 9 7 12 1 1 8 1 10 100 12 1 1 1 9 7 1 9 7 1 10 12 1 1 100 1 10 8 1 10 12 1 1 10 12 1 10 12 1 1 100 1 8 1 10 12 1 100 1 10 10 12 1 10 12 1 1 10 12 1 1 11 7 12 1 1 1 9 12 1 11 12 1 1 7 7 1 10 7 12 1 1 1 10 12 1 9 12 1 1 10 7 12 1 1 10 12 1 1 10 7 12 1 1 1 10 7 12 1 1 1 10 12 1 9 12 1 1 10 12 1 1 7 1 10 12 1 1 10 12 1 1 10 12 1 1 10 12 1 1 10 12 1 1 10 12 1 10 12 1 10 12 1 1 10 12 1 8 1 8 1 10 12 1 1 9 12 1 1 100 1 10 10 12 1 1 10 12 1 10 12 1 1 10 12 1 1 10 12 1 10 12 1 1 10 12 1 8 1 10 12 1 1 10 100 12 1 1 1 10 12 1 10 12 1 1 10 12 1 10 12 1 10 12 1 1 10 12 1 10 12 1 9 12 1 10 12 1 10 10 12 1 1 10 12 1 9 12 1 1 10 12 1 1 10 12 1 1 10 12 1 1 10 12 1 1 7 1 10 12 10 12 1 10 12 1 100 1 8 1 8 1 8 1 10 12 1 10 12 1 10 12 1 10 11 12 1 1 11 12 1 10 100 12 1 1 1 9 12 1 10 12 1 10 12 1 1 10 12 1 1 10 12 1 10 12 1 10 100 12 1 1 1 10 12 1 1 10 12 1 10 12 1 10 12 1 10 9 12 1 1 7 1 10 12 1 10 12 1 1 9 100 12 1 1 1 10 100 12 1 1 1 10 100 12 1 1 1 10 12 1 1 10 100 12 1 1 1 10 12 1 1 8 1 10 7 12 1 1 1 11 12 1 1 9 12 1 1 10 12 1 1 10 12 1 10 12 1 1 10 12 1 1 10 100 12 1 1 100 1 10 12 1 1 11 100 12 1 1 1 18 12 1 1 11 12 1 1 18 12 1 11 12 1 100 1 11 100 12 1 1 10 12 1 100 1 10 12 1 10 100 12 1 1 10 12 1 1 9 12 1 1 9 100 12 1 1 1 10 100 12 1 1 1 9 12 1 10 100 12 1 1 10 12 1 100 10 12 1 1 10 12 1 10 7 1 7 1 9 12 1 1 100 1 100 1 100 1 1 1 5 0 1 1 1 1 1 1 1 3 1 3 1 3 1 1 1 1 1 1 1 1 1 1 1 1 1 1 1 1 1 1 1 1 1 1 1 1 1 1 1 1 1 1 1 1 1 1 1 1 1 1 1 1 1 1 1 1 1 1 1 1 1 1 1 1 1 1 1 1 1 1 1 1 1 1 1 1 1 1 1 1 1 1 1 1 1 1 1 1 1 1 1 1 1 1 1 1 1 1 1 1 1 1 1 1 1 1 1 1 1 1 1 1 1 1 1 1 1 1 1 1 1 1 1 1 1 1 1 1 1 1 1 1 1 1 1 1 1 1 1 100 1 100 1 1 1 1 1 1 1 1 1 1 1 1 1 100 1 1 1 100 1 1 1 1 1 1 1 1 1 1 1 1 1 1 1 1 1 1 1 1 1 15 10 100 12 1 1 1 16 15 10 12 16 16 15 10 12 16 1 1 1 1 100 1 1 100 1 1 100 1 100 1 1
staticfield java/lang/invoke/MethodType internTable Ljava/lang/invoke/MethodType$ConcurrentWeakInternSet; java/lang/invoke/MethodType$ConcurrentWeakInternSet
staticfield java/lang/invoke/MethodType NO_PTYPES [Ljava/lang/Class; 0 [Ljava/lang/Class;
staticfield java/lang/invoke/MethodType objectOnlyTypes [Ljava/lang/invoke/MethodType; 20 [Ljava/lang/invoke/MethodType;
staticfield java/lang/invoke/MethodType METHOD_HANDLE_ARRAY [Ljava/lang/Class; 1 [Ljava/lang/Class;
staticfield java/lang/invoke/MethodType serialPersistentFields [Ljava/io/ObjectStreamField; 0 [Ljava/io/ObjectStreamField;
staticfield java/lang/invoke/MethodType $assertionsDisabled Z 1
ciInstanceKlass java/lang/BootstrapMethodError 0 0 45 10 100 12 1 1 1 10 12 1 10 12 1 10 100 12 1 1 1 10 100 12 1 1 1 1 1 1 5 0 1 1 1 1 1 1 1 1 1 1 1 100 1 1 1
ciInstanceKlass jdk/internal/loader/ClassLoaders$AppClassLoader 1 1 119 8 1 10 7 12 1 1 1 10 7 12 1 1 1 10 100 12 1 1 1 10 12 1 1 10 100 12 1 1 1 10 12 1 1 10 12 1 1 7 1 8 1 10 12 10 7 12 1 1 1 10 7 12 1 1 10 12 1 1 10 12 1 1 10 7 12 1 1 1 100 1 10 12 1 1 1 1 1 1 1 1 1 1 1 1 1 1 1 1 1 1 1 1 1 100 1 1 1 1 1 1 1 1 1 1 1 1 1 1 1 1 1 1 1 100 1 1 1
ciInstanceKlass jdk/internal/loader/ClassLoaders$PlatformClassLoader 1 1 42 8 1 10 7 12 1 1 1 10 7 12 1 1 1 100 1 10 12 1 100 1 1 1 1 1 1 1 1 1 1 1 1 1 1 100 1 1 1 100 1 1
ciInstanceKlass java/lang/ArrayStoreException 1 1 26 10 100 12 1 1 1 10 12 1 100 1 1 1 1 5 0 1 1 1 1 1 1 1 1 1
ciInstanceKlass java/lang/ClassCastException 1 1 26 10 100 12 1 1 1 10 12 1 100 1 1 1 1 5 0 1 1 1 1 1 1 1 1 1
ciInstanceKlass java/lang/NoClassDefFoundError 0 0 26 10 100 12 1 1 1 10 12 1 100 1 1 1 1 5 0 1 1 1 1 1 1 1 1 1
ciInstanceKlass java/lang/IllegalMonitorStateException 1 1 26 10 100 12 1 1 1 10 12 1 100 1 1 1 1 5 0 1 1 1 1 1 1 1 1 1
ciInstanceKlass java/lang/StackOverflowError 1 1 26 10 100 12 1 1 1 10 12 1 100 1 1 1 1 5 0 1 1 1 1 1 1 1 1 1
instanceKlass java/lang/StackOverflowError
instanceKlass java/lang/OutOfMemoryError
instanceKlass java/lang/InternalError
ciInstanceKlass java/lang/VirtualMachineError 1 1 34 10 7 12 1 1 1 10 12 1 10 12 1 10 12 1 100 1 1 1 1 5 0 1 1 1 1 1 1 1 1 1 1 1
ciInstanceKlass java/lang/OutOfMemoryError 1 1 26 10 100 12 1 1 1 10 12 1 100 1 1 1 1 5 0 1 1 1 1 1 1 1 1 1
ciInstanceKlass java/lang/InternalError 1 1 34 10 7 12 1 1 1 10 12 1 10 12 1 10 12 1 100 1 1 1 1 5 0 1 1 1 1 1 1 1 1 1 1 1
ciInstanceKlass java/lang/StackTraceElement 1 0 224 10 100 12 1 1 1 10 100 12 1 1 9 12 1 1 9 12 1 1 9 12 1 9 12 1 8 1 10 100 12 1 1 1 100 1 9 12 1 8 1 9 12 1 9 12 1 9 12 1 1 8 1 10 12 1 1 10 12 1 100 1 10 10 12 1 1 8 1 10 12 1 1 10 12 1 8 1 8 1 8 1 10 12 1 8 1 8 1 10 12 1 8 1 8 1 10 12 1 1 10 12 1 10 12 1 1 10 12 1 9 12 1 1 10 100 12 1 1 1 10 12 1 1 100 1 10 12 1 1 10 100 12 1 1 10 100 12 1 1 1 10 100 12 1 1 10 100 12 1 1 10 10 12 1 1 10 12 1 10 12 1 1 100 1 1 1 1 1 3 1 3 1 1 5 0 1 1 1 1 1 1 1 1 1 1 1 1 1 1 1 1 1 1 1 1 1 1 1 1 1 1 100 1 100 1 1 1 1 1 1 1 1 1 1 100 1 1 1 1 1 1 1 1
instanceKlass java/nio/DoubleBuffer
instanceKlass java/nio/FloatBuffer
instanceKlass java/nio/ShortBuffer
instanceKlass java/nio/CharBuffer
instanceKlass java/nio/IntBuffer
instanceKlass java/nio/LongBuffer
instanceKlass java/nio/ByteBuffer
ciInstanceKlass java/nio/Buffer 1 1 224 100 1 10 7 12 1 1 1 9 7 12 1 1 1 9 12 1 9 12 1 1 9 12 1 9 12 1 1 10 12 1 1 10 12 1 1 10 12 100 1 100 1 10 8 1 10 12 1 1 10 12 1 8 1 8 1 10 12 1 1 10 12 1 8 1 9 12 1 1 100 1 8 1 10 12 1 8 1 8 1 9 12 10 12 1 8 1 8 1 8 1 10 12 1 8 1 8 1 8 1 100 1 10 100 1 10 100 1 10 100 1 10 10 100 12 1 1 1 10 11 100 12 1 1 10 7 12 1 1 1 10 7 12 1 1 1 9 12 1 1 10 7 12 1 1 1 9 12 1 1 7 1 10 10 7 12 1 1 1 1 1 3 1 1 1 1 1 1 1 1 1 1 1 1 1 1 1 1 1 1 100 1 1 1 1 1 1 1 1 1 1 1 1 1 1 1 1 1 1 1 1 1 1 1 1 1 1 1 1 1 1 1 1 1 1 1 1 1 1 1 1 1 1
staticfield java/nio/Buffer UNSAFE Ljdk/internal/misc/Unsafe; jdk/internal/misc/Unsafe
staticfield java/nio/Buffer SCOPED_MEMORY_ACCESS Ljdk/internal/misc/ScopedMemoryAccess; jdk/internal/misc/ScopedMemoryAccess
staticfield java/nio/Buffer $assertionsDisabled Z 1
ciInstanceKlass sun/nio/ch/DirectBuffer 1 1 13 100 1 100 1 1 1 1 1 1 1 1 1
instanceKlass java/nio/MappedByteBuffer
instanceKlass java/nio/HeapByteBuffer
ciInstanceKlass java/nio/ByteBuffer 1 1 446 10 7 12 1 1 1 9 7 12 1 1 1 10 7 12 1 1 1 9 12 1 1 9 12 1 9 12 1 1 9 12 1 1 10 12 1 10 12 1 7 1 10 12 1 10 12 1 1 7 1 10 12 1 10 12 1 100 1 100 1 10 12 1 10 12 1 1 10 7 12 1 1 1 10 12 1 1 10 12 1 100 1 10 10 12 1 1 10 12 1 10 12 1 10 12 100 1 5 0 9 12 1 1 9 12 1 9 12 1 1 10 12 1 1 10 12 1 1 10 7 12 1 1 1 10 7 12 1 1 1 10 12 1 10 12 1 1 10 12 1 1 100 1 10 100 1 10 10 12 1 1 9 12 1 10 12 1 100 1 10 10 12 1 10 12 1 10 12 10 12 1 9 12 100 1 10 10 12 1 10 12 10 12 1 1 10 12 1 10 12 1 10 12 1 10 12 1 100 1 10 10 100 12 1 1 1 10 7 12 1 1 1 10 12 1 1 8 1 10 12 1 8 1 8 1 10 12 1 8 1 10 12 1 10 100 12 1 1 1 10 100 12 1 1 1 10 12 1 1 10 100 1 9 12 1 8 1 10 12 1 8 1 8 1 10 10 12 1 10 12 1 1 10 12 1 1 10 12 10 12 1 1 10 12 10 12 10 12 10 12 10 12 10 12 10 12 1 1 10 12 1 9 12 1 1 7 10 7 12 1 1 1 100 1 1 1 1 1 1 1 1 1 1 1 1 100 1 1 1 1 1 1 1 1 1 1 1 1 1 1 1 1 1 1 1 1 1 100 1 1 1 1 1 1 1 1 1 1 1 1 1 1 1 1 1 1 1 1 1 1 1 1 1 1 1 1 1 1 1 1 1 1 1 1 1 1 1 1 1 1 1 1 1 1 1 1 1 1 1 1 1 1 1 1 1 1 1 1 1 1 1 1 1 1 1 1 1 1 1 1 1 1 1 1 1 1 1 1 1 1 1 1 1 1 1 1 1 1 1 1 1 1 100 1 1
staticfield java/nio/ByteBuffer ARRAY_BASE_OFFSET J 16
staticfield java/nio/ByteBuffer $assertionsDisabled Z 1
ciMethod java/nio/Buffer isReadOnly ()Z 0 0 1 0 -1
instanceKlass java/nio/DirectByteBuffer
ciInstanceKlass java/nio/MappedByteBuffer 1 1 161 10 7 12 1 1 1 9 7 12 1 1 1 9 12 1 1 100 1 10 12 1 9 12 1 1 10 12 1 1 9 12 1 1 10 12 1 1 10 7 12 1 1 1 10 12 1 1 10 100 12 1 1 1 10 12 1 1 10 100 12 1 1 1 10 12 1 10 12 1 1 10 12 1 10 12 1 1 10 12 1 10 12 1 10 12 1 10 12 1 10 12 1 1 10 12 10 12 10 12 10 12 10 12 10 12 1 10 12 10 12 1 10 12 1 10 12 10 12 1 1 1 1 1 1 1 1 1 1 1 1 1 1 1 1 1 1 100 1 1 1 1 100 1 1 1 1 1 1 1 1 1 1 1 1 1 1 1 100 1 1
staticfield java/nio/MappedByteBuffer SCOPED_MEMORY_ACCESS Ljdk/internal/misc/ScopedMemoryAccess; jdk/internal/misc/ScopedMemoryAccess
instanceKlass java/nio/DirectByteBufferR
ciInstanceKlass java/nio/DirectByteBuffer 1 1 552 9 7 12 1 1 1 9 12 1 1 10 7 12 1 1 1 10 7 12 1 1 1 10 7 12 1 1 1 10 7 12 1 1 1 10 12 1 1 9 12 1 1 10 7 12 1 1 1 100 1 10 12 1 10 12 1 1 9 12 1 1 7 1 10 12 1 10 7 12 1 1 1 100 1 10 12 1 1 10 12 1 7 1 9 11 7 12 1 1 1 10 12 1 10 12 1 9 12 1 1 100 1 10 12 1 10 12 1 1 10 12 1 9 12 1 1 10 12 1 10 100 12 1 1 1 10 12 1 10 12 1 7 1 10 10 12 1 1 11 100 12 1 1 1 100 1 8 1 10 12 1 11 12 1 100 1 100 1 8 1 10 9 12 1 1 10 12 1 10 12 1 1 10 7 12 1 1 1 10 7 12 1 1 1 10 12 1 1 10 12 1 10 12 1 1 10 12 1 1 10 12 1 10 12 10 12 1 9 12 1 10 12 1 1 10 12 10 12 1 1 10 12 1 10 12 1 1 10 12 10 12 1 1 9 12 1 5 0 100 1 10 12 1 100 1 10 9 12 1 7 1 10 12 1 100 1 10 10 12 1 1 10 12 1 1 10 12 1 1 10 12 1 1 100 1 10 100 1 10 7 1 10 100 1 10 10 12 1 1 10 12 1 1 10 12 1 1 10 12 1 1 5 0 100 1 10 100 1 10 7 1 10 100 1 10 10 12 1 1 10 12 1 10 12 1 1 10 12 1 1 5 0 100 1 10 100 1 10 7 1 10 100 1 10 10 100 12 1 1 1 10 12 1 1 10 12 1 1 10 12 1 1 100 1 10 100 1 10 7 1 10 100 1 10 10 100 12 1 1 1 10 12 1 10 12 1 1 10 12 1 1 100 1 10 100 1 10 7 1 10 100 1 10 10 12 1 1 10 12 1 10 12 1 1 10 12 10 7 12 1 1 7 1 10 12 1 1 9 12 1 10 12 1 1 1 1 1 1 1 1 1 1 1 1 1 1 1 1 1 1 1 1 1 1 1 1 1 1 1 1 1 1 1 1 1 1 1 100 1 100 1 100 1 1 1 1 1 1 1 1 1 1 1 1 1 1 1 1 1 1 1 1 1 1 1 1 1 1 1 1 1 100 1 1 1 1 1 1 1 1 100 1 1 1 1 1 100 1 1 1 1 1 100 1 1 1 1 1 1 1 100 1 1 1 1 1 1 1 1 100 1 1 1 1 1 1 1 1 1 1 1
staticfield java/nio/DirectByteBuffer ARRAY_BASE_OFFSET J 16
staticfield java/nio/DirectByteBuffer UNALIGNED Z 1
staticfield java/nio/DirectByteBuffer $assertionsDisabled Z 1
ciMethod java/nio/ByteBuffer put ([BII)Ljava/nio/ByteBuffer; 768 0 1833 0 0
ciMethod java/nio/MappedByteBuffer position (I)Ljava/nio/ByteBuffer; 514 0 5379 0 160
ciMethod java/nio/MappedByteBuffer limit (I)Ljava/nio/ByteBuffer; 514 0 5380 0 224
ciMethod java/nio/MappedByteBuffer rewind ()Ljava/nio/ByteBuffer; 776 0 5378 0 0
ciMethod java/nio/DirectByteBuffer address ()J 768 0 5508 0 96
ciMethod java/nio/Buffer position (I)Ljava/nio/Buffer; 532 0 5387 0 160
ciMethod java/nio/Buffer limit (I)Ljava/nio/Buffer; 520 0 5425 0 192
ciMethod java/nio/Buffer rewind ()Ljava/nio/Buffer; 778 0 5378 0 0
ciMethod java/nio/Buffer checkIndex (I)I 774 0 2077 0 0
ciMethod java/nio/Buffer position ()I 262 0 131 0 0
ciMethod java/nio/Buffer limit ()I 334 0 167 0 0
ciMethod java/nio/Buffer capacity ()I 264 0 132 0 0
ciMethod java/nio/Buffer createPositionException (I)Ljava/lang/IllegalArgumentException; 0 0 1 0 -1
ciMethod java/nio/Buffer createLimitException (I)Ljava/lang/IllegalArgumentException; 0 0 1 0 -1
ciMethod java/nio/Buffer scope ()Ljdk/internal/misc/ScopedMemoryAccess$Scope; 652 0 32787 0 -1
instanceKlass java/lang/InheritableThreadLocal
instanceKlass org/jetbrains/exposed/sql/transactions/TransactionManager$Companion$TransactionManagerThreadLocal
instanceKlass java/lang/ThreadLocal$SuppliedThreadLocal
instanceKlass jdk/internal/math/FloatingDecimal$1
instanceKlass java/util/concurrent/locks/ReentrantReadWriteLock$Sync$ThreadLocalHoldCounter
instanceKlass jdk/internal/misc/TerminatingThreadLocal$1
instanceKlass jdk/internal/misc/TerminatingThreadLocal
ciInstanceKlass java/lang/ThreadLocal 1 1 141 9 7 12 1 1 1 3 10 7 12 1 1 1 7 1 10 12 1 1 10 7 12 1 1 10 12 1 9 12 1 1 10 7 12 1 1 1 10 12 1 1 10 7 12 1 1 1 9 7 12 1 1 1 10 12 1 1 10 12 1 10 12 1 1 10 12 1 1 7 1 10 12 1 1 10 12 1 1 9 12 1 1 10 12 10 12 1 100 1 10 10 1 1 1 1 1 1 1 1 1 1 1 1 1 1 1 1 1 1 1 1 1 1 1 1 1 1 1 1 1 1 1 1 1 1 1 1 1 1 1 1 1 1 1 1 1 1 1 1 1
ciInstanceKlass jdk/internal/misc/TerminatingThreadLocal$1 1 1 40 10 7 12 1 1 1 7 1 10 12 1 10 7 12 1 1 1 10 7 12 1 1 1 1 1 1 1 1 1 1 1 1 1 1 1 100 1 1 1
ciMethod java/lang/ThreadLocal get ()Ljava/lang/Object; 512 0 5397 0 320
ciMethod java/lang/ThreadLocal getMap (Ljava/lang/Thread;)Ljava/lang/ThreadLocal$ThreadLocalMap; 516 0 5484 0 96
ciMethod java/lang/ThreadLocal initialValue ()Ljava/lang/Object; 30 0 15 0 -1
ciMethod java/lang/ThreadLocal createMap (Ljava/lang/Thread;Ljava/lang/Object;)V 12 0 6 0 -1
ciInstanceKlass jdk/internal/misc/UnsafeConstants 1 1 34 10 100 12 1 1 1 9 7 12 1 1 1 9 12 1 9 12 1 1 9 12 1 9 12 1 1 1 1 1 1 1 1 1
staticfield jdk/internal/misc/UnsafeConstants ADDRESS_SIZE0 I 8
staticfield jdk/internal/misc/UnsafeConstants PAGE_SIZE I 4096
staticfield jdk/internal/misc/UnsafeConstants BIG_ENDIAN Z 0
staticfield jdk/internal/misc/UnsafeConstants UNALIGNED_ACCESS Z 1
staticfield jdk/internal/misc/UnsafeConstants DATA_CACHE_LINE_FLUSH_SIZE I 0
ciInstanceKlass jdk/internal/misc/ScopedMemoryAccess 1 1 1384 9 100 12 1 1 1 10 7 12 1 1 1 10 7 12 1 1 1 9 12 1 1 10 12 1 1 100 1 8 1 10 12 1 11 100 12 1 1 9 12 1 1 10 7 12 1 1 1 10 7 12 1 1 1 10 12 1 1 10 12 1 1 10 12 1 1 10 12 1 1 10 12 1 1 10 100 12 1 1 1 10 12 1 1 10 100 12 1 1 1 11 100 12 1 1 1 10 12 1 1 11 12 1 1 10 12 1 11 12 1 10 12 1 1 11 12 1 1 10 100 12 1 1 1 10 12 1 1 10 12 1 1 10 12 1 1 10 100 12 1 1 100 1 10 12 1 1 10 12 1 1 10 12 1 1 10 12 1 1 10 12 1 1 10 12 1 1 10 12 1 10 12 1 10 12 1 10 12 1 10 12 1 10 12 1 10 12 1 10 12 1 10 12 1 10 12 1 10 12 1 10 12 1 10 12 1 1 10 12 1 1 10 12 1 10 12 1 10 12 1 10 12 1 10 12 1 10 12 1 10 12 1 10 12 1 10 12 1 10 12 1 10 12 1 10 12 1 10 12 1 10 12 1 10 12 1 10 12 1 10 12 1 10 12 1 10 12 1 10 12 1 10 12 1 10 12 1 10 12 1 1 10 12 1 1 10 12 1 1 10 12 1 1 10 12 1 1 10 12 1 1 10 12 1 1 10 12 1 1 10 12 1 10 12 1 10 12 1 10 12 1 10 12 1 10 12 1 10 12 1 10 12 1 10 12 1 10 12 1 10 12 1 10 12 1 10 12 1 1 10 12 1 1 10 12 1 10 12 1 10 12 1 10 12 1 10 12 1 10 12 1 10 12 1 10 12 1 10 12 1 10 12 1 10 12 1 10 12 1 10 12 1 10 12 1 10 12 1 10 12 1 10 12 1 10 12 1 10 12 1 10 12 1 10 12 1 10 12 1 10 12 1 1 10 12 1 1 10 12 1 1 10 12 1 1 10 12 1 1 10 12 1 1 10 12 1 1 10 12 1 1 10 12 1 10 12 1 10 12 1 10 12 1 10 12 1 10 12 1 10 12 1 10 12 1 10 12 1 10 12 1 10 12 1 10 12 1 10 12 1 1 10 12 1 1 10 12 1 10 12 1 10 12 1 10 12 1 10 12 1 10 12 1 10 12 1 10 12 1 10 12 1 10 12 1 10 12 1 10 12 1 10 12 1 10 12 1 10 12 1 10 12 1 10 12 1 10 12 1 10 12 1 10 12 1 10 12 1 10 12 1 10 12 1 1 10 12 1 1 10 12 1 1 10 12 1 1 10 12 1 1 10 12 1 1 10 12 1 1 10 12 1 1 10 12 1 10 12 1 10 12 1 10 12 1 10 12 1 10 12 1 10 12 1 10 12 1 10 12 1 10 12 1 10 12 1 10 12 1 10 12 1 1 10 12 1 1 10 12 1 1 10 12 1 1 10 12 1 10 12 1 10 12 1 10 12 1 10 12 1 10 12 1 10 12 1 10 12 1 10 12 1 10 12 1 10 12 1 10 12 1 10 12 1 1 10 12 1 1 10 12 1 10 12 1 10 12 1 10 12 1 10 12 1 10 12 1 10 12 1 10 12 1 10 12 1 10 12 1 10 12 1 10 12 1 10 12 1 10 12 1 10 12 1 10 12 1 10 12 1 10 12 1 10 12 1 10 12 1 10 12 1 10 12 1 10 12 1 10 12 1 10 12 1 10 12 1 10 12 1 10 12 1 10 12 1 1 10 12 1 1 10 12 1 1 10 12 1 1 10 12 1 1 10 12 1 1 10 12 1 1 10 12 1 1 10 12 1 10 12 1 10 12 1 10 12 1 10 12 1 10 12 1 10 12 1 10 12 1 10 12 1 10 12 1 10 12 1 10 12 1 10 12 1 1 10 12 1 1 10 12 1 1 10 12 1 1 10 12 1 10 12 1 10 12 1 10 12 1 10 12 1 10 12 1 10 12 1 10 12 1 10 12 1 10 12 1 10 12 1 10 12 1 10 12 1 1 10 12 1 1 10 12 1 10 12 1 10 12 1 10 12 1 10 12 1 10 12 1 10 12 1 10 12 1 10 12 1 10 12 1 10 12 1 10 12 1 10 12 1 10 12 1 10 12 1 10 12 1 10 12 1 10 12 1 10 12 1 10 12 1 10 12 1 10 12 1 10 12 1 10 12 1 10 12 1 10 12 1 10 12 1 10 12 1 10 12 1 1 10 12 1 1 10 12 1 1 10 12 1 1 10 12 1 10 12 1 10 12 1 10 12 1 10 12 1 10 12 1 10 12 1 10 12 1 10 12 1 10 12 1 10 12 1 10 12 1 10 12 1 1 10 12 1 1 10 12 1 1 10 12 1 1 10 12 1 10 12 1 10 12 1 10 12 1 10 12 1 10 12 1 10 12 1 10 12 1 10 12 1 10 12 1 10 12 1 10 12 1 10 12 1 1 10 12 1 1 10 12 1 10 12 1 10 12 1 10 12 1 10 12 1 10 12 1 10 12 1 10 12 1 10 12 1 10 12 1 10 12 1 1 10 12 1 1 10 12 1 1 10 12 1 1 10 12 1 10 12 1 10 12 1 10 12 1 10 12 1 10 12 1 10 12 1 10 12 1 10 12 1 10 12 1 10 12 1 10 12 1 10 12 1 1 10 12 1 1 10 12 1 1 10 12 1 1 10 12 1 10 12 1 10 12 1 10 12 1 10 12 1 10 12 1 10 12 1 10 12 1 10 12 1 10 12 1 10 12 1 10 12 1 10 12 1 1 10 12 1 1 10 12 1 10 12 1 10 12 1 10 12 1 10 12 1 10 12 1 10 12 1 10 12 1 10 12 1 10 12 1 10 12 1 1 10 12 1 10 1 1 1 1 1 1 1 1 1 1 1 1 1 1 1 1 1 1 1 1 1 1 100 1 1 1 1 1 1 1 1 1 1 1 1 1 1 1 1 1 1 1 1 1 1 1 1 1 1 1 1 1 1 1 1 1 1 1 1 1 1 1 1 1 1 1 1 1 1 1 1 1 1 1 1 1 1 1 1 1 1 1 1 1 1 1 100 1 100 1 1 1 1 1 100 1 1 100 1 1 1 100 1 1 1 1
staticfield jdk/internal/misc/ScopedMemoryAccess UNSAFE Ljdk/internal/misc/Unsafe; jdk/internal/misc/Unsafe
staticfield jdk/internal/misc/ScopedMemoryAccess theScopedMemoryAccess Ljdk/internal/misc/ScopedMemoryAccess; jdk/internal/misc/ScopedMemoryAccess
ciMethod jdk/internal/misc/ScopedMemoryAccess putByte (Ljdk/internal/misc/ScopedMemoryAccess$Scope;Ljava/lang/Object;JB)V 512 0 784 0 -1
ciMethod jdk/internal/misc/ScopedMemoryAccess copyMemory (Ljdk/internal/misc/ScopedMemoryAccess$Scope;Ljdk/internal/misc/ScopedMemoryAccess$Scope;Ljava/lang/Object;JLjava/lang/Object;JJ)V 522 0 8936 0 -1
ciMethod jdk/internal/misc/ScopedMemoryAccess copyMemoryInternal (Ljdk/internal/misc/ScopedMemoryAccess$Scope;Ljdk/internal/misc/ScopedMemoryAccess$Scope;Ljava/lang/Object;JLjava/lang/Object;JJ)V 526 0 8936 0 -1
ciMethod jdk/internal/misc/ScopedMemoryAccess putByteInternal (Ljdk/internal/misc/ScopedMemoryAccess$Scope;Ljava/lang/Object;JB)V 512 0 784 0 -1
instanceKlass java/lang/invoke/DelegatingMethodHandle
instanceKlass java/lang/invoke/BoundMethodHandle
instanceKlass java/lang/invoke/DirectMethodHandle
ciInstanceKlass java/lang/invoke/MethodHandle 1 1 644 100 1 9 7 12 1 1 1 10 7 12 1 1 1 10 7 12 1 1 1 7 1 7 1 10 12 1 1 9 12 1 1 10 12 1 10 12 1 1 10 12 1 1 10 100 12 1 1 1 10 12 1 1 10 12 1 1 11 100 12 1 1 1 10 12 1 1 10 12 1 10 12 1 9 12 1 1 10 12 1 1 100 1 100 1 10 8 1 10 12 1 1 10 12 1 8 1 10 12 1 1 10 12 1 10 7 12 1 1 1 10 12 1 10 12 1 1 10 12 1 1 10 12 1 1 10 12 1 1 10 7 12 1 1 1 10 7 12 1 1 1 7 1 10 12 1 1 10 12 1 1 10 12 1 1 8 1 10 7 12 1 1 1 8 1 10 12 1 1 10 12 1 1 10 12 1 1 10 12 1 8 1 10 12 1 1 8 1 10 12 1 8 1 10 100 12 1 1 1 9 12 1 1 100 1 10 9 100 12 1 1 1 9 100 1 8 1 10 12 1 1 10 12 1 10 12 1 1 10 12 1 10 12 1 1 10 12 1 10 12 1 1 10 12 1 10 12 1 1 10 12 1 1 8 1 10 12 1 1 8 1 10 12 1 10 12 1 1 10 12 1 10 12 1 10 12 1 1 9 100 12 1 1 1 10 12 1 1 11 12 1 10 12 1 10 12 1 1 10 100 12 1 1 1 100 1 11 12 1 10 100 1 11 12 1 100 1 10 12 1 11 12 1 9 100 12 1 1 1 11 12 1 1 11 100 12 1 1 1 10 12 1 1 9 12 1 11 12 1 9 12 1 9 12 1 9 12 1 11 12 1 1 9 12 1 9 12 1 9 12 1 9 12 1 9 12 1 9 12 1 9 12 1 8 1 10 12 1 10 12 1 8 1 10 12 1 10 12 1 10 10 7 12 1 1 10 12 1 1 100 1 8 1 10 12 1 1 10 12 1 1 10 12 1 10 12 1 100 1 10 100 12 1 1 1 10 12 1 9 7 12 1 1 1 10 12 1 1 10 12 1 1 8 1 9 12 1 9 12 1 1 9 12 1 1 10 12 1 7 1 10 12 1 10 12 1 1 9 12 1 1 9 12 1 1 10 7 12 1 1 1 11 7 12 1 1 9 12 1 10 12 1 1 10 12 1 9 12 1 10 12 1 8 10 12 1 1 8 1 1 1 1 1 1 100 1 1 1 1 1 1 1 1 1 1 1 1 1 1 1 1 1 1 1 1 1 1 1 1 1 1 1 1 1 1 1 1 1 1 1 1 1 1 1 1 1 1 1 1 1 1 1 1 1 1 1 1 1 1 1 1 1 1 1 1 1 1 1 1 1 1 1 1 1 100 1 1 1 1 1 1 1 1 1 100 1 1 1 1 1 1 1 1 1 1 1 1 1 1 1 1 1 1 1 1 1 1 1 1 1 1 1 100 1 1 100 1 1 100 1 1 1 1
staticfield java/lang/invoke/MethodHandle FORM_OFFSET J 20
staticfield java/lang/invoke/MethodHandle UPDATE_OFFSET J 13
staticfield java/lang/invoke/MethodHandle $assertionsDisabled Z 1
instanceKlass java/lang/invoke/DirectMethodHandle$Special
instanceKlass java/lang/invoke/DirectMethodHandle$Interface
instanceKlass java/lang/invoke/DirectMethodHandle$Constructor
instanceKlass java/lang/invoke/DirectMethodHandle$Accessor
ciInstanceKlass java/lang/invoke/DirectMethodHandle 1 1 940 7 1 7 1 100 1 7 1 7 1 10 7 12 1 1 1 10 7 12 1 1 1 100 1 10 12 1 10 12 1 1 10 7 12 1 1 10 12 1 1 10 12 1 10 12 1 7 1 10 12 1 1 10 12 1 1 10 12 1 10 12 1 1 10 7 12 1 1 1 10 12 1 9 12 1 1 100 1 10 9 12 1 1 9 12 1 10 12 1 10 12 1 10 12 1 1 10 12 1 10 12 1 10 12 1 10 7 12 1 1 1 10 12 1 10 12 1 1 8 1 10 12 1 1 7 1 10 12 1 7 1 10 10 12 1 10 12 1 10 12 1 10 7 12 1 1 1 10 12 1 1 100 1 10 12 1 10 12 1 7 1 10 12 1 10 12 1 1 10 12 1 1 10 12 1 8 10 100 12 1 1 1 10 12 1 10 12 1 10 12 1 1 10 12 1 9 7 12 1 1 1 7 1 10 12 1 10 7 12 1 1 1 10 12 1 10 12 1 1 9 12 1 1 100 1 10 8 1 10 12 1 1 10 12 1 10 12 1 10 10 12 1 10 12 1 10 12 1 10 12 1 10 12 1 1 10 12 1 10 12 1 1 10 12 1 10 12 1 1 10 10 7 12 1 1 1 10 12 1 10 12 1 1 10 12 1 10 12 1 1 8 1 9 7 12 1 1 1 8 1 9 12 1 9 12 1 8 1 9 12 1 9 12 1 8 1 9 12 1 9 12 1 8 1 10 12 1 10 12 1 1 9 12 1 1 7 1 10 12 1 1 100 1 10 7 12 1 1 1 10 12 1 1 10 12 1 10 12 1 1 7 1 10 12 1 1 10 12 1 10 12 1 1 7 1 10 12 1 1 10 7 12 1 1 1 10 12 1 10 12 1 10 12 1 9 12 1 1 10 7 1 9 12 9 12 1 10 7 12 1 1 1 10 12 1 7 1 7 1 7 1 9 12 1 1 10 7 12 1 10 12 1 1 10 12 1 100 1 10 12 1 10 12 1 1 9 100 12 1 1 1 10 12 1 1 100 1 10 100 12 1 1 1 10 12 1 10 12 1 8 1 9 12 1 9 12 1 10 12 1 9 12 1 1 10 100 12 1 1 1 9 12 1 1 9 12 1 1 10 12 1 10 12 1 10 12 1 10 12 1 10 12 1 1 10 12 1 10 7 12 1 1 9 12 1 10 12 1 10 12 1 10 12 1 10 12 1 1 10 12 1 1 9 12 1 1 10 12 1 1 9 7 12 1 1 1 9 12 1 9 12 1 9 12 1 9 12 1 9 12 1 9 12 1 9 12 1 9 12 1 9 12 1 9 12 1 9 12 1 9 12 1 9 12 1 9 12 1 9 12 1 9 12 1 9 12 1 9 12 1 9 12 1 9 12 1 9 12 1 9 12 1 9 12 1 9 12 1 9 12 1 9 12 1 9 12 1 9 12 1 9 12 1 9 12 1 9 12 1 9 12 1 9 12 1 9 12 1 9 12 1 9 12 1 8 1 9 12 1 1 9 12 1 1 10 12 1 10 12 1 1 9 7 1 10 12 1 9 12 1 1 10 12 10 12 1 10 12 1 10 12 1 10 8 1 8 1 8 1 8 1 10 12 1 1 9 12 1 1 10 12 1 10 100 12 1 1 1 8 9 12 1 1 10 12 1 1 8 1 8 8 9 12 1 8 1 8 8 8 8 8 1 8 10 12 1 10 12 1 8 1 8 1 10 12 1 10 12 1 10 12 1 10 12 1 1 7 1 1 1 1 3 1 3 1 3 1 3 1 3 1 3 1 3 1 3 1 3 1 3 1 1 1 1 1 1 1 1 1 1 3 1 3 1 1 1 1 3 1 1 1 1 1 1 1 1 1 1 1 1 1 1 1 1 1 1 1 1 1 1 1 1 1 1 1 1 1 1 1 1 1 1 1 1 1 1 1 1 1 1 1 1 1 1 1 1 1 1 1 1 1 1 1 1 100 1 1 1 1 1 1 1 1 1 1 1 1 100 1 1 1 1 1 1 1 1 1 1 1 1 1 1 1 1 1 1 1 1 1 1 1 1 1 1 1 1 1 1 1 1 1 1 1 1 1 1 1 1 1 1 1 1 1 1 1 1 1 1 1
staticfield java/lang/invoke/DirectMethodHandle IMPL_NAMES Ljava/lang/invoke/MemberName$Factory; java/lang/invoke/MemberName$Factory
staticfield java/lang/invoke/DirectMethodHandle FT_UNCHECKED_REF I 8
staticfield java/lang/invoke/DirectMethodHandle ACCESSOR_FORMS [Ljava/lang/invoke/LambdaForm; 132 [Ljava/lang/invoke/LambdaForm;
staticfield java/lang/invoke/DirectMethodHandle ALL_WRAPPERS [Lsun/invoke/util/Wrapper; 10 [Lsun/invoke/util/Wrapper;
staticfield java/lang/invoke/DirectMethodHandle NFS [Ljava/lang/invoke/LambdaForm$NamedFunction; 12 [Ljava/lang/invoke/LambdaForm$NamedFunction;
staticfield java/lang/invoke/DirectMethodHandle OBJ_OBJ_TYPE Ljava/lang/invoke/MethodType; java/lang/invoke/MethodType
staticfield java/lang/invoke/DirectMethodHandle LONG_OBJ_TYPE Ljava/lang/invoke/MethodType; java/lang/invoke/MethodType
staticfield java/lang/invoke/DirectMethodHandle $assertionsDisabled Z 1
ciInstanceKlass java/lang/ThreadLocal$ThreadLocalMap 1 1 142 9 7 12 1 1 1 10 7 12 1 1 1 9 12 1 7 1 9 12 1 1 9 7 12 1 1 10 12 1 10 12 1 1 10 12 1 1 9 12 1 1 10 12 1 1 10 12 1 1 10 12 1 1 10 12 1 1 10 12 1 1 10 12 1 1 10 12 1 1 10 12 1 10 12 1 10 12 1 10 12 1 10 12 1 1 1 3 1 1 1 1 1 1 1 1 1 1 1 1 1 1 1 1 1 1 1 1 1 1 1 1 100 1 1 1 1 1 1 1 1 1 1 1 1 1 1 1 1 1 1 1 1 1 1 1 1 1 1 1 1 1
ciInstanceKlass java/lang/invoke/LambdaForm 1 1 1052 100 1 9 7 12 1 1 1 10 7 12 1 1 1 10 7 12 1 1 9 12 1 1 9 12 1 1 10 12 1 1 100 1 10 9 12 1 10 12 1 1 9 12 1 10 7 12 1 1 1 9 12 1 9 12 1 9 12 1 1 9 12 1 10 12 1 1 7 1 10 12 1 10 100 12 1 1 1 10 100 12 1 1 1 10 12 1 10 12 1 1 9 100 12 1 1 1 10 12 1 1 9 12 1 10 12 1 1 10 12 1 10 12 1 1 10 12 1 1 10 100 12 1 1 1 7 1 10 10 12 1 1 8 1 10 12 1 10 12 1 10 12 1 1 7 1 10 7 12 1 1 1 10 12 1 1 10 12 1 10 12 1 1 9 12 1 1 9 12 1 9 12 1 1 10 12 1 9 12 1 10 100 12 1 1 1 10 12 1 1 10 12 1 9 12 1 1 10 100 12 1 1 1 10 12 1 10 12 1 10 12 1 10 12 1 10 12 1 10 12 1 1 10 12 1 10 12 1 1 8 1 10 12 1 10 12 1 8 1 8 1 9 12 1 9 12 1 9 12 1 1 10 12 1 1 10 12 1 9 12 1 10 12 1 1 10 7 12 1 1 1 10 12 1 1 10 12 1 10 12 1 10 12 1 1 9 12 1 10 12 1 8 1 8 1 8 1 8 1 8 1 8 1 8 1 8 1 10 12 1 9 12 1 7 1 10 12 1 1 9 12 1 10 12 1 10 12 1 1 10 12 10 12 1 10 12 1 1 10 12 1 1 10 10 12 1 1 10 12 1 1 7 1 8 1 10 12 1 1 10 12 1 10 12 1 1 10 8 1 10 12 1 1 8 1 8 1 8 1 10 12 1 9 12 1 1 10 12 1 1 10 12 1 1 100 1 10 12 1 1 10 12 1 10 7 12 1 1 1 10 12 1 1 9 12 1 1 8 1 10 100 12 1 1 1 10 7 12 1 1 10 12 10 10 12 1 1 9 12 1 8 10 12 1 1 100 1 10 12 1 1 10 12 1 9 7 12 1 1 9 12 1 1 8 1 10 100 12 1 1 10 12 1 1 100 1 100 1 10 10 12 1 1 10 12 1 1 8 1 8 1 100 1 8 1 10 12 10 12 1 10 12 1 10 12 1 1 8 1 8 1 9 100 12 1 1 1 10 12 1 10 12 1 1 8 1 8 1 8 1 100 1 8 1 100 1 8 1 100 1 8 1 10 12 1 8 1 9 10 7 12 1 1 1 10 12 1 9 12 1 1 10 12 1 10 10 12 1 10 12 1 10 12 1 10 12 1 1 10 12 1 10 12 1 1 10 12 1 1 10 12 1 1 8 1 100 10 12 1 10 12 1 9 12 1 1 10 7 12 1 1 8 1 8 1 100 1 8 1 8 1 8 1 8 1 8 1 8 1 8 1 8 1 10 12 1 1 10 12 1 1 10 12 1 10 12 1 8 1 8 1 8 1 10 12 1 8 1 10 12 1 8 1 8 1 8 1 8 1 8 1 10 12 1 10 12 1 10 12 1 1 10 7 12 1 1 1 10 12 1 10 12 1 10 12 1 10 12 1 10 12 1 10 12 1 10 12 1 9 12 1 1 8 1 10 12 1 1 9 12 1 1 10 12 1 1 9 12 1 9 12 1 1 9 12 1 9 12 1 1 7 1 10 7 12 1 1 1 9 12 1 10 12 1 10 12 1 8 1 10 12 1 9 12 1 1 7 1 10 7 12 1 1 1 8 1 100 1 10 12 1 9 12 1 9 12 1 10 12 1 10 12 1 10 7 12 1 1 1 10 12 1 9 7 12 1 1 10 12 1 1 10 12 1 10 12 1 9 12 10 12 1 10 10 12 1 9 9 12 1 7 9 12 1 1 10 12 1 1 9 12 1 10 12 1 10 7 1 9 1 1 1 1 3 1 3 1 3 1 1 1 1 1 1 1 1 1 1 1 1 1 1 1 1 1 1 1 1 1 1 1 1 1 1 1 1 1 1 1 1 1 1 1 1 1 1 1 1 1 1 1 1 1 1 1 1 1 1 1 1 1 1 1 1 100 1 1 1 1 1 1 1 1 1 1 1 1 1 1 1 1 1 1 1 1 1 1 1 1 1 1 1 1 1 1 1 1 1 1 1 1 1 1 1 1 1 1 1 1 1 1 1 1 1 1 1 1 1 1 1 1 1 1 1 100 1 1 1 1 1 1 1 1 1 1 1 1 1 1 1 1 1 1 1 1 1 1 1 1 1 1 1 1 1 1 1 1 1 1 100 1 1 1 1 1 1 1 1 1 1 1 1 1 1 1 1 1 1 1 1 1 1 100 1 1 1 100 1 1 100 1 1 1 1 1 1 1 1 1 1 1
staticfield java/lang/invoke/LambdaForm COMPILE_THRESHOLD I 0
staticfield java/lang/invoke/LambdaForm INTERNED_ARGUMENTS [[Ljava/lang/invoke/LambdaForm$Name; 5 [[Ljava/lang/invoke/LambdaForm$Name;
staticfield java/lang/invoke/LambdaForm IMPL_NAMES Ljava/lang/invoke/MemberName$Factory; java/lang/invoke/MemberName$Factory
staticfield java/lang/invoke/LambdaForm LF_identity [Ljava/lang/invoke/LambdaForm; 6 [Ljava/lang/invoke/LambdaForm;
staticfield java/lang/invoke/LambdaForm LF_zero [Ljava/lang/invoke/LambdaForm; 6 [Ljava/lang/invoke/LambdaForm;
staticfield java/lang/invoke/LambdaForm NF_identity [Ljava/lang/invoke/LambdaForm$NamedFunction; 6 [Ljava/lang/invoke/LambdaForm$NamedFunction;
staticfield java/lang/invoke/LambdaForm NF_zero [Ljava/lang/invoke/LambdaForm$NamedFunction; 6 [Ljava/lang/invoke/LambdaForm$NamedFunction;
staticfield java/lang/invoke/LambdaForm createFormsLock Ljava/lang/Object; java/lang/Object
staticfield java/lang/invoke/LambdaForm DEBUG_NAME_COUNTERS Ljava/util/HashMap; null
staticfield java/lang/invoke/LambdaForm DEBUG_NAMES Ljava/util/HashMap; null
staticfield java/lang/invoke/LambdaForm TRACE_INTERPRETER Z 0
staticfield java/lang/invoke/LambdaForm $assertionsDisabled Z 1
ciInstanceKlass java/lang/invoke/MethodHandleNatives 1 1 684 100 1 10 7 12 1 1 1 9 7 12 1 1 1 10 12 1 1 100 1 10 10 12 1 1 10 12 1 10 12 1 8 1 8 1 8 1 8 1 8 1 8 1 8 1 8 1 8 1 8 1 10 12 1 1 7 1 10 7 12 1 1 1 10 100 12 1 1 1 7 1 10 10 12 1 1 8 1 10 12 1 8 1 10 12 1 1 8 1 10 12 1 1 9 100 12 1 1 1 8 1 10 100 12 1 1 1 100 1 10 12 100 1 100 1 8 1 7 1 10 10 12 1 7 1 9 7 12 1 1 10 12 1 1 10 12 1 10 7 12 1 1 1 7 1 10 12 1 1 10 7 12 1 1 1 10 12 1 10 12 1 1 10 12 1 1 9 12 1 8 1 10 12 1 8 1 10 12 1 8 1 8 1 8 1 100 1 10 12 1 8 1 10 12 1 1 10 12 1 10 100 12 1 1 1 100 1 8 1 10 100 12 1 1 1 7 1 8 1 10 12 1 8 1 8 1 8 1 8 1 8 1 10 12 1 1 10 12 1 1 10 12 1 10 12 1 1 10 12 1 1 7 1 10 12 1 100 1 100 1 10 12 1 10 12 1 8 1 8 1 10 10 12 1 1 10 12 1 1 8 1 10 100 12 1 1 1 8 1 8 1 10 12 1 1 10 7 12 1 1 1 100 1 10 12 1 1 7 1 9 12 1 1 10 7 12 1 1 1 10 10 12 1 9 12 1 10 12 1 1 9 12 1 9 12 1 10 12 1 1 10 12 1 10 12 1 1 7 1 7 1 10 12 1 1 10 12 1 10 12 1 1 10 7 12 1 1 1 10 12 1 8 1 10 12 1 10 12 1 10 12 1 1 10 12 1 10 7 12 1 1 1 10 12 1 1 100 1 8 1 10 9 7 12 1 1 1 10 12 1 1 10 12 1 1 100 1 10 12 1 1 10 12 1 1 100 1 100 1 10 10 100 1 100 1 10 100 1 10 10 12 1 1 10 100 1 10 12 1 10 12 1 10 12 1 1 10 12 1 1 10 12 1 1 10 12 1 10 12 1 1 10 8 1 100 1 10 12 1 10 12 1 10 12 1 10 12 1 10 12 1 1 10 12 1 9 12 1 1 10 7 12 1 1 1 9 12 1 1 11 7 12 1 1 1 10 12 1 10 12 1 10 10 12 1 10 7 12 1 1 1 1 1 1 1 1 1 1 1 1 1 1 1 100 1 1 1 1 1 1 1 1 1 1 1 1 1 1 1 1 1 1 1 1 1 1 1 1 1 1 1 1 1 1 1 1 1 1 1 1 1 1 1 1 1 1 1 1 1 1 1 1 1 1 1 1 1 1 1 1 1 1 1 1 1 1 1 1 1 1 1 1 1 1 1 1 1 1 1 1 1 1 1 1 1 1 1 1 1 1 1 1 1 1 1 1 1 1 1 1 1 1 100 1 1 1 1 1 1 1 1 1 1 1 1 1 1 1 1 1 1 1 1 1 1 1 1 1 1 1 1 100 1 1 1 1 1 1 1 100 1 1 1
staticfield java/lang/invoke/MethodHandleNatives JLA Ljdk/internal/access/JavaLangAccess; java/lang/System$2
staticfield java/lang/invoke/MethodHandleNatives $assertionsDisabled Z 1
ciInstanceKlass jdk/internal/reflect/CallerSensitive 0 0 17 100 1 100 1 100 1 1 1 1 1 1 1 1 1 1 1
ciInstanceKlass jdk/internal/reflect/ConstantPool 1 1 142 10 100 12 1 1 1 9 7 12 1 1 1 10 12 1 1 10 12 1 1 10 12 1 10 12 1 1 10 12 1 1 10 12 1 10 12 1 1 10 12 1 10 12 1 1 10 12 1 10 12 1 10 12 1 10 12 1 1 10 12 1 1 10 12 1 1 10 12 1 1 10 12 1 10 12 1 1 10 100 12 1 1 1 8 11 7 12 1 1 1 10 7 12 1 1 1 1 1 1 1 1 1 1 1 1 1 1 1 1 1 1 1 1 1 1 1 1 1 1 1 1 1 1 1 1 1 1 1 1 1 1 1 1 1 1 1 1 1 1 1 1
instanceKlass jdk/internal/reflect/UnsafeQualifiedStaticFieldAccessorImpl
ciInstanceKlass jdk/internal/reflect/UnsafeStaticFieldAccessorImpl 1 1 47 10 7 12 1 1 1 9 7 12 1 1 1 10 7 12 1 1 1 9 12 1 1 8 11 7 12 1 1 1 10 7 12 1 1 1 1 1 1 1 1 1 1 1 1 1 1
instanceKlass jdk/internal/reflect/UnsafeFieldAccessorImpl
ciInstanceKlass jdk/internal/reflect/FieldAccessorImpl 1 1 59 10 7 12 1 1 1 100 1 100 1 1 1 1 1 1 1 1 1 100 1 1 1 1 1 1 1 1 1 1 1 1 1 1 1 1 1 1 1 100 1 1 1 1 1 1 1 1 1 1 1 1 1 1 1 1 1 1 1
instanceKlass jdk/internal/reflect/UnsafeStaticFieldAccessorImpl
ciInstanceKlass jdk/internal/reflect/UnsafeFieldAccessorImpl 1 1 254 10 7 12 1 1 1 9 7 12 1 1 1 10 7 12 1 1 1 10 7 12 1 1 1 9 12 1 1 10 7 12 1 1 1 9 12 1 1 10 12 1 10 12 1 9 12 1 10 12 1 1 10 100 12 1 1 10 100 12 1 1 1 10 12 1 1 100 1 10 10 12 1 1 10 12 1 1 8 1 10 10 12 1 100 1 8 1 10 12 1 8 1 10 12 1 8 1 10 12 1 100 1 10 12 1 1 10 8 1 10 12 1 1 8 1 10 100 12 1 1 8 1 10 100 12 1 1 8 1 10 100 12 1 1 8 1 10 100 12 1 1 8 1 10 100 12 1 1 8 1 10 100 12 1 1 8 1 10 100 12 1 1 8 1 10 100 12 1 1 10 12 1 1 8 1 8 1 8 1 8 1 8 1 8 1 10 100 12 1 1 1 8 1 8 1 8 1 10 12 10 12 1 1 1 1 1 1 1 1 1 1 1 1 1 1 1 1 1 1 1 1 1 1 1 1 1 1 1 1 1 1 1 1 1 1 1 1 1 1 1 1 1 1 1 1 1 1 1 1 1 1 1 1
staticfield jdk/internal/reflect/UnsafeFieldAccessorImpl unsafe Ljdk/internal/misc/Unsafe; jdk/internal/misc/Unsafe
ciInstanceKlass jdk/internal/reflect/NativeConstructorAccessorImpl 1 1 126 10 7 12 1 1 1 9 7 12 1 1 1 9 12 1 1 10 7 12 1 1 1 10 7 12 1 1 1 10 7 12 1 1 1 9 12 1 9 12 1 1 9 12 1 1 10 7 12 1 1 1 7 1 10 10 12 1 1 10 12 1 10 12 1 10 12 1 1 9 12 1 1 10 7 12 1 1 1 100 1 10 12 1 1 10 12 1 1 8 10 12 1 1 1 1 1 1 1 1 1 1 1 1 1 1 1 1 1 1 1 1 1 1 100 1 100 1 100 1 1 1 1 1 1 1
staticfield jdk/internal/reflect/NativeConstructorAccessorImpl U Ljdk/internal/misc/Unsafe; jdk/internal/misc/Unsafe
staticfield jdk/internal/reflect/NativeConstructorAccessorImpl GENERATED_OFFSET J 16
ciInstanceKlass java/lang/invoke/ConstantCallSite 1 1 65 10 7 12 1 1 1 9 7 12 1 1 1 9 12 1 1 10 7 12 1 1 1 10 12 1 100 1 10 12 9 12 1 1 100 1 10 10 12 1 1 10 12 1 1 1 1 1 1 1 1 1 1 1 1 1 100 1 1 1 1 1 1 1 1
staticfield java/lang/invoke/ConstantCallSite UNSAFE Ljdk/internal/misc/Unsafe; jdk/internal/misc/Unsafe
ciInstanceKlass java/lang/invoke/MutableCallSite 0 0 63 10 100 12 1 1 1 10 12 1 9 100 12 1 1 1 10 12 1 10 12 1 1 9 12 1 1 10 100 12 1 1 1 10 100 12 1 1 1 10 12 1 1 1 1 1 1 1 1 1 1 1 1 1 1 1 1 1 1 100 1 1 1
instanceKlass java/lang/invoke/VarHandleReferences$FieldStaticReadOnly
instanceKlass java/lang/invoke/VarHandleByteArrayAsLongs$ByteArrayViewVarHandle
instanceKlass java/lang/invoke/VarHandleByteArrayAsInts$ByteArrayViewVarHandle
instanceKlass java/lang/invoke/VarHandleInts$FieldInstanceReadOnly
instanceKlass java/lang/invoke/VarHandleLongs$FieldInstanceReadOnly
instanceKlass java/lang/invoke/VarHandleReferences$FieldInstanceReadOnly
ciInstanceKlass java/lang/invoke/VarHandle 1 1 390 10 7 12 1 1 1 10 7 12 1 1 9 12 1 1 9 12 1 1 100 1 10 8 1 10 12 1 1 10 7 12 1 1 1 10 12 1 1 10 100 12 1 1 1 9 100 12 1 1 1 10 12 1 1 10 100 12 1 1 1 10 12 1 1 9 12 1 10 12 1 9 12 1 1 10 7 12 1 1 10 12 1 9 7 12 1 1 1 9 12 1 1 10 12 1 1 100 1 100 1 10 8 1 10 12 1 1 10 12 1 8 1 10 12 1 10 12 1 10 12 1 1 9 7 12 1 1 1 10 12 1 10 12 1 1 10 12 1 10 10 100 12 1 1 1 10 12 1 1 10 12 1 1 10 100 12 1 1 1 10 100 12 1 1 1 10 100 12 1 1 1 9 12 1 1 10 9 12 1 1 10 12 1 10 12 1 10 12 1 1 10 12 1 10 100 12 1 1 1 9 12 1 1 10 12 1 1 9 12 1 10 12 1 10 12 1 10 100 12 1 1 100 1 10 9 7 12 1 1 1 9 12 1 1 10 7 12 1 1 1 10 12 1 10 12 1 10 12 1 10 12 1 10 12 1 10 12 1 1 7 1 10 10 7 12 1 1 1 9 12 1 1 8 10 12 1 1 7 1 10 12 1 1 100 1 1 1 1 1 1 1 1 1 1 1 1 1 1 1 1 1 1 1 1 1 1 1 1 1 1 1 1 1 1 1 1 1 1 1 1 1 1 1 1 1 1 1 1 1 1 1 1 1 1 1 1 1 1 1 1 1 1 1 1 1 1 1 1 1 1 1 1 1 1 1 1 1 1 1 1 1 1 1 1 1 1 1 1 1 1 1 1 1 100 1 100 1 100 1 1 1 1 1 1 1 100 1 1 1
staticfield java/lang/invoke/VarHandle AIOOBE_SUPPLIER Ljava/util/function/BiFunction; jdk/internal/util/Preconditions$1
staticfield java/lang/invoke/VarHandle VFORM_OFFSET J 16
staticfield java/lang/invoke/VarHandle $assertionsDisabled Z 1
ciInstanceKlass java/lang/invoke/MemberName 1 1 757 7 1 7 1 100 1 9 12 1 1 10 7 12 1 1 1 9 12 1 1 10 12 1 1 10 12 1 1 10 12 1 1 10 12 1 10 12 1 1 10 7 12 1 1 1 10 12 1 9 100 12 1 1 10 12 1 100 1 100 1 10 12 1 8 1 10 12 1 1 10 12 1 10 12 1 1 10 12 1 9 12 1 1 8 1 10 100 12 1 1 1 7 1 10 10 12 1 1 100 1 100 1 10 12 1 1 9 12 1 1 100 1 8 1 10 12 1 10 12 1 10 12 1 10 12 1 10 12 1 1 10 12 1 10 12 1 10 12 1 1 10 12 1 1 10 12 1 8 1 8 1 8 1 10 100 12 1 1 1 10 12 1 9 12 1 1 3 10 12 1 10 12 1 10 12 1 10 10 7 12 1 1 1 10 12 1 10 12 1 10 12 1 10 12 1 7 1 8 10 12 1 1 10 12 1 1 8 1 9 100 1 8 9 100 1 10 12 1 1 10 12 1 10 12 1 8 1 10 12 1 1 10 12 1 10 12 1 10 12 1 10 12 1 1 100 1 10 12 1 1 10 12 1 8 1 10 12 1 10 12 1 8 1 10 12 1 1 10 12 1 1 100 1 10 12 1 1 10 12 8 1 8 1 100 1 10 12 1 10 100 12 1 1 1 100 1 10 12 10 12 1 10 12 1 10 12 1 10 12 1 10 10 12 1 10 12 1 10 12 1 3 10 12 1 3 10 12 1 3 3 3 3 3 3 3 100 1 10 12 1 10 7 12 1 1 1 10 12 1 3 9 12 1 10 12 1 1 3 10 12 1 10 10 7 12 1 1 1 10 12 1 1 10 7 1 10 10 12 1 10 12 1 10 12 1 10 10 12 1 1 10 12 1 10 12 1 10 12 1 100 1 10 10 10 12 100 1 10 10 10 12 1 1 10 12 1 1 10 10 12 1 8 10 100 1 10 12 1 10 100 1 10 12 1 10 12 1 10 12 1 10 10 12 1 10 12 1 1 10 12 1 1 10 12 1 10 12 1 10 12 1 100 1 10 12 1 1 100 1 8 1 10 7 1 10 12 1 10 12 10 12 1 1 10 12 1 10 12 1 8 1 8 1 8 1 8 1 10 12 1 10 12 1 10 12 1 1 8 1 8 1 10 12 1 8 1 10 10 12 1 10 12 1 8 1 8 1 10 10 12 1 8 1 10 100 12 1 1 1 8 1 10 12 1 10 12 1 1 10 12 1 8 1 8 1 8 1 8 1 100 1 10 8 1 8 1 8 1 8 1 10 12 1 100 1 100 1 100 1 10 100 1 10 100 1 10 100 12 1 1 1 9 7 12 1 1 1 100 1 100 1 1 1 1 1 1 1 3 1 3 1 3 1 3 1 3 1 3 1 1 1 1 1 1 1 1 3 1 3 1 1 1 1 3 1 1 1 1 1 1 1 1 1 1 1 1 1 1 1 1 1 1 1 1 1 1 1 1 1 1 1 1 1 1 1 1 1 1 1 1 1 1 1 1 1 1 1 1 1 1 1 1 1 1 1 1 1 1 1 1 1 1 1 1 1 1 1 1 1 1 1 1 1 1 1 1 1 1 1 1 1 1 1 1 1 1 1 1 1 1 1 1 1 1 1 1 1 1 1 1 1 1 1 1 1 1 1 1 1 1 100 1 1 1 1 1 1 1 1 1 1 1 1 1 1 1
staticfield java/lang/invoke/MemberName $assertionsDisabled Z 1
ciInstanceKlass java/lang/invoke/ResolvedMethodName 1 1 16 10 100 12 1 1 1 100 1 1 1 1 1 1 1 1
ciInstanceKlass java/lang/StackWalker 1 1 235 9 7 12 1 1 1 10 7 12 1 1 1 7 1 10 7 12 1 1 1 10 12 1 1 11 7 12 1 1 1 10 12 1 1 10 12 1 1 10 12 1 1 100 1 8 1 10 12 1 10 12 1 10 12 1 10 7 12 1 1 9 12 1 1 9 12 1 1 9 12 1 1 9 12 1 1 10 12 1 1 9 12 1 1 10 7 12 1 1 1 11 12 1 1 100 1 8 1 10 10 100 12 1 1 9 12 1 1 10 12 1 1 10 100 12 1 1 1 10 100 12 1 1 1 18 12 1 1 100 1 8 1 10 10 12 1 1 10 100 12 1 1 1 9 100 12 1 1 11 100 12 1 1 1 10 12 1 1 1 1 1 1 1 1 1 1 1 1 1 1 1 1 1 1 1 1 1 1 1 1 1 1 1 1 1 1 1 1 1 1 1 1 1 1 1 1 1 1 1 1 1 1 1 1 1 1 1 100 1 1 15 10 100 12 1 1 1 16 15 10 12 16 1 1 1 1 1 1 1 100 1 100 1 1
staticfield java/lang/StackWalker DEFAULT_EMPTY_OPTION Ljava/util/EnumSet; java/util/RegularEnumSet
staticfield java/lang/StackWalker DEFAULT_WALKER Ljava/lang/StackWalker; java/lang/StackWalker
ciInstanceKlass java/lang/StackStreamFactory$AbstractStackWalker 1 0 306 100 1 100 1 3 10 100 12 1 1 1 10 100 12 1 1 10 100 12 1 1 1 9 12 1 1 10 12 1 1 9 12 1 1 9 12 1 1 9 12 1 1 9 12 1 9 100 12 1 1 1 10 100 12 1 1 1 10 12 1 1 9 12 1 1 10 100 12 1 1 1 10 12 1 1 9 12 1 1 9 100 12 1 1 1 100 1 10 8 1 10 12 1 1 10 12 1 8 1 10 12 1 1 10 100 12 1 1 1 100 1 8 1 10 12 1 8 1 10 12 9 100 12 1 1 1 10 100 12 1 1 9 12 1 8 1 5 0 8 1 8 1 9 12 1 1 10 12 1 1 10 12 1 1 10 12 1 9 12 1 10 12 1 10 12 1 10 12 1 10 12 1 1 10 12 1 10 12 1 1 8 1 10 12 1 10 12 1 10 12 1 10 12 1 1 8 1 10 12 1 1 10 12 1 1 10 12 1 1 10 12 1 10 12 1 10 100 12 1 1 1 9 12 1 8 1 10 12 1 10 12 1 10 12 1 10 12 1 10 12 1 10 12 1 10 12 1 1 10 12 1 1 10 12 1 1 10 12 1 8 1 1 1 1 1 1 1 1 1 1 1 1 1 1 1 1 1 1 100 1 1 1 1 100 1 1 1 1 1 1 1 1 1 1 1 1 1 1 1 1 1 1 1 1 1
ciInstanceKlass jdk/internal/module/Modules 1 1 504 10 100 12 1 1 1 9 7 12 1 1 1 11 7 12 1 1 1 11 12 1 1 11 12 1 1 11 12 1 1 11 12 1 11 12 1 11 12 1 11 12 1 11 12 1 1 10 7 12 1 1 1 10 100 12 1 1 1 18 12 1 1 10 100 12 1 1 1 100 1 10 100 12 1 1 1 10 100 12 1 1 1 10 100 12 1 1 10 12 1 1 11 12 1 9 12 1 1 11 7 12 1 1 1 10 12 1 1 10 10 12 1 10 9 12 1 1 10 7 12 1 1 10 12 1 1 10 7 12 1 1 100 1 11 100 12 1 1 1 10 100 12 1 1 1 11 100 12 1 1 10 12 1 1 10 100 12 1 1 10 100 12 1 1 1 10 12 1 1 10 12 1 1 11 12 1 1 18 12 1 1 11 100 12 1 1 10 100 12 1 1 1 11 100 12 1 1 1 100 1 11 12 1 1 11 100 12 1 1 1 11 12 1 1 10 12 1 1 10 100 12 1 1 18 12 1 1 11 12 1 1 18 12 1 1 11 12 1 1 10 12 1 18 18 10 12 1 1 9 12 1 1 11 100 12 1 1 1 100 1 10 11 12 1 11 12 1 1 11 12 1 1 10 100 1 10 12 1 1 10 100 12 1 1 10 12 1 1 11 12 10 12 1 1 100 1 10 18 12 1 10 12 1 1 100 1 8 1 10 12 1 10 100 12 1 1 18 12 1 11 11 12 10 12 1 10 10 100 1 18 12 1 10 10 10 7 12 1 1 10 7 12 1 1 1 10 12 1 1 1 1 1 1 1 1 1 1 1 1 1 1 1 1 1 1 1 1 1 1 1 1 1 1 1 1 1 1 1 1 1 100 1 1 1 1 1 1 1 1 1 1 1 1 1 1 1 1 1 1 1 1 1 1 1 1 1 1 1 1 1 1 1 1 1 1 1 100 1 1 1 1 1 1 1 1 1 1 1 1 1 1 1 1 1 1 1 1 1 1 1 15 10 100 12 1 1 1 16 15 10 12 1 16 16 15 10 12 1 16 1 16 1 15 10 12 1 16 1 16 1 15 10 12 16 1 15 10 16 1 15 10 12 16 1 15 10 12 16 15 10 12 16 15 10 12 1 1 1 100 1 100 1 1
staticfield jdk/internal/module/Modules JLA Ljdk/internal/access/JavaLangAccess; java/lang/System$2
staticfield jdk/internal/module/Modules JLMA Ljdk/internal/access/JavaLangModuleAccess; java/lang/module/ModuleDescriptor$1
staticfield jdk/internal/module/Modules $assertionsDisabled Z 1
ciInstanceKlass java/lang/ClassValue$ClassValueMap 1 1 248 7 1 7 1 10 7 12 1 1 1 10 12 1 1 9 12 1 1 9 12 1 1 10 12 1 1 7 1 10 12 1 1 10 7 12 1 1 1 10 12 1 1 10 12 1 1 10 10 12 1 1 10 12 1 10 12 1 1 9 12 1 1 100 1 10 10 12 1 10 12 1 10 12 1 1 10 12 1 1 10 12 1 1 9 12 1 1 10 12 1 1 10 12 1 1 10 12 1 1 9 12 1 1 10 12 1 1 10 12 1 10 12 1 1 9 12 1 6 0 6 0 9 12 1 10 12 1 10 12 10 12 1 1 3 10 12 1 10 12 1 10 100 12 1 1 1 10 12 1 10 12 1 1 10 12 1 10 7 12 1 1 1 1 1 1 3 1 3 1 3 1 1 1 1 1 1 1 1 1 1 1 1 1 1 1 1 1 1 1 1 1 1 1 1 1 1 1 1 1 1 1 1 1 1 1 1 1 1 1 1 1 1 1 100 1 1 1 1 1 1 1 1 1 1 1 1 1 1 1 1 1 1 1 1 1 1 1 1 1 1 1 1 1 100 1 1 1
staticfield java/lang/ClassValue$ClassValueMap $assertionsDisabled Z 1
instanceKlass java/lang/ClassValue$ClassValueMap
instanceKlass com/sun/jmx/mbeanserver/DefaultMXBeanMappingFactory$Mappings
instanceKlass com/sun/jmx/mbeanserver/MBeanIntrospector$MBeanInfoMap
instanceKlass com/sun/jmx/mbeanserver/MBeanIntrospector$PerInterfaceMap
ciInstanceKlass java/util/WeakHashMap 1 1 376 7 1 10 7 12 1 1 1 7 1 10 9 7 12 1 1 1 100 1 100 1 10 8 1 10 12 1 1 10 12 1 10 12 1 1 10 12 1 3 10 7 12 1 1 1 8 1 10 12 1 10 12 1 1 9 12 1 1 9 12 1 1 9 12 1 1 4 10 12 1 11 100 12 1 1 1 10 100 12 1 1 1 10 12 1 1 9 12 1 1 10 12 1 1 10 12 1 1 10 7 12 1 1 10 12 1 10 12 1 1 9 12 1 10 12 1 9 12 1 1 9 12 1 9 12 10 12 1 10 10 12 1 1 10 12 1 10 12 1 1 10 12 1 1 10 12 1 1 9 12 1 10 12 1 10 12 1 1 100 1 3 10 12 1 1 11 12 1 1 11 100 12 1 1 1 11 100 12 1 1 1 11 12 100 1 11 12 1 11 12 1 10 12 1 1 10 10 100 12 1 1 1 10 12 1 9 12 1 1 7 1 10 12 1 9 12 1 1 100 1 10 9 12 100 1 10 10 100 12 1 1 10 12 1 11 100 12 1 1 1 100 1 10 11 100 12 1 1 10 1 1 3 1 1 1 1 1 1 1 1 1 1 1 1 1 1 1 1 1 1 1 1 1 1 1 1 1 1 1 1 1 1 1 1 1 100 1 1 1 1 1 100 1 1 1 1 1 1 1 1 1 1 1 1 1 1 1 1 1 1 1 1 1 1 1 1 1 1 1 1 1 1 1 100 1 1 1 1 1 1 1 1 1 1 1 1 1 1 1 1 1 1 1 1 1 1 100 1 100 1 100 1 100 1 100 1 100 1 100 1 100 1 1 1 1 1 1 1 1 1 1 1 1 1 1
staticfield java/util/WeakHashMap NULL_KEY Ljava/lang/Object; java/lang/Object
ciMethod java/util/WeakHashMap get (Ljava/lang/Object;)Ljava/lang/Object; 690 228 550 0 -1
ciMethod java/util/WeakHashMap put (Ljava/lang/Object;Ljava/lang/Object;)Ljava/lang/Object; 628 64 1396 0 -1
instanceKlass java/io/ClassCache$1
instanceKlass java/lang/invoke/MethodHandleImpl$ArrayAccessor$1
instanceKlass java/lang/invoke/MethodHandleImpl$BindCaller$1
instanceKlass java/lang/reflect/Proxy$1
instanceKlass java/lang/invoke/VarHandles$1
ciInstanceKlass java/lang/ClassValue 1 1 202 10 7 12 1 1 1 9 7 12 1 1 1 3 10 7 12 1 1 1 3 9 12 1 1 7 1 10 9 12 1 1 7 1 10 12 1 9 12 1 1 10 12 1 1 10 7 12 1 1 1 10 12 1 1 10 7 12 1 1 1 10 12 1 1 10 12 1 1 10 12 1 10 12 1 1 9 7 12 1 1 1 9 12 1 1 10 12 1 1 10 12 1 10 12 1 1 10 12 1 1 10 12 1 1 10 12 1 10 12 1 10 12 1 1 10 12 1 1 10 12 1 10 12 1 9 12 1 1 10 9 12 1 1 10 7 12 1 1 10 12 1 10 10 12 1 1 1 1 1 1 1 1 1 1 1 1 1 1 1 1 1 1 1 1 1 1 1 1 100 1 1 1 1 1 1 1 1 1 1 1 1 1 1 100 1 1 1 1 1 1 1 1 1 1 1 1 1 1 1 1 1
staticfield java/lang/ClassValue EMPTY_CACHE [Ljava/lang/ClassValue$Entry; 1 [Ljava/lang/ClassValue$Entry;
staticfield java/lang/ClassValue nextHashCode Ljava/util/concurrent/atomic/AtomicInteger; java/util/concurrent/atomic/AtomicInteger
staticfield java/lang/ClassValue CRITICAL_SECTION Ljava/lang/Object; java/lang/Object
staticfield java/lang/ClassValue UNSAFE Ljdk/internal/misc/Unsafe; jdk/internal/misc/Unsafe
ciMethod java/lang/ClassValue remove (Ljava/lang/Class;)V 0 0 1 0 -1
ciMethod java/lang/ClassValue get (Ljava/lang/Class;)Ljava/lang/Object; 738 0 5389 0 -1
ciMethod java/lang/ClassValue version ()Ljava/lang/ClassValue$Version; 140 0 70 0 -1
ciMethod java/lang/ClassValue match (Ljava/lang/ClassValue$Entry;)Z 1022 0 5389 0 -1
ciMethod java/lang/ClassValue computeValue (Ljava/lang/Class;)Ljava/lang/Object; 0 0 1 0 -1
ciMethod java/lang/ClassValue castEntry (Ljava/lang/ClassValue$Entry;)Ljava/lang/ClassValue$Entry; 776 0 5389 0 -1
ciMethod java/lang/ClassValue getMap (Ljava/lang/Class;)Ljava/lang/ClassValue$ClassValueMap; 70 0 35 0 -1
ciMethod java/lang/ClassValue getCacheCarefully (Ljava/lang/Class;)[Ljava/lang/ClassValue$Entry; 776 0 5389 0 -1
ciMethod java/lang/ClassValue getFromBackup ([Ljava/lang/ClassValue$Entry;Ljava/lang/Class;)Ljava/lang/Object; 70 0 35 0 -1
ciMethod java/lang/ClassValue getFromHashMap (Ljava/lang/Class;)Ljava/lang/Object; 70 0 35 0 -1
ciMethod java/lang/ClassValue makeEntry (Ljava/lang/ClassValue$Version;Ljava/lang/Object;)Ljava/lang/ClassValue$Entry; 70 0 35 0 -1
ciMethod java/lang/ClassValue initializeMap (Ljava/lang/Class;)Ljava/lang/ClassValue$ClassValueMap; 50 0 25 0 -1
ciMethod java/lang/ClassValue$ClassValueMap getCache ()[Ljava/lang/ClassValue$Entry; 256 0 128 0 -1
ciMethod java/lang/ClassValue$ClassValueMap startEntry (Ljava/lang/ClassValue;)Ljava/lang/ClassValue$Entry; 70 0 35 0 -1
ciMethod java/lang/ClassValue$ClassValueMap finishEntry (Ljava/lang/ClassValue;Ljava/lang/ClassValue$Entry;)Ljava/lang/ClassValue$Entry; 70 0 35 0 -1
ciMethod java/lang/ClassValue$ClassValueMap probeHomeLocation ([Ljava/lang/ClassValue$Entry;Ljava/lang/ClassValue;)Ljava/lang/ClassValue$Entry; 776 0 5389 0 -1
ciMethod java/lang/ClassValue$ClassValueMap probeBackupLocations ([Ljava/lang/ClassValue$Entry;Ljava/lang/ClassValue;)Ljava/lang/ClassValue$Entry; 70 0 35 0 -1
ciMethod java/lang/ClassValue$ClassValueMap checkCacheLoad ()V 70 0 35 0 -1
ciMethod java/lang/ClassValue$ClassValueMap addToCache (Ljava/lang/ClassValue;Ljava/lang/ClassValue$Entry;)V 70 0 35 0 -1
ciMethod java/lang/ClassValue$ClassValueMap loadFromCache ([Ljava/lang/ClassValue$Entry;I)Ljava/lang/ClassValue$Entry; 776 0 5389 0 -1
ciInstanceKlass java/lang/ClassValue$Version 1 1 54 10 7 12 1 1 1 7 1 10 12 1 9 7 12 1 1 1 9 12 1 1 10 100 12 1 1 1 1 1 1 1 1 1 1 1 1 1 1 1 1 1 1 1 1 1 1 1 1 1 1 1 1 1
ciInstanceKlass java/lang/ClassValue$Identity 1 1 21 10 7 12 1 1 1 100 1 1 1 1 1 1 1 1 1 100 1 1 1
ciInstanceKlass java/lang/ClassValue$Entry 1 1 96 10 7 12 1 1 1 9 7 12 1 1 1 9 12 1 1 10 12 1 1 100 1 10 12 1 10 12 1 10 12 1 1 7 1 10 12 1 1 10 12 1 1 10 12 1 10 12 1 10 12 1 7 1 10 7 12 1 1 9 12 1 1 1 1 1 1 1 1 1 1 1 1 1 1 1 1 1 1 1 1 1 1 1 1 1 1 1 1 1 1 1 1 1 1 1
staticfield java/lang/ClassValue$Entry DEAD_ENTRY Ljava/lang/ClassValue$Entry; java/lang/ClassValue$Entry
staticfield java/lang/ClassValue$Entry $assertionsDisabled Z 1
ciMethod java/lang/ClassValue$Entry value ()Ljava/lang/Object; 1022 0 5389 0 -1
ciMethod java/lang/ClassValue$Entry version ()Ljava/lang/ClassValue$Version; 280 0 140 0 -1
ciMethod java/lang/ClassValue$Entry isPromise ()Z 140 0 70 0 -1
ciMethod java/lang/ClassValue$Entry refreshVersion (Ljava/lang/ClassValue$Version;)Ljava/lang/ClassValue$Entry; 0 0 1 0 -1
ciMethod java/lang/ClassValue$Version promise ()Ljava/lang/ClassValue$Entry; 70 0 35 0 -1
instanceKlass sun/nio/ch/Util$1
instanceKlass sun/nio/fs/NativeBuffers$1
ciInstanceKlass jdk/internal/misc/TerminatingThreadLocal 1 1 86 10 7 12 1 1 1 10 12 1 1 10 7 12 1 1 1 10 12 1 10 12 1 9 12 1 1 10 12 1 1 7 1 11 12 1 1 11 100 12 1 1 1 11 12 1 10 12 1 10 10 12 1 11 12 1 1 11 12 7 1 10 1 1 1 1 1 1 1 1 1 1 1 1 1 1 1 1 1 1 1 1 1 1 1 1
staticfield jdk/internal/misc/TerminatingThreadLocal REGISTRY Ljava/lang/ThreadLocal; jdk/internal/misc/TerminatingThreadLocal$1
ciInstanceKlass sun/nio/fs/NativeBuffers$1 1 1 41 100 1 10 7 12 1 1 1 10 100 12 1 1 100 1 10 100 12 1 1 1 1 1 1 1 1 1 1 1 1 1 1 1 1 1 1 1 1 1 1
ciMethod jdk/internal/misc/TerminatingThreadLocal register (Ljdk/internal/misc/TerminatingThreadLocal;)V 16 0 8 0 -1
ciInstanceKlass java/util/function/BiFunction 1 1 65 10 100 12 1 1 1 18 12 1 1 11 100 12 1 1 11 100 12 1 100 1 1 1 1 1 1 1 1 1 1 1 1 1 1 1 1 1 1 1 1 1 1 1 1 1 1 1 15 10 100 12 1 1 1 16 15 11 12 1 100 1 100 1 1
ciInstanceKlass java/util/concurrent/locks/LockSupport 1 1 94 10 100 12 1 1 1 9 7 12 1 1 1 9 12 1 1 10 7 12 1 1 1 10 7 12 1 1 1 10 12 1 1 10 12 1 1 10 12 1 1 100 1 10 10 12 1 1 9 12 1 10 12 1 1 10 12 1 1 8 1 10 12 1 1 8 1 1 1 1 1 1 1 1 1 1 1 1 1 1 1 1 1 1 1 1 1 1 1 1 1 1 1 1
staticfield java/util/concurrent/locks/LockSupport U Ljdk/internal/misc/Unsafe; jdk/internal/misc/Unsafe
staticfield java/util/concurrent/locks/LockSupport PARKBLOCKER J 76
staticfield java/util/concurrent/locks/LockSupport TID J 32
instanceKlass java/util/concurrent/ConcurrentHashMap$Segment
ciInstanceKlass java/util/concurrent/locks/ReentrantLock 1 1 177 10 7 12 1 1 1 7 1 10 9 7 12 1 1 1 100 1 10 10 7 12 1 1 10 12 1 10 12 1 1 10 100 12 1 1 1 10 12 1 1 10 12 1 1 10 12 1 1 10 12 1 1 10 12 1 10 12 1 10 12 1 1 10 12 1 10 12 1 1 10 12 1 10 12 1 1 100 1 10 100 1 100 1 8 1 10 12 1 10 12 1 1 10 12 1 1 10 12 1 1 100 1 10 10 12 1 1 10 12 1 1 8 1 8 1 10 100 12 1 1 8 1 10 100 1 100 1 1 1 1 5 0 1 1 1 1 1 1 1 1 1 1 100 1 1 1 1 1 1 1 1 1 1 1 1 1 1 1 1 1 1 1 1 1 100 1 1 1 1 1 1 1 1 100 1 1
ciMethod java/util/concurrent/locks/ReentrantLock lock ()V 1024 0 5523 0 0
ciMethod java/util/concurrent/locks/ReentrantLock unlock ()V 1024 0 5530 0 0
ciInstanceKlass jdk/internal/access/JavaIOFileDescriptorAccess 1 0 29 100 1 100 1 1 1 1 1 1 1 1 1 1 1 1 100 1 1 1 1 1 1 1 1 1 1 1 1
ciMethod jdk/internal/access/JavaIOFileDescriptorAccess getAppend (Ljava/io/FileDescriptor;)Z 0 0 1 0 -1
ciMethod java/lang/ref/ReferenceQueue poll ()Ljava/lang/ref/Reference; 514 0 21288 0 -1
ciMethod java/nio/ByteBuffer base ()Ljava/lang/Object; 264 0 132 0 -1
ciMethod java/nio/ByteBuffer position (I)Ljava/nio/ByteBuffer; 512 0 20063 0 160
ciMethod java/nio/ByteBuffer limit (I)Ljava/nio/ByteBuffer; 612 0 19950 0 0
ciMethod java/nio/ByteBuffer rewind ()Ljava/nio/ByteBuffer; 778 0 5378 0 0
ciMethod java/util/concurrent/locks/LockSupport unpark (Ljava/lang/Thread;)V 0 0 1 0 -1
ciMethod java/lang/ThreadLocal$ThreadLocalMap set (Ljava/lang/ThreadLocal;Ljava/lang/Object;)V 646 0 5447 0 -1
ciMethod java/lang/ThreadLocal$ThreadLocalMap nextIndex (II)I 214 0 158 0 -1
ciMethod java/lang/ThreadLocal$ThreadLocalMap getEntry (Ljava/lang/ThreadLocal;)Ljava/lang/ThreadLocal$ThreadLocalMap$Entry; 508 0 5393 0 0
ciMethod java/lang/ThreadLocal$ThreadLocalMap getEntryAfterMiss (Ljava/lang/ThreadLocal;ILjava/lang/ThreadLocal$ThreadLocalMap$Entry;)Ljava/lang/ThreadLocal$ThreadLocalMap$Entry; 6 0 31 0 0
ciMethod java/lang/ThreadLocal$ThreadLocalMap expungeStaleEntry (I)I 20 42 10 0 -1
ciMethod java/lang/ThreadLocal setInitialValue ()Ljava/lang/Object; 8 0 35 0 0
ciMethod java/nio/DirectByteBuffer base ()Ljava/lang/Object; 256 0 128 0 0
ciMethod java/nio/DirectByteBuffer <init> (I)V 10 0 39 0 -1
ciMethod java/nio/DirectByteBuffer put (IB)Ljava/nio/ByteBuffer; 512 0 784 0 0
ciMethod java/nio/DirectByteBuffer isReadOnly ()Z 256 0 128 0 0
ciMethod java/nio/DirectByteBuffer ix (I)J 804 0 1654 0 64
ciMethod java/nio/MappedByteBuffer position (I)Ljava/nio/MappedByteBuffer; 514 0 10756 0 0
ciMethod java/nio/MappedByteBuffer limit (I)Ljava/nio/MappedByteBuffer; 574 0 10758 0 0
ciMethod java/nio/MappedByteBuffer rewind ()Ljava/nio/MappedByteBuffer; 778 0 5378 0 0
ciMethod java/nio/ByteBuffer put (IB)Ljava/nio/ByteBuffer; 0 0 1 0 -1
ciMethod java/nio/ByteBuffer putArray (I[BII)Ljava/nio/ByteBuffer; 768 336 1833 0 0
ciMethod java/nio/ByteBuffer allocateDirect (I)Ljava/nio/ByteBuffer; 10 0 39 0 0
ciMethod sun/nio/ch/DirectBuffer cleaner ()Ljdk/internal/ref/Cleaner; 0 0 1 0 -1
ciMethod sun/nio/ch/DirectBuffer address ()J 0 0 1 0 -1
ciMethod jdk/internal/util/Preconditions outOfBoundsCheckFromIndexSize (Ljava/util/function/BiFunction;III)Ljava/lang/RuntimeException; 0 0 8 0 0
ciMethod jdk/internal/util/Preconditions outOfBounds (Ljava/util/function/BiFunction;Ljava/lang/String;[Ljava/lang/Number;)Ljava/lang/RuntimeException; 16 0 8 0 -1
ciMethod jdk/internal/util/Preconditions checkFromIndexSize (IIILjava/util/function/BiFunction;)I 1024 0 25798 0 0
ciMethod jdk/internal/ref/Cleaner clean ()V 0 0 17 0 -1
ciMethod java/lang/ref/Reference <init> (Ljava/lang/Object;)V 770 0 2442 0 -1
ciMethod java/lang/ref/Reference <init> (Ljava/lang/Object;Ljava/lang/ref/ReferenceQueue;)V 512 0 12583 0 -1
ciMethod java/lang/ref/Reference refersTo0 (Ljava/lang/Object;)Z 770 0 385 0 -1
ciMethod java/lang/ref/Reference reachabilityFence (Ljava/lang/Object;)V 804 0 78309 0 -1
ciMethod java/lang/ref/Reference refersTo (Ljava/lang/Object;)Z 514 0 17634 0 96
ciMethod java/util/concurrent/locks/ReentrantLock$Sync lock ()V 1024 0 5523 0 0
ciMethod java/util/concurrent/locks/ReentrantLock$NonfairSync initialTryLock ()Z 524 0 5384 0 416
ciMethod java/lang/Math min (II)I 512 0 76866 0 -1
ciMethod java/lang/Thread currentThread ()Ljava/lang/Thread; 512 0 256 0 -1
ciMethod java/io/FileOutputStream writeBytes ([BIIZ)V 14 0 7 0 -1
ciMethod java/io/BufferedOutputStream flushBuffer ()V 80 0 2829 0 0
ciMethod java/io/OutputStream write ([BII)V 0 0 1 0 -1
ciMethod java/util/Map get (Ljava/lang/Object;)Ljava/lang/Object; 0 0 1 0 -1
ciMethod jdk/internal/misc/Unsafe copyMemory0 (Ljava/lang/Object;JLjava/lang/Object;JJ)V 770 0 385 0 -1
ciMethod jdk/internal/misc/Unsafe putByte (Ljava/lang/Object;JB)V 768 0 384 0 -1
ciMethod jdk/internal/misc/Unsafe compareAndSetInt (Ljava/lang/Object;JII)Z 768 0 384 0 -1
ciMethod jdk/internal/misc/Unsafe checkOffset (Ljava/lang/Object;J)V 264 0 5253 0 -1
ciMethod jdk/internal/misc/Unsafe is32BitClean (J)Z 0 0 1 0 -1
ciMethod jdk/internal/misc/Unsafe invalidInput ()Ljava/lang/RuntimeException; 0 0 1 0 -1
ciMethod jdk/internal/misc/Unsafe checkNativeAddress (J)V 266 0 5254 0 -1
ciMethod jdk/internal/misc/Unsafe checkPointer (Ljava/lang/Object;J)V 528 0 10810 0 0
ciMethod jdk/internal/misc/Unsafe checkPrimitiveArray (Ljava/lang/Class;)V 266 0 5420 0 0
ciMethod jdk/internal/misc/Unsafe checkSize (J)V 512 0 5378 0 96
ciMethod jdk/internal/misc/Unsafe checkPrimitivePointer (Ljava/lang/Object;J)V 524 0 10793 0 0
ciMethod jdk/internal/misc/Unsafe copyMemoryChecks (Ljava/lang/Object;JLjava/lang/Object;JJ)V 516 0 5377 0 0
ciMethod jdk/internal/misc/Unsafe copyMemory (Ljava/lang/Object;JLjava/lang/Object;JJ)V 514 0 5377 0 864
ciMethod java/lang/Class getComponentType ()Ljava/lang/Class; 206 0 11417 0 -1
ciMethod java/lang/Class isAssignableFrom (Ljava/lang/Class;)Z 768 0 384 0 -1
ciMethod java/lang/Object getClass ()Ljava/lang/Class; 512 0 256 0 -1
ciInstanceKlass java/rmi/server/UID 1 1 169 10 7 12 1 1 1 9 7 12 1 1 1 9 12 1 1 7 1 10 10 12 1 1 9 12 1 1 9 12 1 9 12 1 1 100 1 10 100 12 1 1 1 10 7 12 1 1 1 9 12 1 1 10 12 1 1 100 1 10 12 1 1 10 12 1 9 12 1 9 12 1 10 100 12 1 1 1 10 100 12 1 1 18 12 1 1 11 7 12 1 1 1 11 12 1 11 12 1 11 7 12 1 1 11 12 1 11 12 1 1 10 12 1 100 1 1 1 5 0 1 1 1 1 1 1 1 1 1 1 100 1 1 1 1 1 1 1 1 1 1 1 1 1 1 7 1 1 1 1 1 1 1 1 1 15 10 100 12 1 1 8 1 1 100 1 100 1 1
staticfield java/rmi/server/UID lock Ljava/lang/Object; java/lang/Object
instanceKlass javax/security/sasl/SaslException
instanceKlass java/io/EOFException
instanceKlass java/net/SocketException
instanceKlass java/net/UnknownHostException
instanceKlass java/net/MalformedURLException
instanceKlass java/io/ObjectStreamException
instanceKlass java/nio/charset/CharacterCodingException
instanceKlass java/io/UnsupportedEncodingException
instanceKlass java/nio/file/FileSystemException
instanceKlass java/rmi/RemoteException
instanceKlass java/io/FileNotFoundException
ciInstanceKlass java/io/IOException 1 1 34 10 7 12 1 1 1 10 12 1 10 12 1 10 12 1 100 1 1 1 1 5 0 1 1 1 1 1 1 1 1 1 1 1
ciInstanceKlass java/rmi/Remote 1 0 7 100 1 100 1 1 1
ciInstanceKlass java/io/Externalizable 1 0 18 100 1 100 1 100 1 1 1 1 100 1 1 1 100 1 1 1
instanceKlass java/net/DelegatingSocketImpl
instanceKlass sun/nio/ch/NioSocketImpl
ciInstanceKlass java/net/SocketImpl 1 1 230 18 12 1 1 10 7 12 1 1 1 100 1 8 1 10 12 1 1 9 7 12 1 1 1 100 1 10 12 1 1 7 1 10 10 7 12 1 1 10 12 1 100 1 8 1 10 12 1 9 12 1 1 9 12 1 1 9 12 1 1 9 12 1 100 1 10 8 1 10 12 1 1 10 12 1 1 10 12 1 8 1 10 12 1 1 10 12 1 8 1 10 12 1 8 1 10 12 1 1 10 100 12 1 1 1 100 1 8 1 8 1 10 100 1 10 12 1 1 100 1 10 12 1 1 11 100 12 1 1 1 8 1 10 7 12 1 1 1 10 12 1 1 1 1 1 1 1 1 1 1 1 1 100 1 1 1 1 1 1 1 1 1 1 1 1 1 1 1 1 1 1 1 1 1 1 1 1 1 1 1 1 1 1 1 1 1 1 1 1 1 1 1 1 1 1 1 1 1 1 1 1 1 1 1 1 1 1 1 1 1 15 10 7 12 1 1 1 16 1 15 10 12 16 1 100 1 100 1 1
staticfield java/net/SocketImpl USE_PLAINSOCKETIMPL Z 0
ciInstanceKlass sun/nio/ch/NioSocketImpl 1 1 869 10 7 12 1 1 1 7 1 10 9 7 12 1 1 1 9 12 1 7 1 10 9 12 1 1 9 12 1 1 9 12 1 1 100 1 8 1 10 12 1 8 1 8 1 5 0 9 7 12 1 1 1 10 12 1 1 9 12 1 10 12 1 10 7 12 1 1 1 10 12 1 1 9 12 1 10 12 1 1 100 1 10 9 12 1 10 12 1 10 7 12 1 1 1 10 12 1 10 7 12 1 1 1 9 12 1 1 9 12 1 1 10 12 1 10 7 12 1 1 1 10 7 12 1 1 1 9 12 1 1 7 1 11 12 1 10 7 12 1 1 1 10 12 1 1 10 12 1 1 10 7 12 1 1 10 12 1 1 7 1 10 12 1 100 1 8 1 10 9 12 1 1 10 12 1 1 9 12 1 8 1 9 12 1 10 12 1 1 9 12 1 10 12 1 1 10 12 1 1 10 12 1 1 10 12 1 100 1 100 1 10 12 1 1 10 7 12 1 1 1 10 12 1 9 12 1 10 12 1 3 10 7 12 1 1 1 10 12 1 1 9 12 1 10 12 1 10 12 1 10 12 1 10 12 1 9 12 1 10 12 1 10 12 1 8 1 10 10 100 12 1 1 10 12 1 1 10 12 1 10 12 1 10 12 1 1 9 12 1 10 7 12 1 1 1 10 7 12 1 1 1 9 12 1 8 1 8 1 8 1 9 12 1 10 7 12 1 1 1 9 12 1 9 12 1 10 12 1 1 10 7 12 1 1 10 12 1 1 8 1 8 1 10 12 1 100 1 10 12 1 10 10 12 1 1 10 7 12 1 1 10 12 1 10 12 1 1 10 12 1 1 10 12 1 1 10 12 10 12 1 10 12 1 10 100 12 1 1 1 10 12 1 10 12 1 10 12 1 8 1 10 12 1 10 12 1 8 1 10 12 1 8 1 10 12 1 1 8 1 8 1 7 1 10 10 12 1 1 10 12 1 10 12 1 1 10 12 1 10 12 1 1 10 12 7 1 10 12 1 7 1 10 10 12 1 1 10 100 12 1 1 1 11 7 12 1 1 100 1 10 12 1 1 10 12 1 9 7 12 1 1 1 10 12 1 1 7 1 10 12 1 10 12 1 10 12 1 10 12 1 1 9 12 1 1 9 12 1 100 1 10 9 12 1 11 100 12 1 1 9 12 1 9 12 1 10 100 12 1 1 11 12 1 1 9 12 1 9 12 1 9 12 1 10 12 10 12 1 9 12 1 10 100 12 1 1 1 10 12 1 11 12 1 100 1 100 1 10 8 1 10 12 1 1 10 12 1 8 1 10 12 1 10 11 100 12 1 1 1 10 7 12 1 1 100 1 8 1 10 10 12 1 1 10 12 1 1 7 1 10 12 1 10 12 1 9 12 1 10 12 1 1 10 12 1 10 12 1 8 1 8 10 12 1 10 12 1 8 1 8 1 8 8 10 12 1 8 8 1 8 8 1 8 8 1 9 100 12 1 8 8 1 8 8 1 10 12 1 10 100 1 9 12 1 1 9 12 1 10 12 1 1 8 1 18 12 1 1 18 10 12 1 1 10 12 1 100 1 10 12 1 1 10 12 1 10 12 1 9 100 12 1 1 1 9 12 1 10 12 1 10 12 1 7 1 10 100 1 1 1 1 3 1 3 1 3 1 3 1 3 1 3 1 1 1 1 1 1 1 1 1 1 1 1 100 1 1 1 1 1 1 1 1 1 100 1 1 1 1 1 1 1 1 1 1 1 1 1 1 1 1 1 1 1 1 1 1 100 1 1 1 1 1 1 1 1 1 1 1 1 1 100 100 1 1 1 1 1 1 1 1 1 1 1 1 1 1 1 1 1 1 1 1 1 1 1 1 1 1 1 1 1 1 1 1 1 1 1 1 1 1 1 1 1 1 1 1 15 10 7 12 1 1 1 16 15 10 12 15 10 12 1 1 100 1 100 1 1
staticfield sun/nio/ch/NioSocketImpl nd Lsun/nio/ch/NativeDispatcher; sun/nio/ch/SocketDispatcher
staticfield sun/nio/ch/NioSocketImpl $assertionsDisabled Z 1
instanceKlass sun/nio/ch/FileDispatcher
instanceKlass sun/nio/ch/SocketDispatcher
ciInstanceKlass sun/nio/ch/NativeDispatcher 1 1 52 10 7 12 1 1 1 100 1 8 1 10 12 1 100 1 10 100 1 1 1 1 1 1 1 1 1 1 1 1 1 1 1 1 1 1 1 1 1 1 1 1 1 1 1 1 1 1 1 1 1 1
ciInstanceKlass sun/nio/ch/SocketDispatcher 1 1 102 10 7 12 1 1 1 10 7 12 1 1 1 10 12 1 1 10 12 1 10 12 1 100 1 10 10 12 1 1 9 12 1 1 10 100 12 1 1 1 100 1 10 9 12 1 1 11 7 12 1 1 1 11 12 1 1 10 12 1 1 10 7 12 1 1 10 7 12 1 1 1 10 7 12 1 1 1 1 1 1 1 1 1 1 1 1 1 1 1 100 1 1 1 1 1 1 1 1 1 1 1
staticfield sun/nio/ch/SocketDispatcher fdAccess Ljdk/internal/access/JavaIOFileDescriptorAccess; java/io/FileDescriptor$1
staticfield sun/nio/ch/SocketDispatcher $assertionsDisabled Z 1
ciInstanceKlass sun/nio/ch/Net 1 1 651 10 100 12 1 1 1 9 7 12 1 1 1 10 12 1 1 9 12 1 9 12 1 10 12 1 9 12 1 9 12 1 10 12 1 10 12 1 10 12 1 10 12 1 100 1 10 7 1 100 1 10 10 12 1 100 1 10 10 12 1 1 100 1 100 1 100 1 8 1 10 12 1 10 12 1 1 9 7 12 1 1 1 100 1 100 1 8 1 10 100 1 8 1 100 1 8 1 100 1 8 1 8 1 8 1 100 1 10 100 12 1 1 1 10 12 1 1 100 1 100 1 8 1 10 12 1 100 1 10 10 12 1 1 10 12 1 1 10 100 12 1 1 1 10 7 12 1 1 10 100 12 1 1 1 100 1 10 12 1 1 10 12 1 1 10 12 1 10 12 10 12 1 9 12 1 1 9 12 1 9 12 1 9 12 1 9 12 1 10 100 1 10 12 1 10 100 12 1 1 1 10 12 1 3 3 3 100 1 8 1 10 12 1 10 12 1 1 9 12 1 1 10 12 1 1 8 1 11 7 12 1 1 1 9 12 1 1 10 7 12 1 1 1 10 12 1 1 7 1 7 1 9 7 12 1 1 1 9 12 1 10 12 1 8 1 9 12 1 10 12 1 1 3 9 12 1 8 1 9 12 1 8 1 10 7 12 1 1 1 8 1 10 12 1 10 7 12 1 1 10 12 1 10 12 1 1 10 12 1 1 10 12 1 1 10 12 1 1 9 12 1 1 9 12 1 8 1 8 1 10 7 12 1 1 1 10 7 12 1 1 10 12 1 1 10 12 1 1 10 12 9 12 1 10 12 1 1 10 7 12 1 1 1 10 12 1 10 12 1 1 10 12 1 10 100 12 1 1 1 10 12 1 1 10 12 1 1 10 12 1 1 10 12 1 1 10 12 1 1 10 12 1 10 12 1 10 12 1 1 10 12 1 1 10 12 1 1 10 12 1 10 12 1 1 10 12 1 10 7 12 1 1 9 12 1 7 1 10 10 12 1 1 10 12 1 10 3 10 12 1 100 1 10 12 1 10 12 1 1 10 12 1 10 12 1 10 12 1 1 9 12 1 1 10 12 1 9 12 1 10 12 1 9 12 1 10 12 1 9 12 1 10 12 1 9 12 1 10 12 1 9 12 1 10 12 1 8 1 10 12 1 10 12 1 1 1 1 3 1 3 1 3 1 1 1 1 1 1 1 1 1 1 1 1 1 1 1 1 1 1 1 1 1 1 1 1 1 1 1 1 1 100 1 1 1 1 1 1 1 1 1 1 1 1 1 1 1 1 1 100 1 1 1 1 1 1 1 1 1 1 1 1 1 1 1 1 1 1 1 1 100 1 100 1 1 1 1 1 1 1 1 1 1 1 1 1 1 1 1 1 1 1 1 1 1 1 1 1 1 1 1 1 1 1 1 1 1 1 1 1 1 1 1 1 1 1 1 1 1 1 1 1 1 1 1 1 1 1 1 1
staticfield sun/nio/ch/Net UNSPEC Ljava/net/ProtocolFamily; sun/nio/ch/Net$1
staticfield sun/nio/ch/Net exclusiveBind Z 1
staticfield sun/nio/ch/Net fastLoopback Z 0
staticfield sun/nio/ch/Net anyLocalInet4Address Ljava/net/InetAddress; java/net/Inet4Address
staticfield sun/nio/ch/Net anyLocalInet6Address Ljava/net/InetAddress; java/net/Inet6Address
staticfield sun/nio/ch/Net inet4LoopbackAddress Ljava/net/InetAddress; java/net/Inet4Address
staticfield sun/nio/ch/Net inet6LoopbackAddress Ljava/net/InetAddress; java/net/Inet6Address
staticfield sun/nio/ch/Net extendedOptions Lsun/net/ext/ExtendedSocketOptions; jdk/net/ExtendedSocketOptions$1
staticfield sun/nio/ch/Net POLLIN S 768
staticfield sun/nio/ch/Net POLLOUT S 16
staticfield sun/nio/ch/Net POLLERR S 1
staticfield sun/nio/ch/Net POLLHUP S 2
staticfield sun/nio/ch/Net POLLNVAL S 4
staticfield sun/nio/ch/Net POLLCONN S 16
staticfield sun/nio/ch/Net $assertionsDisabled Z 1
ciInstanceKlass sun/nio/ch/NativeThread 1 1 22 10 100 12 1 1 1 100 1 1 1 1 1 1 1 1 1 1 1 1 1 1
ciInstanceKlass sun/nio/ch/Util 1 1 335 10 100 12 1 1 1 8 1 10 7 12 1 1 1 10 100 12 1 1 1 100 1 5 0 9 7 12 1 1 1 10 7 12 1 1 1 10 12 1 1 10 12 1 1 9 12 1 1 10 7 12 1 1 1 7 1 10 12 10 12 1 1 10 12 1 1 10 12 1 1 10 12 1 10 12 1 1 10 12 1 10 12 1 9 12 1 1 100 1 10 10 12 1 10 12 1 100 1 11 12 1 1 10 100 12 1 1 100 1 10 12 1 9 12 1 1 10 7 12 1 1 1 10 12 1 1 11 12 1 1 10 12 1 1 9 12 1 1 10 12 1 10 12 100 1 10 10 100 12 1 1 1 9 12 1 1 10 12 1 10 100 12 1 1 1 10 12 1 10 100 12 1 1 10 100 12 1 1 1 100 1 100 1 100 1 100 1 100 1 10 12 1 100 1 10 9 12 1 10 12 1 100 1 100 1 10 8 1 10 12 1 1 10 12 1 8 1 8 1 10 12 1 1 10 12 1 8 1 8 1 10 12 1 10 7 12 1 1 9 7 12 1 1 9 12 1 10 12 1 7 1 10 10 12 1 1 1 1 1 1 1 1 1 1 1 1 1 100 1 1 1 1 1 1 1 1 1 1 1 1 1 1 1 1 1 1 1 1 1 100 1 1 1 1 1 1 1 1 1 1 1 1 1 1 1 1 1 1 1 1 1 1 1 1 1 100 1 1 1 1 1 1 1 1 1 1 1 1 1 1 1 1 1 1
staticfield sun/nio/ch/Util TEMP_BUF_POOL_SIZE I 16
staticfield sun/nio/ch/Util MAX_CACHED_BUFFER_SIZE J 9223372036854775807
staticfield sun/nio/ch/Util $assertionsDisabled Z 1
ciInstanceKlass sun/nio/ch/Util$1 1 1 54 10 7 12 1 1 1 7 1 10 10 12 1 1 10 12 1 1 10 100 12 1 1 1 10 7 12 1 1 1 10 12 1 1 1 1 1 1 1 1 1 1 1 1 1 1 1 1 1 1 1 1 1 1
ciInstanceKlass sun/nio/ch/Util$BufferCache 1 1 86 9 7 12 1 1 1 10 7 12 1 1 1 7 1 9 7 12 1 1 1 9 12 1 1 10 12 1 1 100 1 10 9 12 1 9 12 1 10 12 1 1 10 12 1 1 10 12 1 1 10 12 1 1 10 12 1 10 7 12 1 1 1 1 1 1 1 1 1 1 1 1 1 1 1 100 1 1 1 1 1 1 1 1 1 1
staticfield sun/nio/ch/Util$BufferCache $assertionsDisabled Z 1
instanceKlass org/jetbrains/exposed/exceptions/UnsupportedByDialectException
ciInstanceKlass java/lang/UnsupportedOperationException 0 0 34 10 100 12 1 1 1 10 12 1 10 12 1 10 12 1 100 1 1 1 1 5 0 1 1 1 1 1 1 1 1 1 1 1
ciInstanceKlass java/lang/AssertionError 0 0 79 10 100 12 1 1 1 10 12 1 10 100 12 1 1 1 10 100 1 100 1 10 12 1 1 10 12 1 10 12 1 10 12 1 10 12 1 10 12 1 10 12 1 10 12 1 1 1 1 5 0 1 1 1 1 1 1 1 1 1 1 100 1 1 1 1 1 1 1 1 1 1 1 1 1 1 1 1 1
instanceKlass java/lang/ArrayIndexOutOfBoundsException
ciInstanceKlass java/lang/IndexOutOfBoundsException 1 1 49 10 7 12 1 1 1 10 12 1 100 1 10 8 1 10 12 1 1 10 12 1 10 12 1 1 10 12 1 100 1 1 1 1 5 0 1 1 1 1 1 1 1 1 1 1 1 1 1
ciInstanceKlass java/nio/BufferOverflowException 0 0 21 10 100 12 1 1 1 100 1 1 1 1 5 0 1 1 1 1 1 1 1
ciInstanceKlass java/lang/ThreadLocal$SuppliedThreadLocal 1 1 44 10 7 12 1 1 1 10 7 12 1 1 1 7 1 9 7 12 1 1 1 11 12 1 1 1 1 1 1 1 1 1 1 1 1 1 1 1 1 1 1 1 1 1
instanceKlass javax/management/remote/rmi/RMIConnectionImpl_Stub
instanceKlass sun/rmi/registry/RegistryImpl_Stub
instanceKlass sun/rmi/transport/DGCImpl_Stub
instanceKlass javax/management/remote/rmi/RMIServerImpl_Stub
ciInstanceKlass java/rmi/server/RemoteStub 1 1 35 10 7 12 1 1 1 10 12 1 100 1 10 100 1 1 1 1 5 0 1 1 1 1 1 1 1 1 1 1 1 1 1 1 1
ciInstanceKlass sun/rmi/transport/Target 1 1 403 10 7 12 1 1 1 7 1 10 9 7 12 1 1 1 7 1 10 12 1 9 12 1 1 9 12 1 1 9 12 1 1 9 12 1 1 7 1 9 7 12 1 1 1 10 12 1 9 12 1 1 9 12 1 1 9 12 1 1 9 12 1 1 10 7 12 1 1 1 9 12 1 1 10 7 12 1 1 1 10 12 1 1 10 12 1 1 10 7 12 1 1 10 12 1 1 9 12 1 1 9 12 1 10 12 1 10 100 12 1 1 7 1 10 12 1 10 12 1 1 7 1 10 12 1 10 12 1 1 10 12 1 10 12 1 7 1 10 12 1 10 12 1 1 9 12 1 1 10 12 1 10 12 1 1 10 12 1 1 9 7 12 1 1 1 9 7 12 1 1 1 10 12 1 1 18 12 1 1 10 12 1 1 10 12 1 1 10 12 1 1 10 12 1 1 10 12 1 9 12 1 10 12 1 18 10 12 1 1 10 12 1 10 12 1 18 12 1 7 1 100 1 18 12 1 1 9 12 1 18 12 1 10 12 1 10 12 1 1 10 12 1 10 12 1 10 12 1 1 11 100 12 1 1 11 12 1 100 1 100 1 10 10 12 1 10 100 12 1 1 100 1 8 1 10 12 1 100 1 8 1 10 9 12 1 18 10 12 1 1 18 12 1 10 12 1 11 12 1 1 1 1 1 1 1 1 1 1 1 1 1 1 100 1 100 1 1 1 1 1 1 1 1 1 1 1 1 1 1 1 1 1 1 1 1 1 1 1 1 1 1 1 1 1 1 1 1 1 1 1 1 1 1 1 1 1 1 1 1 1 1 1 1 15 10 100 12 1 1 8 1 8 1 8 1 15 10 100 12 1 1 1 16 15 10 12 8 1 8 1 16 15 10 12 16 1 1 100 1 100 1 1
ciInstanceKlass sun/rmi/transport/WeakRef 1 1 98 10 7 12 1 1 1 9 7 12 1 1 1 10 12 1 10 12 1 10 12 1 1 9 7 12 1 1 1 9 7 12 1 1 1 10 12 1 1 18 12 1 1 10 12 1 1 10 7 12 1 1 1 9 12 1 1 1 1 1 1 1 1 1 1 1 1 1 1 1 1 1 1 1 1 1 1 1 100 1 1 1 1 1 15 10 100 12 1 1 8 1 1 100 1 100 1 1
ciInstanceKlass sun/rmi/transport/ObjectTable 1 1 301 10 7 12 1 1 1 9 7 12 1 1 1 9 12 1 1 11 7 12 1 1 1 7 1 9 12 1 7 1 10 12 1 10 12 1 1 100 1 8 1 10 12 1 10 12 1 1 10 12 1 1 10 12 1 1 10 12 1 1 10 12 1 1 9 7 12 1 1 1 9 7 12 1 1 1 10 12 1 1 18 12 1 1 10 12 1 1 10 12 1 11 12 1 1 100 1 8 1 10 8 1 11 12 1 1 10 12 1 1 10 12 1 18 11 12 1 10 12 1 7 1 10 7 12 1 1 1 10 12 1 10 12 1 1 10 12 1 1 9 12 1 9 12 1 1 9 12 1 1 100 1 100 1 10 8 1 10 12 1 10 7 12 1 1 1 100 1 10 12 1 9 12 1 1 9 12 1 1 10 100 12 1 1 1 100 1 10 100 1 10 10 100 12 1 1 8 1 5 0 10 7 12 1 1 1 18 12 1 1 10 12 1 1 7 1 10 7 1 10 9 12 1 1 1 1 1 1 1 1 1 1 1 1 1 1 1 100 1 1 1 100 1 1 1 1 1 1 1 1 1 1 1 1 1 1 1 1 1 1 1 1 1 1 1 1 1 1 1 1 1 15 10 100 12 1 1 8 1 8 1 15 10 7 12 1 1 1 16 1 15 10 12 16 1 1 100 1 100 1 1
staticfield sun/rmi/transport/ObjectTable gcInterval J 3600000
staticfield sun/rmi/transport/ObjectTable tableLock Ljava/lang/Object; java/lang/Object
staticfield sun/rmi/transport/ObjectTable objTable Ljava/util/Map; java/util/HashMap
staticfield sun/rmi/transport/ObjectTable implTable Ljava/util/Map; java/util/HashMap
staticfield sun/rmi/transport/ObjectTable keepAliveLock Ljava/lang/Object; java/lang/Object
staticfield sun/rmi/transport/ObjectTable reapQueue Ljava/lang/ref/ReferenceQueue; java/lang/ref/ReferenceQueue
instanceKlass sun/rmi/server/MarshalOutputStream
ciInstanceKlass java/io/ObjectOutputStream 1 1 758 10 7 12 1 1 1 100 1 9 7 12 1 1 1 10 12 1 7 1 10 12 1 9 12 1 1 7 1 4 10 12 1 9 12 1 1 7 1 10 9 12 1 1 9 12 1 1 10 12 1 10 12 1 1 9 12 1 100 1 10 9 12 1 1 10 7 12 1 1 1 9 12 1 1 10 100 12 1 1 1 10 12 1 1 100 1 8 1 10 12 1 100 1 100 1 10 8 1 10 12 1 1 10 12 1 10 12 1 1 10 10 12 1 1 10 12 1 1 100 1 9 12 1 10 12 1 1 9 12 1 1 100 1 8 1 10 10 7 12 1 1 1 10 12 1 1 10 12 1 1 9 12 1 1 10 12 1 100 1 10 12 1 8 1 10 12 1 8 1 10 10 12 1 1 10 12 1 9 12 1 9 12 1 10 12 1 10 7 12 1 1 1 10 12 1 10 12 1 100 1 10 100 1 10 10 12 1 10 12 1 10 10 12 1 10 12 1 1 10 12 1 10 12 1 10 12 1 1 10 12 1 1 10 12 1 1 10 12 1 10 12 1 10 12 1 10 12 1 10 12 1 1 10 12 1 10 12 1 1 10 7 12 1 1 1 9 100 12 1 1 1 10 100 12 1 1 1 7 1 10 12 1 1 100 1 10 12 1 10 7 12 1 1 1 10 10 10 12 1 7 1 10 12 1 1 10 12 1 1 10 12 1 10 12 1 10 12 1 10 12 1 10 12 1 1 7 1 10 12 1 10 12 1 1 7 1 10 12 1 1 7 1 10 12 1 100 1 10 12 1 8 1 10 10 3 10 12 10 12 1 10 12 1 10 12 1 10 12 1 1 10 12 1 10 12 1 1 10 12 1 10 100 12 1 1 10 12 1 10 12 1 10 12 1 1 10 12 1 10 12 1 1 5 0 10 12 1 10 12 1 10 12 1 10 12 1 9 7 12 1 1 1 100 1 10 12 1 1 9 7 1 7 1 9 100 1 100 1 10 12 1 1 9 100 1 100 1 10 12 1 1 9 100 1 100 1 10 12 1 1 9 100 1 100 1 10 12 1 1 9 100 1 100 1 10 12 1 9 100 1 10 12 1 1 100 1 10 100 1 8 1 8 1 8 1 10 12 1 8 1 10 12 1 10 12 1 8 1 8 1 8 1 8 1 10 10 12 1 10 12 1 10 12 1 10 12 1 100 1 10 12 1 1 10 12 1 8 1 11 12 1 1 9 12 1 10 100 1 10 10 12 1 1 100 1 8 1 10 9 7 12 1 1 1 10 12 1 8 1 10 8 1 10 12 10 12 1 1 10 12 1 10 12 1 1 100 1 10 10 12 1 10 12 1 9 12 1 10 12 1 1 10 12 1 10 12 1 1 10 12 1 1 8 1 8 1 10 7 1 8 1 10 12 1 10 12 1 10 12 1 10 12 1 7 1 8 1 10 100 1 1 1 1 1 1 1 1 1 1 1 1 100 1 1 1 1 1 1 1 1 1 1 1 1 1 1 1 1 1 1 1 1 1 1 1 1 1 1 1 1 1 1 1 1 1 1 1 1 1 1 1 1 1 1 1 1 1 1 1 1 1 100 1 1 1 1 1 1 100 1 1 1 1 1 1 1 1 1 1 1 1 1 1 1 1 1 1 1 1 1 1 100 1 1 1 1 1 1 1 100 1 1 1 1 100 1 100 1 1 1 1 1 1 1 1 1 1
staticfield java/io/ObjectOutputStream extendedDebugInfo Z 0
staticfield java/io/ObjectOutputStream $assertionsDisabled Z 1
ciInstanceKlass java/io/ObjectOutputStream$BlockDataOutputStream 1 1 244 100 1 10 7 12 1 1 1 7 1 9 12 1 1 9 12 1 9 12 1 1 9 12 1 1 9 12 1 1 9 12 1 1 7 1 10 12 1 9 12 1 1 10 12 1 10 12 1 1 10 12 1 10 10 12 1 10 12 1 10 12 1 1 10 7 12 1 1 1 10 7 12 1 1 1 10 7 12 1 1 10 12 1 1 10 12 1 1 10 12 1 10 12 1 1 10 12 1 10 12 1 10 12 1 1 10 12 1 1 10 12 1 1 10 12 1 1 10 12 1 1 10 12 1 1 10 7 12 1 1 1 10 12 1 1 10 12 1 1 10 12 1 1 10 12 1 1 5 0 5 0 5 0 100 1 10 10 10 12 1 1 10 12 1 10 12 1 10 10 12 100 1 1 1 3 1 3 1 3 1 1 1 1 1 1 1 1 1 1 100 1 1 1 1 1 1 1 1 1 1 1 1 1 1 1 1 1 1 1 1 1 1 1 1 1 1 1 1 1 1 1 1 1 1 1 1 1 1 1 1 1 1 1 1 1 1 1 1 1 100 1 1 1
ciInstanceKlass java/io/ObjectOutputStream$HandleTable 1 1 93 10 7 12 1 1 1 9 7 12 1 1 1 9 12 1 1 9 12 1 9 12 1 1 9 12 1 1 10 12 1 9 12 1 10 12 1 10 12 1 10 12 1 1 10 12 1 1 10 7 12 1 1 1 10 12 1 10 7 12 1 1 1 10 12 1 3 1 1 1 1 1 1 1 1 1 1 1 1 1 1 1 1 1 1 1 1 1 1 100 1 1 1
ciInstanceKlass java/io/ObjectOutputStream$ReplaceTable 1 1 76 10 7 12 1 1 1 7 1 10 12 1 9 7 12 1 1 1 9 12 1 1 10 12 1 1 10 12 1 10 12 1 10 12 1 1 10 7 12 1 1 1 10 12 1 10 100 12 1 1 1 1 1 1 1 1 1 1 1 1 1 1 1 1 1 1 1 1 1 1 1 100 1 1 1 1
ciInstanceKlass java/io/Bits 1 1 87 10 100 12 1 1 1 10 7 12 1 1 1 10 100 12 1 1 1 5 0 10 12 1 1 10 7 12 1 1 1 10 12 1 1 10 12 1 1 10 12 1 1 10 12 1 1 1 1 1 1 1 1 1 1 1 1 1 1 1 1 1 1 1 1 1 1 1 1 1 1 100 1 1 1 1 1 1 1 1 1 1 1 1 1 1 1
ciInstanceKlass java/io/ObjectStreamClass 1 1 1215 10 7 12 1 1 1 9 12 1 1 9 12 1 1 9 12 1 1 7 1 10 12 1 1 10 7 12 1 1 1 7 1 10 12 1 1 9 12 1 1 10 12 1 1 10 7 12 1 1 1 10 100 12 1 1 1 10 7 12 1 1 1 10 100 12 1 1 1 10 12 1 1 10 12 1 1 10 12 1 1 100 1 10 12 10 12 1 1 8 1 10 12 1 10 12 1 8 1 10 12 1 1 7 1 10 12 1 1 9 7 12 1 1 1 10 7 12 1 1 1 10 7 1 9 12 1 10 12 1 10 7 12 1 1 9 12 1 7 1 9 12 1 10 12 1 9 12 1 7 1 9 12 1 10 12 1 9 12 1 1 9 12 1 7 1 10 12 1 10 12 1 1 9 12 1 1 9 12 1 10 12 1 1 9 12 1 1 100 1 100 1 10 12 1 9 12 1 1 7 1 8 1 10 12 1 9 12 1 1 8 1 9 12 1 1 8 1 10 7 12 1 1 8 1 9 12 1 9 12 1 100 1 10 10 100 12 1 1 100 1 10 12 1 10 7 12 1 1 10 12 1 1 7 1 10 11 100 12 1 1 1 11 12 1 10 12 1 11 12 1 1 100 1 8 1 10 12 1 9 12 1 1 9 12 1 1 9 12 1 9 12 1 8 1 8 1 8 1 10 12 1 8 1 8 1 10 10 12 1 1 8 1 8 1 8 1 8 1 9 12 1 9 12 1 1 9 12 1 9 12 1 1 9 12 1 9 12 1 9 12 1 9 12 1 100 1 10 10 7 12 1 1 10 7 12 1 1 10 12 1 10 12 1 1 100 1 8 1 8 1 10 12 1 10 12 1 1 8 1 10 12 1 10 12 1 10 7 12 1 1 10 12 1 100 1 8 1 10 12 1 1 100 1 10 12 1 10 7 12 1 1 10 12 1 1 10 12 1 1 10 12 1 1 10 12 1 10 12 1 1 10 10 12 1 10 12 1 10 12 1 8 1 10 8 1 10 12 1 1 9 12 1 10 7 12 1 1 10 12 1 10 12 1 10 12 1 1 10 100 12 1 1 1 18 12 1 1 10 12 1 1 100 1 10 12 1 11 100 12 1 1 1 100 1 10 12 1 1 100 1 100 1 100 1 100 1 10 10 100 1 10 10 7 12 1 1 1 10 10 12 1 100 1 100 1 100 1 9 12 1 1 10 12 1 1 7 1 10 10 12 10 12 1 8 1 10 7 1 10 12 1 10 10 12 1 1 10 7 12 1 1 1 10 12 1 10 7 10 12 1 1 10 12 1 10 12 1 1 10 12 1 10 12 1 10 12 1 10 8 1 10 10 12 1 1 10 12 1 1 100 1 10 12 1 1 10 12 1 1 10 12 1 100 1 7 1 9 12 1 1 10 7 12 1 1 1 8 1 10 12 1 18 12 1 100 1 10 12 1 1 10 12 1 10 10 10 12 1 1 10 12 1 10 12 1 1 10 12 1 10 12 1 1 10 12 1 10 12 1 1 100 1 8 1 10 10 10 12 1 1 10 7 12 1 1 1 10 12 1 10 12 1 8 1 10 12 1 1 10 7 1 10 10 12 1 7 1 11 8 1 10 10 12 1 10 12 1 100 1 10 12 1 10 12 1 1 8 1 10 12 1 1 7 1 10 7 1 10 12 1 10 10 10 12 1 1 10 12 1 10 12 1 1 7 1 10 12 1 7 1 10 10 12 1 9 12 1 1 11 100 1 9 9 12 1 10 12 1 8 1 8 10 12 1 1 10 12 1 7 1 10 8 10 12 1 1 10 12 1 7 1 10 10 12 1 8 1 10 7 12 1 1 1 10 12 1 1 10 12 1 1 10 7 12 1 1 1 100 1 100 1 10 12 1 10 7 1 9 12 1 7 1 7 1 10 12 1 11 10 12 1 1 10 11 12 1 1 8 1 10 12 1 10 12 1 10 12 1 1 10 12 1 1 18 12 1 1 11 100 12 1 1 1 18 12 1 11 12 1 10 100 12 1 1 10 100 12 1 1 1 10 10 12 1 9 12 7 1 10 10 12 1 1 1 5 0 1 1 1 1 1 1 1 1 1 1 1 1 1 1 1 1 1 1 1 1 1 1 1 1 1 1 1 1 1 1 1 1 1 1 1 1 1 1 1 1 1 1 1 1 1 1 1 1 1 1 1 1 1 1 1 1 1 1 1 1 1 1 1 1 1 1 1 1 1 1 1 1 1 1 1 1 1 1 1 1 1 1 1 1 1 1 1 1 1 1 1 1 1 1 1 1 100 1 100 1 1 1 1 1 1 1 1 1 1 1 1 1 1 1 1 1 1 1 1 1 1 1 1 1 1 1 1 1 1 1 1 1 1 1 1 1 1 1 1 1 1 1 1 1 1 1 1 1 1 1 1 1 1 1 1 1 1 1 1 1 1 1 1 1 1 1 1 1 1 1 1 1 1 1 1 1 1 1 1 1 1 1 100 1 1 1 1 1 1 1 1 1 1 1 1 1 1 1 1 1 1 1 1 1 1 1 1 1 1 1 1 100 100 100 100 100 1 1 1 1 1 1 1 1 1 1 1 1 1 1 1 1 1 100 1 1 1 1 1 1 1 1 100 1 100 1 100 1 100 1 100 1 100 1 100 1 1 15 10 100 12 1 1 1 16 15 10 12 15 10 12 16 16 15 10 100 1 16 1 16 1 15 10 12 16 1 1 1 1 1 1 1 1 1 1 1 1 1
staticfield java/io/ObjectStreamClass NO_FIELDS [Ljava/io/ObjectStreamField; 0 [Ljava/io/ObjectStreamField;
staticfield java/io/ObjectStreamClass serialPersistentFields [Ljava/io/ObjectStreamField; 0 [Ljava/io/ObjectStreamField;
staticfield java/io/ObjectStreamClass reflFactory Ljdk/internal/reflect/ReflectionFactory; jdk/internal/reflect/ReflectionFactory
staticfield java/io/ObjectStreamClass $assertionsDisabled Z 1
ciInstanceKlass java/io/ObjectStreamClass$Caches 1 1 44 10 100 12 1 1 1 7 1 10 9 7 12 1 1 1 7 1 10 9 12 1 1 1 1 1 1 1 1 1 1 1 1 1 100 1 1 1 100 1 1 100 1 1
staticfield java/io/ObjectStreamClass$Caches localDescs Ljava/io/ClassCache; java/io/ObjectStreamClass$Caches$1
staticfield java/io/ObjectStreamClass$Caches reflectors Ljava/io/ClassCache; java/io/ObjectStreamClass$Caches$2
instanceKlass java/io/ObjectStreamClass$Caches$2
instanceKlass java/io/ObjectStreamClass$Caches$1
ciInstanceKlass java/io/ClassCache 1 1 92 10 7 12 1 1 1 7 1 10 9 7 12 1 1 1 7 1 10 12 1 9 12 1 1 10 12 1 10 7 12 1 1 1 7 1 10 12 1 1 10 12 1 10 12 10 12 1 1 10 12 1 1 10 12 1 1 1 1 1 1 1 1 1 1 1 1 1 1 1 1 1 1 1 1 1 1 1 1 1 1 1 1 1 100 1 1 1 1 1 1 1
ciInstanceKlass java/io/ObjectStreamClass$Caches$1 1 1 39 10 7 12 1 1 1 7 1 10 12 1 10 7 12 1 1 1 1 1 1 1 1 1 1 1 1 1 1 1 1 1 1 1 100 1 1 1 1
ciInstanceKlass java/io/ClassCache$1 1 1 59 9 7 12 1 1 1 10 7 12 1 1 1 10 7 12 1 1 1 10 7 12 1 1 1 7 1 9 12 1 1 10 12 1 10 12 1 1 1 1 1 1 1 1 1 1 1 1 1 1 1 1 1 1 1 1 1 1 1
ciInstanceKlass java/io/ClassCache$CacheRef 1 1 49 10 7 12 1 1 1 9 7 12 1 1 1 9 12 1 1 1 1 1 1 1 1 1 1 1 1 1 1 1 1 1 1 1 1 1 1 1 1 1 1 1 1 1 1 100 1 1 1
instanceKlass sun/rmi/transport/ConnectionOutputStream
ciInstanceKlass sun/rmi/server/MarshalOutputStream 1 1 106 10 7 12 1 1 1 100 1 10 12 1 1 10 7 12 1 1 10 12 1 1 7 1 10 12 1 10 7 12 1 1 1 7 1 7 1 10 7 12 1 1 1 10 7 12 1 1 1 10 7 12 1 1 1 10 12 1 1 10 12 1 1 10 12 1 1 1 1 1 1 1 1 1 1 100 1 1 1 1 1 1 1 1 1 1 1 1 1 1 1 1 1 1 1 1 1 1 1 1 100 1 1 1 1 1
ciInstanceKlass sun/rmi/transport/ConnectionOutputStream 1 1 85 11 7 12 1 1 1 10 7 12 1 1 1 9 7 12 1 1 1 9 12 1 1 9 12 1 1 7 1 10 12 1 9 12 1 1 9 12 1 100 1 10 10 12 1 1 7 1 10 12 1 10 12 1 1 10 12 1 10 7 12 1 1 1 1 1 1 1 1 1 1 1 100 1 1 1 1 1 1 1 1 1 1 1 1
staticfield sun/rmi/transport/ConnectionOutputStream $assertionsDisabled Z 1
ciInstanceKlass sun/nio/ch/IOStatus 1 1 49 10 100 12 1 1 1 100 1 5 0 5 0 5 0 5 0 1 1 1 3 1 3 1 3 1 3 1 3 1 3 1 1 1 1 1 1 1 1 1 1 1 1 1 1 1 1 1 1
ciInstanceKlass jdk/internal/access/foreign/MemorySegmentProxy 0 0 98 10 100 12 1 1 1 10 100 12 1 1 1 100 1 5 0 5 0 10 12 1 1 10 100 12 1 1 1 100 1 10 12 1 100 1 5 0 5 0 10 12 1 10 12 100 1 8 1 10 12 1 1 10 100 12 1 1 1 10 12 1 1 1 1 1 1 1 1 1 1 1 1 1 1 1 1 1 1 1 1 1 1 1 1 1 1 1 1 1 1 1 1 100 1 100 1 1
ciInstanceKlass java/util/concurrent/ThreadPoolExecutor$Worker 1 1 111 9 7 12 1 1 1 10 7 12 1 1 1 10 12 1 1 9 12 1 1 10 7 12 1 1 1 11 7 12 1 1 1 9 12 1 1 10 12 1 1 10 12 1 1 10 12 1 1 10 7 12 1 1 1 10 12 1 1 10 12 1 10 12 1 1 10 12 1 10 12 1 1 10 12 1 10 12 1 100 1 100 1 1 1 1 5 0 1 1 1 1 1 1 1 1 1 1 1 1 1 1 1 1 1 1 1 1 1 1 1
ciInstanceKlass java/net/Socket$SocketOutputStream 1 1 48 10 7 12 1 1 1 9 7 12 1 1 1 9 12 1 1 10 12 1 1 10 10 100 12 1 1 1 1 1 1 1 1 1 1 1 1 1 1 100 1 1 1 1 1 1 1 1
ciInstanceKlass sun/nio/ch/NioSocketImpl$2 1 1 47 9 7 12 1 1 1 10 7 12 1 1 1 10 12 1 1 10 7 1 10 12 1 1 1 1 1 1 1 1 1 1 1 1 1 100 1 1 1 1 1 1 12 1 1 1 1
instanceKlass java/util/concurrent/locks/AbstractQueuedSynchronizer$ConditionNode
ciInstanceKlass java/util/concurrent/locks/AbstractQueuedSynchronizer$Node 1 1 84 10 7 12 1 1 1 9 7 12 1 1 1 9 7 12 1 1 1 10 7 12 1 1 1 9 12 1 9 12 1 10 12 1 1 10 12 1 1 10 12 1 1 10 12 1 8 1 10 12 1 1 8 1 8 1 1 1 1 1 1 1 1 1 1 1 1 1 1 1 1 1 1 1 1 1 1 1 1 1 1 1 1 1
staticfield java/util/concurrent/locks/AbstractQueuedSynchronizer$Node STATUS J 12
staticfield java/util/concurrent/locks/AbstractQueuedSynchronizer$Node NEXT J 20
staticfield java/util/concurrent/locks/AbstractQueuedSynchronizer$Node PREV J 16
ciInstanceKlass java/util/concurrent/locks/AbstractQueuedSynchronizer$ConditionNode 1 1 52 10 7 12 1 1 1 9 100 12 1 1 1 10 100 12 1 1 1 10 12 1 1 10 12 1 10 100 12 1 1 100 1 1 1 1 1 1 1 1 1 1 1 1 100 1 1 1 1 100 1 1
ciInstanceKlass jdk/internal/misc/ScopedMemoryAccess$Scope 0 0 28 100 1 100 1 1 1 1 1 1 1 1 1 1 1 1 1 1 100 1 1 1 100 1 1 100 1 1
ciInstanceKlass javax/management/openmbean/CompositeDataSupport 1 1 397 10 7 12 1 1 1 10 12 1 1 100 1 8 1 10 12 1 8 1 18 12 1 1 7 1 10 12 1 8 1 10 7 12 1 1 1 8 1 11 7 12 1 1 7 1 18 12 1 10 11 12 1 1 10 12 1 11 100 12 1 1 1 8 1 11 12 1 1 11 7 12 1 1 1 11 7 12 1 1 11 12 1 1 10 7 1 100 1 18 12 1 10 11 12 1 1 10 8 1 10 7 1 11 11 100 1 10 12 1 11 12 1 1 11 18 12 1 11 10 12 1 1 10 7 12 1 1 18 12 1 9 12 1 1 9 12 1 1 10 12 1 1 8 1 100 1 18 10 10 12 1 11 12 1 11 12 1 1 10 100 12 1 1 1 100 1 10 12 1 1 11 10 11 12 1 1 11 11 100 1 11 12 1 100 1 11 12 1 11 12 1 11 10 12 1 1 10 100 12 1 1 10 100 12 1 1 1 10 12 1 11 100 1 10 12 1 1 100 1 10 12 1 100 1 10 12 1 100 1 10 12 1 100 1 10 12 1 100 1 10 12 1 100 1 10 12 1 100 1 10 12 1 100 1 10 12 1 10 100 1 10 10 12 1 10 12 1 1 8 1 10 12 1 8 1 10 12 1 8 1 10 8 1 10 8 1 10 12 1 1 10 12 1 10 12 1 8 1 8 1 100 1 1 1 1 5 0 1 1 1 1 1 1 1 1 1 1 1 1 1 1 1 1 1 1 1 1 1 1 1 1 1 1 1 1 1 1 1 1 1 1 1 1 1 1 1 1 1 1 1 1 1 1 1 1 1 1 1 1 1 1 1 1 1 1 1 1 1 1 1 1 15 10 100 12 1 1 8 1 8 1 8 1 8 1 8 1 8 1 1 1 100 1 100 1 1
ciInstanceKlass java/net/SocketException 0 0 26 10 100 12 1 1 1 10 12 1 100 1 1 1 1 5 0 1 1 1 1 1 1 1 1 1
ciInstanceKlass sun/security/ssl/SSLSocketImpl 1 1 919 10 7 12 1 1 1 7 1 10 12 1 9 7 12 1 1 1 7 1 10 9 12 1 1 7 1 10 9 12 1 1 9 12 1 9 12 1 1 7 1 10 7 1 7 1 10 12 1 7 1 10 10 12 1 9 12 1 1 10 12 1 9 12 1 1 100 1 10 12 1 10 100 12 1 1 1 10 12 1 10 12 1 1 10 12 1 1 10 12 1 10 7 12 1 1 1 100 1 8 1 10 12 1 9 12 1 1 10 12 1 10 12 1 10 12 1 8 1 8 1 10 10 7 12 1 1 1 10 7 12 1 1 1 10 12 1 9 12 1 1 9 7 12 1 1 1 10 12 1 10 12 1 1 10 12 1 10 7 12 1 1 9 12 1 100 1 8 1 10 10 12 10 12 1 1 100 1 9 7 12 1 1 8 1 10 12 1 8 1 100 1 10 12 1 1 100 1 10 9 12 1 1 9 12 1 1 9 7 12 1 1 8 1 10 12 1 1 10 12 1 10 12 1 9 12 8 1 9 12 1 10 12 1 10 12 1 8 1 10 12 1 9 12 1 10 12 1 1 100 1 10 12 1 1 9 7 12 1 1 1 8 1 10 12 1 1 100 1 10 12 1 9 12 1 9 100 12 1 1 1 9 12 1 9 12 1 9 12 1 9 12 1 9 12 1 10 12 1 8 1 8 1 10 12 1 10 10 12 1 10 12 1 10 12 1 10 12 1 10 12 1 8 1 10 12 1 8 1 9 12 1 1 10 12 1 9 12 1 10 12 1 10 12 1 10 12 1 10 100 12 1 1 9 12 1 1 9 7 12 1 1 10 12 1 9 100 12 1 1 1 10 12 1 10 12 1 10 100 1 8 1 10 10 12 1 8 1 10 12 1 8 1 100 1 10 12 1 1 10 12 1 9 12 1 10 12 1 9 12 1 10 12 1 10 12 1 10 12 1 9 12 1 1 10 12 1 10 7 1 100 1 10 12 1 1 10 10 12 8 1 9 12 1 8 1 10 12 1 8 1 10 12 1 8 1 8 1 10 12 1 8 1 10 12 1 1 10 12 1 1 9 12 1 1 10 12 1 1 9 12 1 9 9 12 1 1 10 12 1 1 9 7 12 1 1 1 9 7 12 1 1 1 9 12 1 8 10 12 1 10 7 12 1 1 1 10 12 1 10 12 1 1 100 1 3 100 1 100 1 10 8 1 10 12 1 1 10 12 1 10 12 1 1 10 10 12 1 10 12 1 1 9 12 1 10 12 1 8 1 11 7 12 1 1 100 1 9 12 1 1 10 12 1 9 12 1 1 10 7 12 1 1 10 12 1 8 1 10 12 1 10 12 8 1 9 100 12 1 1 1 100 1 10 12 1 11 100 12 1 1 1 10 7 12 1 1 9 12 1 10 12 1 9 12 1 10 7 12 1 1 1 10 12 1 1 10 12 1 1 10 12 1 1 10 12 1 1 10 10 12 1 1 10 100 12 1 1 1 11 100 12 1 1 1 11 100 1 9 12 1 10 12 1 10 12 1 8 1 100 1 9 12 1 9 12 1 10 12 1 9 12 1 8 1 10 8 1 10 12 1 1 10 10 12 1 8 1 8 1 10 12 1 8 1 10 12 1 8 1 10 12 1 8 1 8 1 8 1 8 1 9 12 1 10 12 1 10 12 1 10 12 100 1 10 10 12 1 8 1 8 1 10 12 1 1 10 12 1 1 10 12 1 1 10 10 12 1 1 10 12 1 1 10 12 1 10 8 1 10 12 1 1 1 1 3 1 1 1 1 1 1 1 1 1 1 1 1 1 1 100 1 1 1 1 1 1 1 1 1 1 1 1 1 1 1 100 1 1 1 1 1 1 1 1 1 1 1 1 1 1 1 1 1 1 1 1 100 1 1 1 1 1 1 1 1 1 1 1 1 1 1 1 1 1 1 1 1 1 1 1 1 1 1 1 1 1 1 1 1 1 1 1 1 1 1 1 1 1 1 1 1 1 1 1 1 1 1 1 1 1 1 1 1 1 1 1 1 1 1 1 1 1 1 1 1 1 1 1 1 1 1 1 1 1 1 100 1 1
staticfield sun/security/ssl/SSLSocketImpl trustNameService Z 0
ciInstanceKlass sun/security/ssl/SSLSocketImpl$AppOutputStream 1 1 191 9 7 12 1 1 1 10 7 12 1 1 1 9 12 1 1 10 12 1 1 100 1 8 1 10 12 1 100 1 100 1 10 8 1 10 12 1 1 10 12 1 8 1 8 1 10 12 1 1 10 9 7 12 1 1 1 9 7 12 1 1 1 9 12 1 10 12 1 1 10 12 1 10 12 1 1 100 1 8 1 10 9 12 1 1 10 7 12 1 1 100 1 9 100 12 1 1 1 10 12 1 1 100 1 9 12 1 10 12 1 9 12 1 1 10 7 12 1 1 10 12 1 9 12 1 1 9 7 12 1 1 10 12 1 9 100 12 1 1 8 1 10 12 1 8 1 100 1 10 12 1 1 10 12 1 100 1 8 1 10 12 1 1 1 1 1 1 1 1 1 1 1 1 1 1 1 1 1 1 1 1 1 1 1 1 1 1 100 1 1
ciInstanceKlass sun/security/ssl/TransportContext 1 1 656 7 1 10 12 1 1 10 7 12 1 1 10 12 1 1 10 7 12 1 1 9 12 1 1 9 12 1 9 12 1 9 12 1 9 12 1 1 9 12 1 9 12 1 9 12 1 9 12 1 1 9 12 1 1 9 12 1 9 12 1 1 9 12 1 1 9 12 1 1 9 12 1 1 9 12 1 1 9 12 1 1 10 7 12 1 1 1 9 12 1 7 1 10 9 12 1 1 9 12 1 1 9 12 1 9 12 1 1 9 12 1 9 12 1 10 7 12 1 1 1 9 12 1 1 7 1 10 9 12 1 1 9 7 12 1 1 1 10 7 12 1 1 1 9 7 12 1 1 1 100 1 10 8 1 10 12 1 1 10 12 1 10 12 1 1 10 12 1 1 9 7 12 1 1 1 10 12 1 10 7 12 1 1 1 9 7 12 1 1 1 9 12 1 9 12 1 8 1 10 12 1 1 10 7 12 1 1 1 8 1 10 12 1 9 12 1 7 1 10 12 1 100 1 10 10 12 1 10 12 1 1 9 12 1 1 9 12 1 1 11 7 12 1 1 1 10 7 12 1 1 11 7 12 1 1 1 8 1 100 1 8 1 10 12 1 9 12 1 1 10 7 12 1 1 1 10 12 1 10 7 1 100 1 8 1 10 12 1 10 10 7 12 1 1 10 12 1 9 7 12 1 1 1 9 12 1 9 10 12 1 1 100 1 9 100 12 1 1 8 1 10 12 1 8 1 10 12 1 10 12 1 1 100 1 10 12 1 1 9 12 1 1 10 100 12 1 1 9 12 1 10 12 1 9 12 1 10 12 1 10 12 1 10 12 1 10 12 1 8 1 10 12 1 1 8 1 8 1 10 12 1 8 1 10 100 12 1 1 8 1 8 1 10 12 1 10 8 1 10 100 12 1 1 1 100 1 10 12 1 9 12 1 10 12 1 9 12 1 8 1 8 1 11 100 12 1 1 8 1 100 1 100 1 8 1 10 9 12 1 1 10 100 12 1 1 1 10 12 1 1 9 12 1 10 12 1 10 12 1 10 12 1 10 12 1 10 12 1 10 12 1 10 12 1 8 1 9 12 1 9 12 1 10 10 12 1 8 1 9 7 12 1 1 1 9 12 1 9 12 1 1 11 100 1 9 12 1 10 12 1 10 9 12 1 9 12 1 9 12 1 1 9 9 12 1 1 9 12 1 9 12 1 1 9 12 1 1 9 7 12 1 1 9 12 1 9 9 12 1 1 10 7 12 1 1 10 12 1 10 7 1 9 12 1 1 10 100 1 10 12 1 100 1 100 1 10 12 1 8 1 10 12 1 10 12 1 9 12 1 100 1 1 1 1 1 1 1 1 1 1 1 1 1 1 1 1 1 1 1 1 1 1 1 1 1 1 1 1 1 1 1 1 100 1 1 1 1 1 1 1 1 1 1 1 1 1 1 1 1 1 1 1 1 100 1 1 100 1 1 1 100 1 1 1 1
staticfield sun/security/ssl/TransportContext emptyByteArray [B 0
instanceKlass sun/security/ssl/SSLSocketOutputRecord
ciInstanceKlass sun/security/ssl/OutputRecord 1 1 367 10 7 12 1 1 1 9 7 12 1 1 1 7 1 10 9 12 1 1 9 12 1 1 9 12 1 100 1 9 12 1 1 9 12 1 1 10 12 1 9 12 1 1 10 12 1 9 12 1 9 7 12 1 1 1 10 7 12 1 1 1 100 1 10 10 12 1 9 100 12 1 1 8 1 10 12 1 8 1 100 1 10 12 1 1 10 12 1 10 12 1 8 1 9 12 1 1 10 100 12 1 1 10 12 1 1 10 12 1 9 12 1 9 12 10 12 1 10 7 12 1 1 1 10 7 12 1 1 9 7 12 1 1 9 12 1 10 12 1 1 10 12 1 10 12 1 10 12 1 8 1 10 12 1 10 12 1 1 10 12 1 1 10 7 12 1 1 1 10 12 1 1 9 12 1 1 9 12 1 10 12 1 1 10 12 1 1 10 12 1 10 12 10 12 10 12 1 10 12 1 9 12 1 9 7 12 1 1 1 9 12 1 10 12 1 10 12 10 12 1 1 10 12 9 12 1 10 12 1 9 12 1 10 100 12 1 1 1 10 12 1 1 10 12 1 10 12 10 12 1 1 10 12 9 7 12 1 1 1 9 9 12 1 1 9 12 1 9 12 1 100 1 1 1 1 1 1 1 1 1 1 1 1 100 1 1 1 1 1 1 100 1 1 1 1 1 1 1 1 1 1 1 1 1 1 1 1 1 1 1 1 1 1 1 1 1 1 1 1 1 1 1 1 1 1 1 1 1 1 1 1 1 1 1 1 1 1 1 1 1 1 1 1 1 1 1 1 1 1 1 1 1 1 1 1 1 1 1 1 1 1 1 100 1 1 1
staticfield sun/security/ssl/OutputRecord V3toV2CipherMap1 [I 11
staticfield sun/security/ssl/OutputRecord V3toV2CipherMap3 [I 11
staticfield sun/security/ssl/OutputRecord HANDSHAKE_MESSAGE_KEY_UPDATE [B 5
instanceKlass sun/security/ssl/SSLCipher$T13GcmWriteCipherGenerator$GcmWriteCipher
instanceKlass sun/security/ssl/SSLCipher$NullWriteCipherGenerator$NullWriteCipher
ciInstanceKlass sun/security/ssl/SSLCipher$SSLWriteCipher 1 1 89 10 7 12 1 1 1 9 7 12 1 1 1 9 12 1 1 9 12 1 1 9 12 1 1 9 7 12 1 1 1 10 7 12 1 1 1 9 7 12 1 1 10 12 1 1 100 1 100 1 8 1 10 12 1 10 12 1 1 1 1 1 1 1 1 1 1 1 1 1 1 1 1 1 1 1 1 1 1 1 1 1 1 1 1 1 1 1 1
ciInstanceKlass sun/security/ssl/SSLSessionImpl 1 1 903 10 7 12 1 1 1 9 7 12 1 1 1 9 12 1 1 10 7 12 1 1 1 9 12 1 9 12 1 1 7 1 10 9 12 1 1 9 12 1 9 7 12 1 1 1 9 12 1 7 1 10 9 12 1 1 8 1 10 7 12 1 1 1 9 12 1 9 7 12 1 1 1 9 12 1 9 7 12 1 1 1 9 12 1 7 1 10 12 1 9 12 1 1 9 12 1 1 9 12 1 10 7 12 1 1 1 9 12 1 1 9 12 1 1 10 12 1 1 9 12 1 1 9 12 1 9 12 1 9 12 1 7 1 10 9 12 1 1 9 7 12 1 1 1 10 100 12 1 1 1 10 12 1 10 12 1 9 12 1 9 12 1 1 9 7 12 1 1 1 11 7 12 1 1 1 11 12 1 1 9 12 7 1 10 12 1 10 12 1 1 9 12 1 10 12 1 11 7 12 1 1 1 9 12 1 1 9 7 12 1 1 9 12 1 1 9 7 12 1 1 1 11 7 12 1 1 1 9 12 1 10 12 1 1 9 9 7 12 1 1 8 1 10 12 1 100 1 10 8 1 10 12 1 1 10 12 1 10 12 1 100 1 10 12 1 1 10 12 1 1 10 10 9 12 1 10 10 12 1 1 9 12 1 1 10 12 1 10 12 1 9 12 1 1 9 12 1 9 12 1 9 12 1 9 12 1 1 9 12 1 10 100 12 1 1 1 10 100 12 1 1 1 10 12 1 1 10 12 1 10 10 12 1 10 100 12 1 1 10 7 12 1 1 10 12 1 1 10 12 1 10 12 1 10 12 1 100 1 8 1 10 12 1 9 12 1 9 12 1 1 100 1 10 12 1 100 1 10 10 12 1 11 10 12 1 10 12 1 10 100 1 100 1 10 100 1 100 1 10 12 1 100 1 8 1 10 10 12 1 1 100 1 11 100 12 1 1 1 8 1 8 1 10 12 1 8 1 100 1 10 12 1 9 12 1 10 12 1 1 9 11 100 1 10 12 1 11 12 1 1 11 100 12 1 1 11 12 1 1 9 11 12 1 10 12 1 10 12 1 10 12 1 10 12 1 10 100 1 11 11 10 12 1 100 1 10 12 1 1 10 12 1 1 10 12 1 10 12 1 10 12 1 100 10 10 12 1 11 7 1 9 12 1 10 12 1 9 12 1 10 12 1 1 10 12 1 10 12 1 9 12 1 1 9 12 1 1 11 12 1 9 12 1 10 12 1 10 10 12 1 11 100 1 10 12 1 10 12 1 10 12 1 1 100 1 8 1 10 10 100 12 1 1 1 8 1 10 12 1 1 9 12 1 9 10 12 1 10 12 1 1 10 12 1 100 1 8 1 10 10 100 12 1 100 1 10 12 10 10 12 1 1 10 12 1 1 10 100 12 1 1 1 100 1 10 12 1 1 8 1 11 100 1 8 1 10 100 1 10 12 1 10 12 1 1 100 1 100 1 10 12 1 11 12 1 1 11 12 1 9 12 1 8 1 10 10 12 10 12 1 10 12 1 1 11 100 12 1 1 11 12 1 10 12 1 10 10 12 1 10 12 1 1 100 1 9 12 1 10 12 1 1 100 1 100 1 3 10 12 1 100 1 10 12 1 1 8 1 10 12 1 8 1 10 12 1 8 1 9 12 1 1 9 12 1 9 12 1 10 7 12 1 1 1 1 1 1 1 1 1 3 1 1 1 1 1 1 1 1 1 1 1 1 1 1 1 1 1 1 1 1 1 1 1 1 1 1 1 1 1 1 1 1 1 1 1 1 1 1 1 1 1 1 1 1 1 1 1 1 1 1 1 1 1 100 1 1 1 1 1 1 1 1 1 1 1 1 1 1 1 1 1 1 1 1 1 1 1 1 1 1 1 1 1 1 1 1 1 1 1 1 1 1 1 1 1 1 1 1 1 1 1 100 1 1 1 1 1 1 1 1 1 1 1 1 1 1 1 1 1 1 1 1 1 1 1 1 1 1 1 1 1 1 1 1 1 1 1 1 1 1 1 1 1 1 1 1 1 1 1 1 1
staticfield sun/security/ssl/SSLSessionImpl defaultPeerSupportedSignAlgs Ljava/util/ArrayList; java/util/ArrayList
ciMethodData java/util/Objects checkFromIndexSize (III)I 2 25302 orig 80 0 0 0 0 0 0 0 0 0 0 0 0 0 0 0 0 0 0 0 0 0 0 0 0 0 0 0 0 0 0 0 0 0 0 0 0 0 0 0 0 0 0 0 0 0 0 0 0 0 0 0 0 0 0 0 0 0 0 0 0 0 0 0 0 0 0 0 0 0 0 0 0 0 0 0 0 0 0 0 0 data 13 0x40002 0x60d7 0x0 0x0 0x0 0x0 0x0 0x0 0x9 0x3 0x0 0x0 0x0 oops 0 methods 0
ciMethodData jdk/internal/util/Preconditions checkFromIndexSize (IIILjava/util/function/BiFunction;)I 2 25798 orig 80 0 0 0 0 0 0 0 0 0 0 0 0 0 0 0 0 0 0 0 0 0 0 0 0 0 0 0 0 0 0 0 0 0 0 0 0 0 0 0 0 0 0 0 0 0 0 0 0 0 0 0 0 0 0 0 0 0 0 0 0 0 0 0 0 0 0 0 0 0 0 0 0 0 0 0 0 0 0 0 0 data 22 0x50007 0x8 0x40 0x62bf 0xc0007 0x62bf 0x30 0x0 0x130002 0x8 0x0 0x0 0x0 0x0 0x0 0x0 0x9 0x4 0x0 0x0 0x0 0x0 oops 0 methods 0
ciMethodData jdk/internal/util/Preconditions outOfBoundsCheckFromIndexSize (Ljava/util/function/BiFunction;III)Ljava/lang/RuntimeException; 1 8 orig 80 0 0 0 0 0 0 0 0 0 0 0 0 0 0 0 0 0 0 0 0 0 0 0 0 0 0 0 0 0 0 0 0 0 0 0 0 0 0 0 0 0 0 0 0 0 0 0 0 0 0 0 0 0 0 0 0 0 0 0 0 0 0 0 0 0 0 0 0 0 0 0 0 0 0 0 0 0 0 0 0 data 41 0xa0002 0x8 0xd0004 0x0 0x0 0x26ddc0484c0 0x8 0x0 0x0 0x110002 0x8 0x140004 0x0 0x0 0x26ddc0484c0 0x8 0x0 0x0 0x180002 0x8 0x1b0004 0x0 0x0 0x26ddc0484c0 0x8 0x0 0x0 0x1c0002 0x8 0x0 0x0 0x0 0x0 0x0 0x0 0x9 0x4 0xffffffffffffffff 0x0 0x0 0x0 oops 3 5 java/lang/Integer 14 java/lang/Integer 23 java/lang/Integer methods 0
ciMethodData java/lang/ref/Reference reachabilityFence (Ljava/lang/Object;)V 2 78309 orig 80 0 0 0 0 0 0 0 0 0 0 0 0 252 127 0 0 0 0 0 0 0 0 0 0 0 0 0 0 0 0 0 0 0 0 0 0 0 0 0 0 0 0 0 0 0 0 0 0 0 0 0 0 0 0 0 0 0 0 0 0 0 0 0 0 0 0 0 0 0 0 0 0 0 0 0 0 0 0 0 0 data 4 0x0 0x9 0x1 0x0 oops 0 methods 0
ciMethodData java/nio/Buffer scope ()Ljdk/internal/misc/ScopedMemoryAccess$Scope; 2 32787 orig 80 0 0 0 0 0 0 0 0 0 0 0 0 252 127 0 0 0 0 0 0 0 0 0 0 0 0 0 0 0 0 0 0 0 0 0 0 0 0 0 0 0 0 0 0 0 0 0 0 0 0 0 0 0 0 0 0 0 0 0 0 0 0 0 0 0 0 0 0 0 0 0 0 0 0 0 0 0 0 0 0 data 20 0x40007 0x7ecd 0x58 0x0 0xb0005 0x0 0x0 0x0 0x0 0x0 0x0 0x0 0x0 0x0 0x0 0x0 0x0 0x9 0x1 0x0 oops 0 methods 0
ciMethodData java/nio/Buffer checkIndex (I)I 2 2077 orig 80 0 0 0 0 0 0 0 0 0 0 0 0 252 127 0 0 0 0 0 0 0 0 0 0 0 0 0 0 0 0 0 0 0 0 0 0 0 0 0 0 0 0 0 0 0 0 0 0 0 0 0 0 0 0 0 0 0 0 0 0 0 0 0 0 0 0 0 0 0 0 0 0 0 0 0 0 0 0 0 0 data 18 0x10007 0x0 0x40 0x69a 0x90007 0x69a 0x30 0x0 0x100002 0x0 0x0 0x0 0x0 0x0 0x9 0x2 0x0 0x0 oops 0 methods 0
ciMethodData java/nio/DirectByteBuffer ix (I)J 2 1654 orig 80 0 0 0 0 0 0 0 0 0 0 0 0 252 127 0 0 0 0 0 0 0 0 0 0 0 0 0 0 0 0 0 0 0 0 0 0 0 0 0 0 0 0 0 0 0 0 0 0 0 0 0 0 0 0 0 0 0 0 0 0 0 0 0 0 0 0 0 0 0 0 0 0 0 0 0 0 0 0 0 0 data 7 0x0 0x0 0x0 0x9 0x2 0x0 0x0 oops 0 methods 0
ciMethodData java/lang/ref/Reference <init> (Ljava/lang/Object;Ljava/lang/ref/ReferenceQueue;)V 2 12583 orig 80 0 0 0 0 0 0 0 0 0 0 0 0 252 127 0 0 0 0 0 0 0 0 0 0 0 0 0 0 0 0 0 0 0 0 0 0 0 0 0 0 0 0 0 0 0 0 0 0 0 0 0 0 0 0 0 0 0 0 0 0 0 0 0 0 0 0 0 0 0 0 0 0 0 0 0 0 0 0 0 0 data 20 0x10002 0x3027 0xb0007 0x26ab 0x38 0x97c 0x110003 0x97c 0x18 0x0 0x0 0x0 0x0 0x0 0x0 0x9 0x3 0x6 0x0 0x0 oops 0 methods 0
ciMethodData java/nio/Buffer position (I)Ljava/nio/Buffer; 2 5387 orig 80 0 0 0 0 0 0 0 0 0 0 0 0 252 127 0 0 0 0 0 0 0 0 0 0 0 0 0 0 0 0 0 0 0 0 0 0 0 0 0 0 0 0 0 0 0 0 0 0 0 0 0 0 0 0 0 0 0 0 0 0 0 0 0 0 0 0 0 0 0 0 0 0 0 0 0 0 0 0 0 0 data 39 0x50007 0x1401 0x38 0x0 0x90003 0x0 0x18 0xe0007 0x1401 0x38 0x0 0x120003 0x0 0x18 0x170007 0x1401 0x58 0x0 0x1c0005 0x0 0x0 0x0 0x0 0x0 0x0 0x250007 0x13f3 0x20 0xe 0x0 0x0 0x0 0x0 0x0 0x0 0x9 0x2 0x0 0x0 oops 0 methods 0
ciMethodData java/nio/ByteBuffer position (I)Ljava/nio/ByteBuffer; 2 20063 orig 80 0 0 0 0 0 0 0 0 0 0 0 0 252 127 0 0 0 0 0 0 0 0 0 0 0 0 0 0 0 0 0 0 0 0 0 0 0 0 0 0 0 0 0 0 0 0 0 0 0 0 0 0 0 0 0 0 0 0 0 0 0 0 0 0 0 0 0 0 0 0 0 0 0 0 0 0 0 0 0 0 data 9 0x20002 0x4d5f 0x0 0x0 0x0 0x9 0x2 0x0 0x0 oops 0 methods 0
ciMethodData java/lang/ref/Reference refersTo (Ljava/lang/Object;)Z 2 17634 orig 80 0 0 0 0 0 0 0 0 0 0 0 0 252 127 0 0 0 0 0 0 0 0 0 0 0 0 0 0 0 0 0 0 0 0 0 0 0 0 0 0 0 0 0 0 0 0 0 0 0 0 0 0 0 0 0 0 0 0 0 0 0 0 0 0 0 0 0 0 0 0 0 0 0 0 0 0 0 0 0 0 data 17 0x20005 0x1485 0x0 0x2723e2943a0 0x695 0x26e508d90e0 0x28c7 0x0 0x0 0x0 0x0 0x0 0x0 0x9 0x2 0xffffffffffffffff 0xffffffffffffffff oops 2 3 java/util/WeakHashMap$Entry 5 java/lang/ThreadLocal$ThreadLocalMap$Entry methods 0
ciMethodData java/lang/ref/Reference refersToImpl (Ljava/lang/Object;)Z 2 12181 orig 80 0 0 0 0 0 0 0 0 0 0 0 0 252 127 0 0 0 0 0 0 0 0 0 0 0 0 0 0 0 0 0 0 0 0 0 0 0 0 0 0 0 0 0 0 0 0 0 0 0 0 0 0 0 0 0 0 0 0 0 0 0 0 0 0 0 0 0 0 0 0 0 0 0 0 0 0 0 0 0 0 data 17 0x20005 0x2e94 0x0 0x0 0x0 0x0 0x0 0x0 0x0 0x0 0x0 0x0 0x0 0x9 0x2 0x0 0x0 oops 0 methods 0
ciMethodData java/nio/Buffer limit (I)Ljava/nio/Buffer; 2 5425 orig 80 0 0 0 0 0 0 0 0 0 0 0 0 252 127 0 0 0 0 0 0 0 0 0 0 0 0 0 0 0 0 0 0 0 0 0 0 0 0 0 0 0 0 0 0 0 0 0 0 0 0 0 0 0 0 0 0 0 0 0 0 0 0 0 0 0 0 0 0 0 0 0 0 0 0 0 0 0 0 0 0 data 43 0x50007 0x142d 0x38 0x0 0x90003 0x0 0x18 0xe0007 0x142d 0x38 0x0 0x120003 0x0 0x18 0x170007 0x142d 0x58 0x0 0x1c0005 0x0 0x0 0x0 0x0 0x0 0x0 0x2a0007 0x13fc 0x20 0x31 0x370007 0x142d 0x20 0x0 0x0 0x0 0x0 0x0 0x0 0x0 0x9 0x2 0x1e 0x0 oops 0 methods 0
ciMethodData java/lang/ThreadLocal getMap (Ljava/lang/Thread;)Ljava/lang/ThreadLocal$ThreadLocalMap; 2 5484 orig 80 0 0 0 0 0 0 0 0 0 0 0 0 252 127 0 0 0 0 0 0 0 0 0 0 0 0 0 0 0 0 0 0 0 0 0 0 0 0 0 0 0 0 0 0 0 0 0 0 0 0 0 0 0 0 0 0 0 0 0 0 0 0 0 0 0 0 0 0 0 0 0 0 0 0 0 0 0 0 0 0 data 6 0x0 0x0 0x9 0x2 0x0 0x0 oops 0 methods 0
ciMethodData java/lang/ThreadLocal get ()Ljava/lang/Object; 2 5397 orig 80 0 0 0 0 0 0 0 0 0 0 0 0 252 127 0 0 0 0 0 0 0 0 0 0 0 0 0 0 0 0 0 0 0 0 0 0 0 0 0 0 0 0 0 0 0 0 0 0 0 0 0 0 0 0 0 0 0 0 0 0 0 0 0 0 0 0 0 0 0 0 0 0 0 0 0 0 0 0 0 0 data 40 0x2 0x1415 0x60005 0xb42 0x0 0x26e508d9750 0x110 0x26e508d5e10 0x7c3 0xb0007 0x2 0x78 0x1413 0x100005 0x1413 0x0 0x0 0x0 0x0 0x0 0x150007 0x16 0x20 0x13fd 0x220005 0x18 0x0 0x0 0x0 0x0 0x0 0x0 0x0 0x0 0x0 0x0 0x0 0x9 0x1 0x0 oops 2 5 sun/nio/fs/NativeBuffers$1 7 sun/nio/ch/Util$1 methods 0
ciMethodData java/lang/ThreadLocal$ThreadLocalMap getEntry (Ljava/lang/ThreadLocal;)Ljava/lang/ThreadLocal$ThreadLocalMap$Entry; 2 5393 orig 80 0 0 0 0 0 0 0 0 0 0 0 0 0 0 0 0 0 0 0 0 0 0 0 0 0 0 0 0 0 0 0 0 0 0 0 0 0 0 0 0 0 0 0 0 0 0 0 0 0 0 0 0 0 0 0 0 0 0 0 0 0 0 0 0 0 0 0 0 0 0 0 0 0 0 0 0 0 0 0 0 data 32 0x150007 0x16 0x78 0x13fd 0x1a0005 0x13fd 0x0 0x0 0x0 0x0 0x0 0x1d0007 0x0 0x20 0x13fd 0x260005 0x16 0x0 0x0 0x0 0x0 0x0 0x0 0x0 0x0 0x0 0x0 0x0 0x9 0x2 0x0 0x0 oops 0 methods 0
ciMethodData java/lang/ThreadLocal setInitialValue ()Ljava/lang/Object; 1 35 orig 80 0 0 0 0 0 0 0 0 0 0 0 0 0 0 0 0 0 0 0 0 0 0 0 0 0 0 0 0 0 0 0 0 0 0 0 0 0 0 0 0 0 0 0 0 0 0 0 0 0 0 0 0 0 0 0 0 0 0 0 0 0 0 0 0 0 0 0 0 0 0 0 0 0 0 0 0 0 0 0 0 data 66 0x10005 0x18 0x0 0x26e508d5e10 0x4 0x26eecd1c9d0 0x3 0x50002 0x1f 0xb0005 0x18 0x0 0x26e508d5e10 0x4 0x26eecd1c9d0 0x3 0x100007 0x2 0x70 0x1d 0x160005 0x1d 0x0 0x0 0x0 0x0 0x0 0x190003 0x1d 0x50 0x1f0005 0x0 0x0 0x26e508d5e10 0x1 0x26eecd1ca80 0x1 0x230004 0xffffffffffffffe5 0x0 0x26e508d5e10 0x4 0x26eecd1c9d0 0x3 0x260007 0x1b 0x68 0x4 0x2a0004 0x0 0x0 0x26e508d5e10 0x4 0x0 0x0 0x2d0002 0x4 0x0 0x0 0x0 0x0 0x0 0x0 0x9 0x1 0xffffffffffffffff oops 9 3 sun/nio/ch/Util$1 5 jdk/internal/misc/TerminatingThreadLocal$1 12 sun/nio/ch/Util$1 14 jdk/internal/misc/TerminatingThreadLocal$1 33 sun/nio/ch/Util$1 35 java/lang/ThreadLocal$SuppliedThreadLocal 40 sun/nio/ch/Util$1 42 jdk/internal/misc/TerminatingThreadLocal$1 51 sun/nio/ch/Util$1 methods 0
ciMethod sun/nio/ch/NioSocketImpl isOpen ()Z 414 0 1755 0 -1
ciMethod sun/nio/ch/NioSocketImpl ensureOpenAndConnected ()V 512 0 3803 0 0
ciMethod sun/nio/ch/NioSocketImpl park (Ljava/io/FileDescriptor;I)V 0 0 1 0 -1
ciMethod sun/nio/ch/NioSocketImpl beginWrite ()Ljava/io/FileDescriptor; 768 0 1833 0 0
ciMethod sun/nio/ch/NioSocketImpl endWrite (Z)V 768 0 1833 0 0
ciMethod sun/nio/ch/NioSocketImpl tryWrite (Ljava/io/FileDescriptor;[BII)I 768 0 1833 0 0
ciMethod sun/nio/ch/NioSocketImpl implWrite ([BII)I 768 0 1833 0 0
ciMethod sun/nio/ch/NioSocketImpl write ([BII)V 512 512 1833 0 0
ciMethod sun/nio/ch/NioSocketImpl tryFinishClose ()V 0 0 1 0 -1
ciMethod sun/nio/ch/SocketDispatcher write (Ljava/io/FileDescriptor;JI)I 512 0 1833 0 0
ciMethod sun/nio/ch/SocketDispatcher write0 (Ljava/io/FileDescriptor;JI)I 1026 0 513 0 -1
ciMethod sun/nio/ch/NativeDispatcher write (Ljava/io/FileDescriptor;JI)I 0 0 1 0 -1
ciMethod sun/nio/ch/NativeThread current ()J 258 0 3527 0 0
ciMethod sun/nio/ch/Util isBufferTooLarge (I)Z 512 0 12596 0 0
ciMethod sun/nio/ch/Util isBufferTooLarge (Ljava/nio/ByteBuffer;)Z 516 0 6298 0 0
ciMethod sun/nio/ch/Util getTemporaryDirectBuffer (I)Ljava/nio/ByteBuffer; 514 0 6298 0 0
ciMethod sun/nio/ch/Util offerFirstTemporaryDirectBuffer (Ljava/nio/ByteBuffer;)V 516 0 6298 0 0
ciMethod sun/nio/ch/Util free (Ljava/nio/ByteBuffer;)V 0 0 1 0 0
ciMethod sun/nio/ch/Util$BufferCache next (I)I 512 0 5378 0 0
ciMethod sun/nio/ch/Util$BufferCache get (I)Ljava/nio/ByteBuffer; 518 0 5381 0 544
ciMethod sun/nio/ch/Util$BufferCache offerFirst (Ljava/nio/ByteBuffer;)Z 516 0 6298 0 0
ciMethod sun/nio/ch/Util$BufferCache isEmpty ()Z 6 0 4 0 0
ciMethod sun/nio/ch/Util$BufferCache removeFirst ()Ljava/nio/ByteBuffer; 0 0 1 0 0
ciMethod java/lang/AssertionError <init> ()V 0 0 1 0 -1
ciMethodData java/lang/ref/Reference <init> (Ljava/lang/Object;)V 2 2442 orig 80 0 0 0 0 0 0 0 0 0 0 0 0 252 127 0 0 0 0 0 0 0 0 0 0 0 0 0 0 0 0 0 0 0 0 0 0 0 0 0 0 0 0 0 0 0 0 0 0 0 0 0 0 0 0 0 0 0 0 0 0 0 0 0 0 0 0 0 0 0 0 0 0 0 0 0 0 0 0 0 0 data 8 0x30002 0x809 0x0 0x0 0x9 0x2 0x6 0x0 oops 0 methods 0
ciMethodData java/util/WeakHashMap get (Ljava/lang/Object;)Ljava/lang/Object; 1 550 orig 80 0 0 0 0 0 0 0 0 0 0 0 0 0 0 0 0 0 0 0 0 0 0 0 0 0 0 0 0 0 0 0 0 0 0 0 0 0 0 0 0 0 0 0 0 0 0 0 0 0 0 0 0 0 0 0 0 0 0 0 0 0 0 0 0 0 0 0 0 0 0 0 0 0 0 0 0 0 0 0 0 data 50 0x10002 0xcd 0x70005 0xcd 0x0 0x0 0x0 0x0 0x0 0xc0005 0xcd 0x0 0x0 0x0 0x0 0x0 0x150002 0xcd 0x230007 0x3c 0xb0 0x9b 0x2c0007 0xa 0x78 0x91 0x330005 0x91 0x0 0x0 0x0 0x0 0x0 0x360007 0x0 0x20 0x91 0x460003 0xa 0xffffffffffffff68 0x0 0x0 0x0 0x0 0x0 0x0 0x9 0x2 0x0 0x0 oops 0 methods 0
ciMethodData java/lang/ref/WeakReference <init> (Ljava/lang/Object;)V 1 761 orig 80 0 0 0 0 0 0 0 0 0 0 0 0 0 0 0 0 0 0 0 0 0 0 0 0 0 0 0 0 0 0 0 0 0 0 0 0 0 0 0 0 0 0 0 0 0 0 0 0 0 0 0 0 0 0 0 0 0 0 0 0 0 0 0 0 0 0 0 0 0 0 0 0 0 0 0 0 0 0 0 0 data 8 0x20002 0x25e 0x0 0x0 0x9 0x2 0x6 0x0 oops 0 methods 0
ciMethod sun/rmi/transport/Target getStub ()Ljava/rmi/Remote; 4 0 2 0 -1
ciMethod sun/rmi/transport/WeakRef <init> (Ljava/lang/Object;)V 4 0 2 0 -1
ciMethod sun/rmi/transport/WeakRef setHashValue (Ljava/lang/Object;)V 10 0 5 0 -1
ciMethod sun/rmi/transport/ObjectTable getTarget (Ljava/rmi/Remote;)Lsun/rmi/transport/Target; 4 0 2 0 -1
ciMethod java/io/ObjectOutputStream replaceObject (Ljava/lang/Object;)Ljava/lang/Object; 0 0 1 0 -1
ciMethod java/io/ObjectOutputStream writeObject0 (Ljava/lang/Object;Z)V 788 0 10676 0 -1
ciMethod java/io/ObjectOutputStream writeNull ()V 290 0 5309 0 0
ciMethod java/io/ObjectOutputStream writeHandle (I)V 432 0 7780 0 -1
ciMethod java/io/ObjectOutputStream writeClass (Ljava/lang/Class;Z)V 0 0 1 0 -1
ciMethod java/io/ObjectOutputStream writeClassDesc (Ljava/io/ObjectStreamClass;Z)V 344 0 7338 0 -1
ciMethod java/io/ObjectOutputStream writeString (Ljava/lang/String;Z)V 206 0 4849 0 -1
ciMethod java/io/ObjectOutputStream writeArray (Ljava/lang/Object;Ljava/io/ObjectStreamClass;Z)V 4 0 3 0 -1
ciMethod java/io/ObjectOutputStream writeEnum (Ljava/lang/Enum;Ljava/io/ObjectStreamClass;Z)V 0 0 1 0 -1
ciMethod java/io/ObjectOutputStream writeOrdinaryObject (Ljava/lang/Object;Ljava/io/ObjectStreamClass;Z)V 184 0 2424 0 -1
ciMethod java/io/ObjectOutputStream writeExternalData (Ljava/io/Externalizable;)V 0 0 1 0 -1
ciMethod java/io/ObjectOutputStream writeRecordData (Ljava/lang/Object;Ljava/io/ObjectStreamClass;)V 0 0 1 0 -1
ciMethod java/io/ObjectOutputStream writeSerialData (Ljava/lang/Object;Ljava/io/ObjectStreamClass;)V 458 740 2424 0 -1
ciMethod java/io/ObjectOutputStream$BlockDataOutputStream setBlockDataMode (Z)Z 660 0 32146 0 1664
ciMethod java/io/ObjectOutputStream$BlockDataOutputStream write ([BIIZ)V 148 4 1043 0 -1
ciMethod java/io/ObjectOutputStream$BlockDataOutputStream drain ()V 584 0 5417 0 1504
ciMethod java/io/ObjectOutputStream$BlockDataOutputStream writeBlockHeader (I)V 56 0 1047 0 0
ciMethod java/io/ObjectOutputStream$BlockDataOutputStream writeByte (I)V 624 0 5462 0 192
ciMethod java/io/ObjectOutputStream$BlockDataOutputStream writeInt (I)V 532 0 5395 0 -1
ciMethod java/io/ObjectOutputStream$BlockDataOutputStream writeBooleans ([ZII)V 0 0 1 0 -1
ciMethod java/io/ObjectOutputStream$BlockDataOutputStream writeChars ([CII)V 0 0 1 0 -1
ciMethod java/io/ObjectOutputStream$BlockDataOutputStream writeShorts ([SII)V 0 0 1 0 -1
ciMethod java/io/ObjectOutputStream$BlockDataOutputStream writeInts ([III)V 0 0 1 0 -1
ciMethod java/io/ObjectOutputStream$BlockDataOutputStream writeFloats ([FII)V 0 0 1 0 -1
ciMethod java/io/ObjectOutputStream$BlockDataOutputStream writeLongs ([JII)V 0 0 1 0 -1
ciMethod java/io/ObjectOutputStream$BlockDataOutputStream writeDoubles ([DII)V 0 0 1 0 -1
ciMethod java/io/ObjectOutputStream$BlockDataOutputStream getUTFLength (Ljava/lang/String;)J 238 4332 983 0 -1
ciMethod java/io/ObjectOutputStream$BlockDataOutputStream writeUTF (Ljava/lang/String;J)V 550 0 5425 0 -1
ciMethod java/io/ObjectOutputStream$BlockDataOutputStream writeLongUTF (Ljava/lang/String;J)V 0 0 1 0 -1
ciMethod java/io/ObjectOutputStream$HandleTable assign (Ljava/lang/Object;)I 552 0 5409 0 -1
ciMethod java/io/ObjectOutputStream$HandleTable lookup (Ljava/lang/Object;)I 940 398 5670 0 512
ciMethod java/io/ObjectOutputStream$HandleTable hash (Ljava/lang/Object;)I 628 0 8377 0 0
ciMethod java/io/ObjectOutputStream$ReplaceTable assign (Ljava/lang/Object;Ljava/lang/Object;)V 2 0 1 0 -1
ciMethod java/io/ObjectOutputStream$ReplaceTable lookup (Ljava/lang/Object;)Ljava/lang/Object; 788 0 10721 0 0
ciMethod java/io/Bits putInt ([BII)V 788 0 1434 0 -1
ciMethod java/io/ObjectStreamClass forClass ()Ljava/lang/Class; 790 0 5536 0 -1
ciMethod java/io/ObjectStreamClass lookup (Ljava/lang/Class;Z)Ljava/io/ObjectStreamClass; 402 0 5067 0 -1
ciMethod java/io/ObjectStreamClass requireInitialized ()V 516 0 43161 0 -1
ciMethod java/io/ObjectStreamClass checkSerialize ()V 458 0 2424 0 -1
ciMethod java/io/ObjectStreamClass isProxy ()Z 270 0 2810 0 -1
ciMethod java/io/ObjectStreamClass isRecord ()Z 524 0 3426 0 -1
ciMethod java/io/ObjectStreamClass isExternalizable ()Z 550 0 3426 0 -1
ciMethod java/io/ObjectStreamClass hasWriteReplaceMethod ()Z 302 0 4038 0 -1
ciMethod java/io/ObjectStreamClass invokeWriteReplace (Ljava/lang/Object;)Ljava/lang/Object; 0 0 1 0 -1
ciMethod java/io/ClassCache get (Ljava/lang/Class;)Ljava/lang/Object; 472 0 5384 0 -1
ciMethod java/io/ClassCache processQueue ()V 728 0 5384 0 -1
ciMethod java/io/ClassCache$CacheRef getType ()Ljava/lang/Class; 0 0 1 0 -1
ciMethod java/io/ClassCache$CacheRef getStrong ()Ljava/lang/Object; 270 0 135 0 -1
ciMethod java/io/ClassCache$CacheRef clearStrong ()V 64 0 32 0 -1
ciMethod sun/rmi/server/MarshalOutputStream replaceObject (Ljava/lang/Object;)Ljava/lang/Object; 512 0 4037 0 -1
ciMethodData java/lang/ThreadLocal$ThreadLocalMap getEntryAfterMiss (Ljava/lang/ThreadLocal;ILjava/lang/ThreadLocal$ThreadLocalMap$Entry;)Ljava/lang/ThreadLocal$ThreadLocalMap$Entry; 1 31 orig 80 0 0 0 0 0 0 0 0 0 0 0 0 0 0 0 0 0 0 0 0 0 0 0 0 0 0 0 0 0 0 0 0 0 0 0 0 0 0 0 0 0 0 0 0 0 0 0 0 0 0 0 0 0 0 0 0 0 0 0 0 0 0 0 0 0 0 0 0 0 0 0 0 0 0 0 0 0 0 0 0 data 53 0xc0007 0x1c 0x148 0x0 0x110005 0x0 0x0 0x0 0x0 0x0 0x0 0x140007 0x0 0x20 0x0 0x1b0005 0x0 0x0 0x0 0x0 0x0 0x0 0x1e0007 0x0 0x70 0x0 0x230005 0x0 0x0 0x0 0x0 0x0 0x0 0x270003 0x0 0x28 0x2d0002 0x0 0x360003 0x0 0xfffffffffffffed0 0x0 0x0 0x0 0x0 0x0 0x0 0x9 0x4 0x6 0xffffffffffffffff 0x0 0xffffffffffffffff oops 0 methods 0
ciMethod sun/nio/ch/IOStatus okayToRetry (J)Z 514 0 2010 0 0
ciMethodData jdk/internal/misc/Unsafe checkPrimitivePointer (Ljava/lang/Object;J)V 2 10793 orig 80 0 0 0 0 0 0 0 0 0 0 0 0 252 127 0 0 0 0 0 0 0 0 0 0 0 0 0 0 0 0 0 0 0 0 0 0 0 0 0 0 0 0 0 0 0 0 0 0 0 0 0 0 0 0 0 0 0 0 0 0 0 0 0 0 0 0 0 0 0 0 0 0 0 0 0 0 0 0 0 0 data 37 0x30005 0x2923 0x0 0x0 0x0 0x0 0x0 0x70007 0x1479 0x90 0x14aa 0xc0005 0x14aa 0x0 0x0 0x0 0x0 0x0 0xf0005 0x14aa 0x0 0x0 0x0 0x0 0x0 0x0 0x0 0x0 0x0 0x0 0x0 0x9 0x4 0x0 0x0 0x0 0x0 oops 0 methods 0
ciMethodData java/nio/ByteBuffer limit (I)Ljava/nio/ByteBuffer; 2 19950 orig 80 0 0 0 0 0 0 0 0 0 0 0 0 252 127 0 0 0 0 0 0 0 0 0 0 0 0 0 0 0 0 0 0 0 0 0 0 0 0 0 0 0 0 0 0 0 0 0 0 0 0 0 0 0 0 0 0 0 0 0 0 0 0 0 0 0 0 0 0 0 0 0 0 0 0 0 0 0 0 0 0 data 9 0x20002 0x4cbc 0x0 0x0 0x0 0x9 0x2 0x0 0x0 oops 0 methods 0
ciMethodData java/nio/MappedByteBuffer position (I)Ljava/nio/MappedByteBuffer; 2 10756 orig 80 0 0 0 0 0 0 0 0 0 0 0 0 252 127 0 0 0 0 0 0 0 0 0 0 0 0 0 0 0 0 0 0 0 0 0 0 0 0 0 0 0 0 0 0 0 0 0 0 0 0 0 0 0 0 0 0 0 0 0 0 0 0 0 0 0 0 0 0 0 0 0 0 0 0 0 0 0 0 0 0 data 9 0x20002 0x2903 0x0 0x0 0x0 0x9 0x2 0x0 0x0 oops 0 methods 0
ciMethod jdk/internal/access/foreign/MemorySegmentProxy scope ()Ljdk/internal/misc/ScopedMemoryAccess$Scope; 0 0 1 0 -1
ciMethod java/net/Socket$SocketOutputStream write ([BII)V 512 0 1833 0 0
ciMethod sun/nio/ch/NioSocketImpl$2 write ([BII)V 512 0 1833 0 0
ciMethod java/util/concurrent/locks/AbstractQueuedSynchronizer$Node getAndUnsetStatus (I)I 0 0 1 0 -1
ciMethod jdk/internal/misc/ScopedMemoryAccess$Scope checkValidState ()V 0 0 1 0 -1
ciMethod jdk/internal/misc/ScopedMemoryAccess$Scope ownerThread ()Ljava/lang/Thread; 0 0 1 0 -1
ciMethodData sun/nio/ch/Util isBufferTooLarge (I)Z 2 12596 orig 80 0 0 0 0 0 0 0 0 0 0 0 0 252 127 0 0 0 0 0 0 0 0 0 0 0 0 0 0 0 0 0 0 0 0 0 0 0 0 0 0 0 0 0 0 0 0 0 0 0 0 0 0 0 0 0 0 0 0 0 0 0 0 0 0 0 0 0 0 0 0 0 0 0 0 0 0 0 0 0 0 data 12 0x60007 0x3034 0x38 0x0 0xa0003 0x0 0x18 0x0 0x0 0x9 0x1 0x0 oops 0 methods 0
ciMethodData java/nio/MappedByteBuffer position (I)Ljava/nio/ByteBuffer; 2 5379 orig 80 0 0 0 0 0 0 0 0 0 0 0 0 252 127 0 0 0 0 0 0 0 0 0 0 0 0 0 0 0 0 0 0 0 0 0 0 0 0 0 0 0 0 0 0 0 0 0 0 0 0 0 0 0 0 0 0 0 0 0 0 0 0 0 0 0 0 0 0 0 0 0 0 0 0 0 0 0 0 0 0 data 17 0x20005 0x1402 0x0 0x0 0x0 0x0 0x0 0x0 0x0 0x0 0x0 0x0 0x0 0x9 0x2 0x0 0x0 oops 0 methods 0
ciMethodData jdk/internal/misc/Unsafe checkSize (J)V 2 5378 orig 80 0 0 0 0 0 0 0 0 0 0 0 0 252 127 0 0 0 0 0 0 0 0 0 0 0 0 0 0 0 0 0 0 0 0 0 0 0 0 0 0 0 0 0 0 0 0 0 0 0 0 0 0 0 0 0 0 0 0 0 0 0 0 0 0 0 0 0 0 0 0 0 0 0 0 0 0 0 0 0 0 data 44 0x40007 0x1402 0xb0 0x0 0x90005 0x0 0x0 0x0 0x0 0x0 0x0 0xc0007 0x0 0xb0 0x0 0x100005 0x0 0x0 0x0 0x0 0x0 0x0 0x170007 0x1402 0x58 0x0 0x1b0005 0x0 0x0 0x0 0x0 0x0 0x0 0x0 0x0 0x0 0x0 0x0 0x0 0x9 0x3 0x0 0x0 0x0 oops 0 methods 0
ciMethodData jdk/internal/misc/Unsafe copyMemory (Ljava/lang/Object;JLjava/lang/Object;JJ)V 2 5377 orig 80 0 0 0 0 0 0 0 0 0 0 0 0 252 127 0 0 0 0 0 0 0 0 0 0 0 0 0 0 0 0 0 0 0 0 0 0 0 0 0 0 0 0 0 0 0 0 0 0 0 0 0 0 0 0 0 0 0 0 0 0 0 0 0 0 0 0 0 0 0 0 0 0 0 0 0 0 0 0 0 0 data 35 0x90005 0x1400 0x0 0x0 0x0 0x0 0x0 0x100007 0x1400 0x20 0x0 0x1d0005 0x1400 0x0 0x0 0x0 0x0 0x0 0x0 0x0 0x0 0x0 0x0 0x0 0x9 0x9 0x0 0x0 0x0 0x0 0x0 0x0 0x0 0x0 0x0 oops 0 methods 0
ciMethodData jdk/internal/misc/Unsafe copyMemoryChecks (Ljava/lang/Object;JLjava/lang/Object;JJ)V 2 5377 orig 80 0 0 0 0 0 0 0 0 0 0 0 0 0 0 0 0 0 0 0 0 0 0 0 0 0 0 0 0 0 0 0 0 0 0 0 0 0 0 0 0 0 0 0 0 0 0 0 0 0 0 0 0 0 0 0 0 0 0 0 0 0 0 0 0 0 0 0 0 0 0 0 0 0 0 0 0 0 0 0 0 data 38 0x30005 0x13ff 0x0 0x0 0x0 0x0 0x0 0x90005 0x13ff 0x0 0x0 0x0 0x0 0x0 0x110005 0x13ff 0x0 0x0 0x0 0x0 0x0 0x0 0x0 0x0 0x0 0x0 0x0 0x9 0x9 0x0 0x0 0x0 0x0 0x0 0x0 0x0 0x0 0x0 oops 0 methods 0
ciMethodData java/nio/MappedByteBuffer limit (I)Ljava/nio/ByteBuffer; 2 5380 orig 80 0 0 0 0 0 0 0 0 0 0 0 0 252 127 0 0 0 0 0 0 0 0 0 0 0 0 0 0 0 0 0 0 0 0 0 0 0 0 0 0 0 0 0 0 0 0 0 0 0 0 0 0 0 0 0 0 0 0 0 0 0 0 0 0 0 0 0 0 0 0 0 0 0 0 0 0 0 0 0 0 data 17 0x20005 0x1403 0x0 0x0 0x0 0x0 0x0 0x0 0x0 0x0 0x0 0x0 0x0 0x9 0x2 0x0 0x0 oops 0 methods 0
ciMethodData java/nio/MappedByteBuffer limit (I)Ljava/nio/MappedByteBuffer; 2 10758 orig 80 0 0 0 0 0 0 0 0 0 0 0 0 0 0 0 0 0 0 0 0 0 0 0 0 0 0 0 0 0 0 0 0 0 0 0 0 0 0 0 0 0 0 0 0 0 0 0 0 0 0 0 0 0 0 0 0 0 0 0 0 0 0 0 0 0 0 0 0 0 0 0 0 0 0 0 0 0 0 0 0 data 9 0x20002 0x28e7 0x0 0x0 0x0 0x9 0x2 0x0 0x0 oops 0 methods 0
ciMethodData sun/nio/ch/Util getTemporaryDirectBuffer (I)Ljava/nio/ByteBuffer; 2 6298 orig 80 1 0 0 0 0 0 0 0 0 0 0 0 252 127 0 0 0 0 0 0 0 0 0 0 0 0 0 0 0 0 0 0 0 0 0 0 0 0 0 0 0 0 0 0 0 0 0 0 0 0 0 0 0 0 0 0 0 0 0 0 0 0 0 0 0 0 0 0 0 0 0 0 0 0 0 0 0 0 0 0 data 64 0x10002 0x1799 0x40007 0x1799 0x30 0x0 0x80002 0x0 0xf0005 0x0 0x0 0x26e508d5e10 0x1799 0x0 0x0 0x120004 0x0 0x0 0x26e8681aa80 0x1799 0x0 0x0 0x180005 0x0 0x0 0x26e8681aa80 0x1799 0x0 0x0 0x1d0007 0x1 0x20 0x1799 0x230005 0x0 0x0 0x26e8681aa80 0x1 0x0 0x0 0x260007 0x1 0x68 0x0 0x2a0005 0x0 0x0 0x0 0x0 0x0 0x0 0x2f0002 0x0 0x330002 0x1 0x0 0x0 0x0 0x0 0x0 0x0 0x9 0x1 0x0 oops 4 11 sun/nio/ch/Util$1 18 sun/nio/ch/Util$BufferCache 25 sun/nio/ch/Util$BufferCache 36 sun/nio/ch/Util$BufferCache methods 0
ciMethodData java/nio/ByteBuffer allocateDirect (I)Ljava/nio/ByteBuffer; 1 39 orig 80 0 0 0 0 0 0 0 0 0 0 0 0 0 0 0 0 0 0 0 0 0 0 0 0 0 0 0 0 0 0 0 0 0 0 0 0 0 0 0 0 0 0 0 0 0 0 0 0 0 0 0 0 0 0 0 0 0 0 0 0 0 0 0 0 0 0 0 0 0 0 0 0 0 0 0 0 0 0 0 0 data 7 0x50002 0x22 0x0 0x0 0x9 0x1 0x0 oops 0 methods 0
ciMethodData sun/nio/ch/Util$BufferCache get (I)Ljava/nio/ByteBuffer; 2 5381 orig 80 0 0 0 0 0 0 0 0 0 0 0 0 0 0 0 0 0 0 0 0 0 0 0 0 0 0 0 0 0 0 0 0 0 0 0 0 0 0 0 1 0 0 0 0 0 0 0 0 0 0 0 0 0 0 0 0 0 0 0 0 0 0 0 0 0 0 0 0 0 0 0 0 0 0 0 0 0 0 0 0 data 114 0x30007 0x1402 0x60 0x0 0x70002 0x0 0xa0007 0x0 0x30 0x0 0x110002 0x0 0x8000000600190007 0x1402 0x20 0x1 0x2b0005 0x1402 0x0 0x0 0x0 0x0 0x0 0x2f0007 0x1402 0x190 0x0 0x3d0005 0x0 0x0 0x0 0x0 0x0 0x0 0x470007 0x0 0xe0 0x0 0x520007 0x0 0x38 0x0 0x550003 0x0 0xa0 0x5a0005 0x0 0x0 0x0 0x0 0x0 0x0 0x5e0007 0x0 0x38 0x0 0x640003 0x0 0x30 0x670003 0x0 0xffffffffffffff00 0x6b0007 0x0 0x20 0x0 0x790004 0x0 0x0 0x0 0x0 0x0 0x0 0x800104 0x0 0x0 0x0 0x0 0x0 0x0 0x870005 0x1402 0x0 0x0 0x0 0x0 0x0 0x980005 0x0 0x0 0x26e868189e0 0x1402 0x0 0x0 0x9e0005 0x0 0x0 0x26e868189e0 0x1402 0x0 0x0 0x0 0x0 0x0 0x0 0x0 0x0 0x0 0x0 0x0 0x9 0x2 0x0 0x0 oops 2 90 java/nio/DirectByteBuffer 97 java/nio/DirectByteBuffer methods 0
ciMethodData sun/nio/ch/Util$BufferCache removeFirst ()Ljava/nio/ByteBuffer; 1 0 orig 80 0 0 0 0 0 0 0 0 0 0 0 0 0 0 0 0 0 0 0 0 0 0 0 0 0 0 0 0 0 0 0 0 0 0 0 0 0 0 0 0 0 0 0 0 0 0 0 0 0 0 0 0 0 0 0 0 0 0 0 0 0 0 0 0 0 0 0 0 0 0 0 0 0 0 0 0 0 0 0 0 data 33 0x30007 0x0 0x50 0x0 0xa0007 0x0 0x30 0x0 0x110002 0x0 0x280004 0x0 0x0 0x0 0x0 0x0 0x0 0x2f0005 0x0 0x0 0x0 0x0 0x0 0x0 0x0 0x0 0x0 0x0 0x0 0x0 0x9 0x1 0x6 oops 0 methods 0
ciMethodData sun/nio/ch/Util$BufferCache next (I)I 2 5378 orig 80 0 0 0 0 0 0 0 0 0 0 0 0 0 0 0 0 0 0 0 0 0 0 0 0 0 0 0 0 0 0 0 0 0 0 0 0 0 0 0 0 0 0 0 0 0 0 0 0 0 0 0 0 0 0 0 0 0 0 0 0 0 0 0 0 0 0 0 0 0 0 0 0 0 0 0 0 0 0 0 0 data 7 0x0 0x0 0x0 0x9 0x2 0x0 0x0 oops 0 methods 0
ciMethodData sun/nio/ch/Util offerFirstTemporaryDirectBuffer (Ljava/nio/ByteBuffer;)V 2 6298 orig 80 0 0 0 0 0 0 0 0 0 0 0 0 252 127 0 0 0 0 0 0 0 0 0 0 0 0 0 0 0 0 0 0 0 0 0 0 0 0 0 0 0 0 0 0 0 0 0 0 0 0 0 0 0 0 0 0 0 0 0 0 0 0 0 0 0 0 0 0 0 0 0 0 0 0 0 0 0 0 0 0 data 54 0x10002 0x1798 0x40007 0x1798 0x30 0x0 0x80002 0x0 0xf0007 0x1798 0x50 0x0 0x130007 0x0 0x30 0x0 0x1a0002 0x0 0x210005 0x0 0x0 0x26e508d5e10 0x1798 0x0 0x0 0x240004 0x0 0x0 0x26e8681aa80 0x1798 0x0 0x0 0x2a0005 0x0 0x0 0x26e8681aa80 0x1798 0x0 0x0 0x2d0007 0x1798 0x30 0x0 0x310002 0x0 0x0 0x0 0x0 0x0 0x0 0x0 0x9 0x1 0x0 oops 3 21 sun/nio/ch/Util$1 28 sun/nio/ch/Util$BufferCache 35 sun/nio/ch/Util$BufferCache methods 0
ciMethodData sun/nio/ch/Util isBufferTooLarge (Ljava/nio/ByteBuffer;)Z 2 6298 orig 80 0 0 0 0 0 0 0 0 0 0 0 0 0 0 0 0 0 0 0 0 0 0 0 0 0 0 0 0 0 0 0 0 0 0 0 0 0 0 0 0 0 0 0 0 0 0 0 0 0 0 0 0 0 0 0 0 0 0 0 0 0 0 0 0 0 0 0 0 0 0 0 0 0 0 0 0 0 0 0 0 data 18 0x10005 0x1798 0x0 0x0 0x0 0x0 0x0 0x40002 0x1798 0x0 0x0 0x0 0x0 0x0 0x0 0x9 0x1 0x0 oops 0 methods 0
ciMethodData sun/nio/ch/Util$BufferCache offerFirst (Ljava/nio/ByteBuffer;)Z 2 6298 orig 80 0 0 0 0 0 0 0 0 0 0 0 0 0 0 0 0 0 0 0 0 0 0 0 0 0 0 0 0 0 0 0 0 0 0 0 0 0 0 0 0 0 0 0 0 0 0 0 0 0 0 0 0 0 0 0 0 0 0 0 0 0 0 0 0 0 0 0 0 0 0 0 0 0 0 0 0 0 0 0 0 data 33 0x30007 0x1798 0x60 0x0 0x70002 0x0 0xa0007 0x0 0x30 0x0 0x110002 0x0 0x1c0007 0x1798 0x20 0x0 0x3c0004 0x0 0x0 0x26e868189e0 0x1798 0x0 0x0 0x0 0x0 0x0 0x0 0x0 0x0 0x9 0x2 0x0 0x0 oops 1 19 java/nio/DirectByteBuffer methods 0
ciMethodData jdk/internal/misc/ScopedMemoryAccess copyMemory (Ljdk/internal/misc/ScopedMemoryAccess$Scope;Ljdk/internal/misc/ScopedMemoryAccess$Scope;Ljava/lang/Object;JLjava/lang/Object;JJ)V 2 8936 orig 80 0 0 0 0 0 0 0 0 0 0 0 0 252 127 0 0 0 0 0 0 0 0 0 0 0 0 0 0 0 0 0 0 0 0 0 0 0 0 0 0 0 0 0 0 0 0 0 0 0 0 0 0 0 0 0 0 0 0 0 0 0 0 0 0 0 0 0 0 0 0 0 0 0 0 0 0 0 0 0 0 data 31 0xc0005 0x21e3 0x0 0x0 0x0 0x0 0x0 0xf0003 0x21e3 0x28 0x1a0002 0x0 0x0 0x0 0x0 0x0 0x0 0x0 0x9 0xb 0x0 0x0 0x0 0x0 0x0 0x0 0x0 0x0 0x0 0x0 0x0 oops 0 methods 0
ciMethodData jdk/internal/misc/ScopedMemoryAccess copyMemoryInternal (Ljdk/internal/misc/ScopedMemoryAccess$Scope;Ljdk/internal/misc/ScopedMemoryAccess$Scope;Ljava/lang/Object;JLjava/lang/Object;JJ)V 2 8936 orig 80 0 0 0 0 0 0 0 0 0 0 0 0 0 0 0 0 0 0 0 0 0 0 0 0 0 0 0 0 0 0 0 0 0 0 0 0 0 0 0 0 0 0 0 0 0 0 0 0 0 0 0 0 0 0 0 0 0 0 0 0 0 0 0 0 0 0 0 0 0 0 0 0 0 0 0 0 0 0 0 0 data 59 0x10007 0x21e1 0x58 0x0 0x50005 0x0 0x0 0x0 0x0 0x0 0x0 0xb0007 0x21e1 0x58 0x0 0xf0005 0x0 0x0 0x0 0x0 0x0 0x0 0x200005 0x21e1 0x0 0x0 0x0 0x0 0x0 0x240002 0x21e1 0x280002 0x21e1 0x2b0003 0x21e1 0x38 0x310002 0x0 0x350002 0x0 0x0 0x0 0x0 0x0 0x0 0x0 0x9 0xb 0x0 0x0 0x0 0x0 0x0 0x0 0x0 0x0 0x0 0x0 0x0 oops 0 methods 0
ciMethodData java/nio/MappedByteBuffer rewind ()Ljava/nio/ByteBuffer; 2 5378 orig 80 0 0 0 0 0 0 0 0 0 0 0 0 252 127 0 0 0 0 0 0 0 0 0 0 0 0 0 0 0 0 0 0 0 0 0 0 0 0 0 0 0 0 0 0 0 0 0 0 0 0 0 0 0 0 0 0 0 0 0 0 0 0 0 0 0 0 0 0 0 0 0 0 0 0 0 0 0 0 0 0 data 16 0x10005 0x137e 0x0 0x0 0x0 0x0 0x0 0x0 0x0 0x0 0x0 0x0 0x0 0x9 0x1 0x0 oops 0 methods 0
ciMethodData java/nio/MappedByteBuffer rewind ()Ljava/nio/MappedByteBuffer; 2 5378 orig 80 0 0 0 0 0 0 0 0 0 0 0 0 0 0 0 0 0 0 0 0 0 0 0 0 0 0 0 0 0 0 0 0 0 0 0 0 0 0 0 0 0 0 0 0 0 0 0 0 0 0 0 0 0 0 0 0 0 0 0 0 0 0 0 0 0 0 0 0 0 0 0 0 0 0 0 0 0 0 0 0 data 8 0x10002 0x137d 0x0 0x0 0x0 0x9 0x1 0x0 oops 0 methods 0
ciMethodData java/nio/ByteBuffer rewind ()Ljava/nio/ByteBuffer; 2 5378 orig 80 0 0 0 0 0 0 0 0 0 0 0 0 0 0 0 0 0 0 0 0 0 0 0 0 0 0 0 0 0 0 0 0 0 0 0 0 0 0 0 0 0 0 0 0 0 0 0 0 0 0 0 0 0 0 0 0 0 0 0 0 0 0 0 0 0 0 0 0 0 0 0 0 0 0 0 0 0 0 0 0 data 8 0x10002 0x137d 0x0 0x0 0x0 0x9 0x1 0x0 oops 0 methods 0
ciMethodData java/nio/Buffer rewind ()Ljava/nio/Buffer; 2 5378 orig 80 0 0 0 0 0 0 0 0 0 0 0 0 0 0 0 0 0 0 0 0 0 0 0 0 0 0 0 0 0 0 0 0 0 0 0 0 0 0 0 0 0 0 0 0 0 0 0 0 0 0 0 0 0 0 0 0 0 0 0 0 0 0 0 0 0 0 0 0 0 0 0 0 0 0 0 0 0 0 0 0 data 7 0x0 0x0 0x0 0x0 0x9 0x1 0x0 oops 0 methods 0
ciMethodData sun/nio/ch/NativeThread current ()J 2 3527 orig 80 0 0 0 0 0 0 0 0 0 0 0 0 0 0 0 0 0 0 0 0 0 0 0 0 0 0 0 0 0 0 0 0 0 0 0 0 0 0 0 0 0 0 0 0 0 0 0 0 0 0 0 0 0 0 0 0 0 0 0 0 0 0 0 0 0 0 0 0 0 0 0 0 0 0 0 0 0 0 0 0 data 3 0x0 0x9 0x0 oops 0 methods 0
ciMethodData java/io/ObjectOutputStream$BlockDataOutputStream setBlockDataMode (Z)Z 2 32263 orig 80 0 0 0 0 0 0 0 0 0 0 0 0 252 127 0 0 0 0 0 0 0 0 0 0 0 0 0 0 0 0 0 0 0 0 0 0 0 0 0 0 0 0 0 0 0 0 0 0 0 0 0 0 0 0 0 0 0 0 0 0 0 0 0 0 0 0 0 0 0 0 0 0 0 0 0 0 0 0 0 0 data 28 0x50007 0x65cb 0x20 0x16f2 0xe0005 0x0 0x0 0x26deb38f860 0x65cb 0x0 0x0 0x1a0007 0x343f 0x38 0x318c 0x1e0003 0x318c 0x18 0x0 0x0 0x0 0x0 0x0 0x0 0x9 0x2 0x0 0x0 oops 1 7 java/io/ObjectOutputStream$BlockDataOutputStream methods 0
ciMethodData java/io/ObjectOutputStream$BlockDataOutputStream drain ()V 2 5417 orig 80 0 0 0 0 0 0 0 0 0 0 0 0 0 0 0 0 0 0 0 0 0 0 0 0 0 0 0 0 0 0 0 0 0 0 0 0 0 0 0 0 0 0 0 0 0 0 0 0 0 0 0 0 0 0 0 0 0 0 0 0 0 0 0 0 0 0 0 0 0 0 0 0 0 0 0 0 0 0 0 0 data 31 0x40007 0xa73 0x20 0x992 0xc0007 0x992 0x58 0xe1 0x140005 0xe1 0x0 0x0 0x0 0x0 0x0 0x240005 0x0 0x0 0x26ddcb202b0 0xa73 0x0 0x0 0x0 0x0 0x0 0x0 0x0 0x0 0x9 0x1 0x6 oops 1 18 java/io/BufferedOutputStream methods 0
ciMethodData java/io/ObjectOutputStream$BlockDataOutputStream writeByte (I)V 2 5462 orig 80 0 0 0 0 0 0 0 0 0 0 0 0 252 127 0 0 0 0 0 0 0 0 0 0 0 0 0 0 0 0 0 0 0 0 0 0 0 0 0 0 0 0 0 0 0 0 0 0 0 0 0 0 0 0 0 0 0 0 0 0 0 0 0 0 0 0 0 0 0 0 0 0 0 0 0 0 0 0 0 0 data 21 0x70007 0x141e 0x58 0x0 0xb0005 0x0 0x0 0x0 0x0 0x0 0x0 0x0 0x0 0x0 0x0 0x0 0x0 0x9 0x2 0x0 0x0 oops 0 methods 0
ciMethodData java/io/ObjectOutputStream$HandleTable hash (Ljava/lang/Object;)I 2 8377 orig 80 0 0 0 0 0 0 0 0 0 0 0 0 252 127 0 0 0 0 0 0 0 0 0 0 0 0 0 0 0 0 0 0 0 0 0 0 0 0 0 0 0 0 0 0 0 0 0 0 0 0 0 0 0 0 0 0 0 0 0 0 0 0 0 0 0 0 0 0 0 0 0 0 0 0 0 0 0 0 0 0 data 12 0x10002 0x1f7f 0x0 0x0 0x0 0x0 0x0 0x0 0x9 0x2 0x0 0xffffffffffffffff oops 0 methods 0
ciMethodData java/io/BufferedOutputStream write ([BII)V 2 5385 orig 80 0 0 0 0 0 0 0 0 0 0 0 0 252 127 0 0 0 0 0 0 0 0 0 0 0 0 0 0 0 0 0 0 0 0 0 0 0 0 0 0 0 0 0 0 0 0 0 0 0 0 0 0 0 0 0 0 0 0 0 0 0 0 0 0 0 0 0 0 0 0 0 0 0 0 0 0 0 0 0 0 data 43 0x60007 0x1402 0x90 0x6 0xa0005 0x6 0x0 0x0 0x0 0x0 0x0 0x140005 0x0 0x0 0x26eb5e42040 0x6 0x0 0x0 0x230007 0x1402 0x58 0x0 0x270005 0x0 0x0 0x0 0x0 0x0 0x0 0x350002 0x1402 0x0 0x0 0x0 0x0 0x0 0x0 0x9 0x4 0x0 0x0 0x0 0x0 oops 1 14 java/io/FileOutputStream methods 0
ciMethodData java/io/BufferedOutputStream flushBuffer ()V 2 2829 orig 80 0 0 0 0 0 0 0 0 0 0 0 0 0 0 0 0 0 0 0 0 0 0 0 0 0 0 0 0 0 0 0 0 0 0 0 0 0 0 0 0 0 0 0 0 0 0 0 0 0 0 0 0 0 0 0 0 0 0 0 0 0 0 0 0 0 0 0 0 0 0 0 0 0 0 0 0 0 0 0 0 data 20 0x40007 0x3ed 0x58 0x6f8 0x140005 0x0 0x0 0x26eb5e43ae0 0x6c9 0x26eb5e43b90 0x2f 0x0 0x0 0x0 0x0 0x0 0x0 0x9 0x1 0x0 oops 2 7 java/net/Socket$SocketOutputStream 9 sun/security/ssl/SSLSocketImpl$AppOutputStream methods 0
ciMethodData java/io/ObjectOutputStream$HandleTable lookup (Ljava/lang/Object;)I 2 5670 orig 80 0 0 0 0 0 0 0 0 0 0 0 0 252 127 0 0 0 0 0 0 0 0 0 0 0 0 0 0 0 0 0 0 0 0 0 0 0 0 0 0 0 0 0 0 0 0 0 0 0 0 0 0 0 0 0 0 0 0 0 0 0 0 0 0 0 0 0 0 0 0 0 0 0 0 0 0 0 0 0 0 data 32 0x40007 0xaa5 0x20 0x9ab 0xb0005 0xaa5 0x0 0x0 0x0 0x0 0x0 0x1d0007 0x55f 0x58 0xe1d 0x270007 0x8d7 0x20 0x546 0x330003 0x8d7 0xffffffffffffffc0 0x0 0x0 0x0 0x0 0x0 0x0 0x9 0x2 0x0 0x0 oops 0 methods 0
ciMethodData java/io/ObjectOutputStream$BlockDataOutputStream writeBlockHeader (I)V 2 1047 orig 80 0 0 0 0 0 0 0 0 0 0 0 0 0 0 0 0 0 0 0 0 0 0 0 0 0 0 0 0 0 0 0 0 0 0 0 0 0 0 0 0 0 0 0 0 0 0 0 0 0 0 0 0 0 0 0 0 0 0 0 0 0 0 0 0 0 0 0 0 0 0 0 0 0 0 0 0 0 0 0 0 data 33 0x40007 0x0 0x70 0x3fb 0x210005 0x0 0x0 0x26ddcb202b0 0x3fb 0x0 0x0 0x240003 0x3fb 0x60 0x350002 0x0 0x420005 0x0 0x0 0x0 0x0 0x0 0x0 0x0 0x0 0x0 0x0 0x0 0x0 0x9 0x2 0x0 0x0 oops 1 7 java/io/BufferedOutputStream methods 0
ciMethod sun/security/ssl/SSLSocketImpl ensureNegotiated (Z)V 0 0 1 0 -1
ciMethod sun/security/ssl/SSLSocketImpl tryKeyUpdate ()V 0 0 1 0 -1
ciMethod sun/security/ssl/SSLSocketImpl tryNewSessionTicket ()V 0 0 1 0 -1
ciMethod sun/security/ssl/SSLSocketImpl$AppOutputStream write ([BII)V 94 0 47 0 0
ciMethod sun/security/ssl/TransportContext isOutboundClosed ()Z 46 0 67 0 -1
ciMethod sun/security/ssl/TransportContext isInboundClosed ()Z 516 0 5694 0 -1
ciMethod sun/security/ssl/OutputRecord seqNumIsHuge ()Z 94 0 47 0 -1
ciMethod sun/security/ssl/OutputRecord deliver ([BII)V 0 0 1 0 -1
ciMethod sun/security/ssl/SSLCipher$SSLWriteCipher atKeyLimit ()Z 102 0 51 0 -1
ciMethodData java/util/concurrent/locks/AbstractQueuedSynchronizer compareAndSetState (II)Z 2 1399 orig 80 0 0 0 0 0 0 0 0 0 0 0 0 252 127 0 0 0 0 0 0 0 0 0 0 0 0 0 0 0 0 0 0 0 0 0 0 0 0 0 0 0 0 0 0 0 0 0 0 0 0 0 0 0 0 0 0 0 0 0 0 0 0 0 0 0 0 0 0 0 0 0 0 0 0 0 0 0 0 0 0 data 18 0x90005 0xb 0x0 0x0 0x0 0x0 0x0 0x0 0x0 0x0 0x0 0x0 0x0 0x9 0x3 0x0 0x0 0x0 oops 0 methods 0
ciMethodData java/util/concurrent/locks/AbstractQueuedSynchronizer release (I)Z 2 5566 orig 80 0 0 0 0 0 0 0 0 0 0 0 0 252 127 0 0 0 0 0 0 0 0 0 0 0 0 0 0 0 0 0 0 0 0 0 0 0 0 0 0 0 0 0 0 0 0 0 0 0 0 0 0 0 0 0 0 0 0 0 0 0 0 0 0 0 0 0 0 0 0 0 0 0 0 0 0 0 0 0 0 data 23 0x20005 0x0 0x0 0x26debbe48d0 0x14ba 0x277242f15b0 0x4 0x50007 0x13 0x30 0x14ab 0xc0002 0x14ab 0x0 0x0 0x0 0x0 0x0 0x0 0x9 0x2 0x0 0x0 oops 2 3 java/util/concurrent/locks/ReentrantLock$NonfairSync 5 java/util/concurrent/ThreadPoolExecutor$Worker methods 0
ciMethodData java/util/concurrent/locks/AbstractQueuedSynchronizer signalNext (Ljava/util/concurrent/locks/AbstractQueuedSynchronizer$Node;)V 2 5358 orig 80 0 0 0 0 0 0 0 0 0 0 0 0 0 0 0 0 0 0 0 0 0 0 0 0 0 0 0 0 0 0 0 0 0 0 0 0 0 0 0 0 0 0 0 0 0 0 0 0 0 0 0 0 0 0 0 0 0 0 0 0 0 0 0 0 0 0 0 0 0 0 0 0 0 0 0 0 0 0 0 0 data 30 0x10007 0x1406 0xa8 0x0 0xa0007 0x0 0x88 0x0 0x110007 0x0 0x68 0x0 0x160005 0x0 0x0 0x0 0x0 0x0 0x0 0x1e0002 0x0 0x0 0x0 0x0 0x0 0x0 0x0 0x9 0x1 0x0 oops 0 methods 0
ciMethodData java/util/concurrent/locks/ReentrantLock$NonfairSync initialTryLock ()Z 2 5384 orig 80 0 0 0 0 0 0 0 0 0 0 0 0 252 127 0 0 0 0 0 0 0 0 0 0 0 0 0 0 0 0 0 0 0 0 0 0 0 0 0 0 0 0 0 0 0 0 0 0 0 0 0 0 0 0 0 0 0 0 0 0 0 0 0 0 0 0 0 0 0 0 0 0 0 0 0 0 0 0 0 0 data 60 0x2 0x1402 0x70005 0x1402 0x0 0x0 0x0 0x0 0x0 0xa0007 0x12 0x58 0x13f0 0xf0005 0x13f0 0x0 0x0 0x0 0x0 0x0 0x150005 0x12 0x0 0x0 0x0 0x0 0x0 0x190007 0x0 0xc0 0x12 0x1d0005 0x12 0x0 0x0 0x0 0x0 0x0 0x240007 0x12 0x30 0x0 0x2d0002 0x0 0x330005 0x12 0x0 0x0 0x0 0x0 0x0 0x0 0x0 0x0 0x0 0x0 0x0 0x9 0x1 0x0 oops 0 methods 0
ciMethodData java/util/concurrent/locks/ReentrantLock lock ()V 2 5523 orig 80 0 0 0 0 0 0 0 0 0 0 0 0 0 0 0 0 0 0 0 0 0 0 0 0 0 0 0 0 0 0 0 0 0 0 0 0 0 0 0 0 0 0 0 0 0 0 0 0 0 0 0 0 0 0 0 0 0 0 0 0 0 0 0 0 0 0 0 0 0 0 0 0 0 0 0 0 0 0 0 0 data 16 0x40005 0x1394 0x0 0x0 0x0 0x0 0x0 0x0 0x0 0x0 0x0 0x0 0x0 0x9 0x1 0x0 oops 0 methods 0
ciMethodData java/util/concurrent/locks/ReentrantLock$Sync lock ()V 2 5523 orig 80 0 0 0 0 0 0 0 0 0 0 0 0 0 0 0 0 0 0 0 0 0 0 0 0 0 0 0 0 0 0 0 0 0 0 0 0 0 0 0 0 0 0 0 0 0 0 0 0 0 0 0 0 0 0 0 0 0 0 0 0 0 0 0 0 0 0 0 0 0 0 0 0 0 0 0 0 0 0 0 0 data 27 0x10005 0x0 0x0 0x26debbe48d0 0x1394 0x0 0x0 0x40007 0x1394 0x58 0x0 0x90005 0x0 0x0 0x0 0x0 0x0 0x0 0x0 0x0 0x0 0x0 0x0 0x0 0x9 0x1 0x0 oops 1 3 java/util/concurrent/locks/ReentrantLock$NonfairSync methods 0
ciMethodData java/util/concurrent/locks/ReentrantLock$Sync tryRelease (I)Z 2 5532 orig 80 0 0 0 0 0 0 0 0 0 0 0 0 0 0 0 0 0 0 0 0 0 0 0 0 0 0 0 0 0 0 0 0 0 0 0 0 0 0 0 0 0 0 0 0 0 0 0 0 0 0 0 0 0 0 0 0 0 0 0 0 0 0 0 0 0 0 0 0 0 0 0 0 0 0 0 0 0 0 0 0 data 57 0x10005 0x139d 0x0 0x0 0x0 0x0 0x0 0x80005 0x139d 0x0 0x0 0x0 0x0 0x0 0xb0002 0x139d 0xe0007 0x139d 0x30 0x0 0x150002 0x0 0x1a0007 0x12 0x38 0x138b 0x1e0003 0x138b 0x18 0x240007 0x12 0x58 0x138b 0x290005 0x138b 0x0 0x0 0x0 0x0 0x0 0x2e0005 0x139d 0x0 0x0 0x0 0x0 0x0 0x0 0x0 0x0 0x0 0x0 0x0 0x9 0x2 0x0 0x0 oops 0 methods 0
ciMethodData java/util/concurrent/locks/ReentrantLock unlock ()V 2 5530 orig 80 0 0 0 0 0 0 0 0 0 0 0 0 0 0 0 0 0 0 0 0 0 0 0 0 0 0 0 0 0 0 0 0 0 0 0 0 0 0 0 0 0 0 0 0 0 0 0 0 0 0 0 0 0 0 0 0 0 0 0 0 0 0 0 0 0 0 0 0 0 0 0 0 0 0 0 0 0 0 0 0 data 16 0x50005 0x139b 0x0 0x0 0x0 0x0 0x0 0x0 0x0 0x0 0x0 0x0 0x0 0x9 0x1 0x0 oops 0 methods 0
ciMethodData java/io/ObjectOutputStream writeObject0 (Ljava/lang/Object;Z)V 2 10676 orig 80 1 0 0 0 0 0 0 0 0 0 0 0 252 127 0 0 0 0 0 0 0 0 0 0 0 0 0 0 0 0 0 0 0 0 0 0 0 0 0 1 0 0 0 0 0 0 0 0 0 0 0 0 0 0 0 0 0 0 0 0 0 0 0 0 0 0 0 0 0 0 0 0 0 0 0 0 0 0 0 0 data 531 0x50005 0x0 0x0 0x26deb38f860 0x282a 0x0 0x0 0x180005 0x0 0x0 0x26deb38f910 0x282a 0x0 0x0 0x1d0007 0x1ea8 0x90 0x982 0x210005 0x982 0x0 0x0 0x0 0x0 0x0 0x330005 0x0 0x0 0x26deb38f860 0x982 0x0 0x0 0x390007 0x0 0xe8 0x1ea8 0x410005 0x0 0x0 0x26deb38f9c0 0x1ea8 0x0 0x0 0x480007 0xf1e 0x90 0xf8a 0x4e0005 0xf8a 0x0 0x0 0x0 0x0 0x0 0x600005 0x0 0x0 0x26deb38f860 0xf8a 0x0 0x0 0x660004 0xfffffffffffff0e2 0x0 0x26deb38fa70 0x1 0x26ddc048310 0x2 0x690007 0xf1e 0xc8 0x0 0x6e0004 0x0 0x0 0x0 0x0 0x0 0x0 0x720005 0x0 0x0 0x0 0x0 0x0 0x0 0x840005 0x0 0x0 0x0 0x0 0x0 0x0 0x8a0004 0xfffffffffffff0e2 0x0 0x26deb38fa70 0x1 0x26ddc048310 0x2 0x8d0007 0xf1e 0xc8 0x0 0x920004 0x0 0x0 0x0 0x0 0x0 0x0 0x960005 0x0 0x0 0x0 0x0 0x0 0x0 0xa80005 0x0 0x0 0x0 0x0 0x0 0x0 0xb10005 0xf1e 0x0 0x0 0x0 0x0 0x0 0xb90002 0xf1e 0xc00005 0x0 0x0 0x26deb38fb20 0xf1e 0x0 0x0 0xc30007 0xf1e 0x100 0x0 0xc90005 0x0 0x0 0x0 0x0 0x0 0x0 0xce0007 0x0 0xa8 0x0 0xd20005 0x0 0x0 0x0 0x0 0x0 0x0 0xda0007 0x0 0x38 0x0 0xdd0003 0x0 0x30 0xe40003 0x0 0xfffffffffffffed0 0xeb0007 0x0 0xe0 0xf1e 0xf00005 0x0 0x0 0x26deb38fbd0 0xf1e 0x0 0x0 0xf80007 0xf1e 0x88 0x0 0xfd0007 0x0 0x68 0x0 0x1020005 0x0 0x0 0x0 0x0 0x0 0x0 0x10a0002 0x0 0x1150007 0xf1e 0x3d0 0x0 0x11f0005 0x0 0x0 0x0 0x0 0x0 0x0 0x1230007 0x0 0x90 0x0 0x1270005 0x0 0x0 0x0 0x0 0x0 0x0 0x1390005 0x0 0x0 0x0 0x0 0x0 0x0 0x13f0007 0x0 0xe8 0x0 0x1470005 0x0 0x0 0x0 0x0 0x0 0x0 0x14e0007 0x0 0x90 0x0 0x1540005 0x0 0x0 0x0 0x0 0x0 0x0 0x1660005 0x0 0x0 0x0 0x0 0x0 0x0 0x16c0004 0x0 0x0 0x0 0x0 0x0 0x0 0x16f0007 0x0 0xc8 0x0 0x1740004 0x0 0x0 0x0 0x0 0x0 0x0 0x1780005 0x0 0x0 0x0 0x0 0x0 0x0 0x18a0005 0x0 0x0 0x0 0x0 0x0 0x0 0x1900004 0x0 0x0 0x0 0x0 0x0 0x0 0x1930007 0x0 0xc8 0x0 0x1980004 0x0 0x0 0x0 0x0 0x0 0x0 0x19c0005 0x0 0x0 0x0 0x0 0x0 0x0 0x1ae0005 0x0 0x0 0x0 0x0 0x0 0x0 0x1b40004 0xfffffffffffff6ee 0x0 0x26ddc0447e0 0x60c 0x26deb38fa70 0x1 0x1b70007 0x912 0xa8 0x60c 0x1bc0004 0x0 0x0 0x26ddc0447e0 0x60c 0x0 0x0 0x1c00005 0x60c 0x0 0x0 0x0 0x0 0x0 0x1c30003 0x60c 0x420 0x1c80005 0x912 0x0 0x0 0x0 0x0 0x0 0x8000000601cb0007 0x912 0x70 0x1 0x1d30005 0x1 0x0 0x0 0x0 0x0 0x0 0x1d60003 0x1 0x378 0x1da0004 0xfffffffffffff6ee 0x0 0x26deb38fa70 0x1 0x26ddc048310 0x2 0x1dd0007 0x912 0xa8 0x0 0x1e20004 0x0 0x0 0x0 0x0 0x0 0x0 0x1e80005 0x0 0x0 0x0 0x0 0x0 0x0 0x1eb0003 0x0 0x298 0x1ef0004 0x0 0x0 0x26ddc048310 0x6f 0x26deb38fc80 0xdd 0x1f20007 0x0 0x70 0x912 0x1fa0005 0x912 0x0 0x0 0x0 0x0 0x0 0x1fd0003 0x912 0x1f0 0x2030007 0x0 0x190 0x0 0x20e0002 0x0 0x2130005 0x0 0x0 0x0 0x0 0x0 0x0 0x2160005 0x0 0x0 0x0 0x0 0x0 0x0 0x21c0005 0x0 0x0 0x0 0x0 0x0 0x0 0x2230005 0x0 0x0 0x0 0x0 0x0 0x0 0x2260005 0x0 0x0 0x0 0x0 0x0 0x0 0x2290005 0x0 0x0 0x0 0x0 0x0 0x0 0x22c0002 0x0 0x2360005 0x0 0x0 0x0 0x0 0x0 0x0 0x2390002 0x0 0x24c0005 0x0 0x0 0x26deb38f860 0xf1f 0x0 0x0 0x2500003 0xf1f 0x50 0x2640005 0x0 0x0 0x0 0x0 0x0 0x0 0x0 0x0 0x0 0x0 0x0 0x0 0x0 0x0 0x0 0x0 0x0 0x0 0x0 0x0 0x0 0x0 0x0 0x0 0x0 0x0 0x0 0x0 0x0 0x0 0x0 0x0 0x0 0x0 0x0 0x9 0x3 0x0 0x0 0x0 oops 19 3 java/io/ObjectOutputStream$BlockDataOutputStream 10 java/io/ObjectOutputStream$ReplaceTable 28 java/io/ObjectOutputStream$BlockDataOutputStream 39 java/io/ObjectOutputStream$HandleTable 57 java/io/ObjectOutputStream$BlockDataOutputStream 64 java/rmi/server/UID 66 java/lang/Double 96 java/rmi/server/UID 98 java/lang/Double 137 java/io/ObjectStreamClass 180 sun/rmi/transport/ConnectionOutputStream 326 java/lang/String 328 java/rmi/server/UID 337 java/lang/String 375 java/rmi/server/UID 377 java/lang/Double 403 java/lang/Double 405 javax/management/openmbean/CompositeDataSupport 483 java/io/ObjectOutputStream$BlockDataOutputStream methods 0
ciMethodData java/io/ObjectOutputStream$ReplaceTable lookup (Ljava/lang/Object;)Ljava/lang/Object; 2 10721 orig 80 0 0 0 0 0 0 0 0 0 0 0 0 0 0 0 0 0 0 0 0 0 0 0 0 0 0 0 0 0 0 0 0 0 0 0 0 0 0 0 0 0 0 0 0 0 0 0 0 0 0 0 0 0 0 0 0 0 0 0 0 0 0 0 0 0 0 0 0 0 0 0 0 0 0 0 0 0 0 0 0 data 24 0x50005 0x0 0x0 0x26deb38f9c0 0x2857 0x0 0x0 0xa0007 0x2857 0x38 0x0 0x130003 0x0 0x18 0x0 0x0 0x0 0x0 0x0 0x0 0x9 0x2 0x0 0x0 oops 1 3 java/io/ObjectOutputStream$HandleTable methods 0
ciMethodData java/io/ObjectOutputStream writeNull ()V 2 5309 orig 80 0 0 0 0 0 0 0 0 0 0 0 0 0 0 0 0 0 0 0 0 0 0 0 0 0 0 0 0 0 0 0 0 0 0 0 0 0 0 0 0 0 0 0 0 0 0 0 0 0 0 0 0 0 0 0 0 0 0 0 0 0 0 0 0 0 0 0 0 0 0 0 0 0 0 0 0 0 0 0 0 data 16 0x60005 0x0 0x0 0x26deb38f860 0x142c 0x0 0x0 0x0 0x0 0x0 0x0 0x0 0x0 0x9 0x1 0x0 oops 1 3 java/io/ObjectOutputStream$BlockDataOutputStream methods 0
ciMethodData java/io/ObjectStreamClass lookup (Ljava/lang/Class;Z)Ljava/io/ObjectStreamClass; 2 5067 orig 80 0 0 0 0 0 0 0 0 0 0 0 0 0 0 0 0 0 0 0 0 0 0 0 0 0 0 0 0 0 0 0 0 0 0 0 0 0 0 0 0 0 0 0 0 0 0 0 0 0 0 0 0 0 0 0 0 0 0 0 0 0 0 0 0 0 0 0 0 0 0 0 0 0 0 0 0 0 0 0 0 data 39 0x10007 0x1302 0x78 0x0 0x70005 0x0 0x0 0x0 0x0 0x0 0x0 0xa0007 0x0 0x20 0x0 0x130005 0x0 0x0 0x26eecd1d200 0x1302 0x0 0x0 0x160004 0x0 0x0 0x26deb38fb20 0x1302 0x0 0x0 0x0 0x0 0x0 0x0 0x0 0x0 0x9 0x2 0xffffffffffffffff 0x0 oops 2 18 java/io/ObjectStreamClass$Caches$1 25 java/io/ObjectStreamClass methods 0
ciMethodData java/io/ClassCache get (Ljava/lang/Class;)Ljava/lang/Object; 2 5384 orig 80 0 0 0 0 0 0 0 0 0 0 0 0 0 0 0 0 0 0 0 0 0 0 0 0 0 0 0 0 0 0 0 0 0 0 0 0 0 0 0 0 0 0 0 0 0 0 0 0 0 0 0 0 0 0 0 0 0 0 0 0 0 0 0 0 0 0 0 0 0 0 0 0 0 0 0 0 0 0 0 0 data 70 0x10005 0x141c 0x0 0x0 0x0 0x0 0x0 0x90005 0x0 0x0 0x26eecd1d770 0x141c 0x0 0x0 0xc0004 0x0 0x0 0x26eecd1d820 0x141c 0x0 0x0 0x110005 0x0 0x0 0x26eecd1d820 0x141c 0x0 0x0 0x160007 0x141c 0x58 0x0 0x1a0005 0x0 0x0 0x0 0x0 0x0 0x0 0x200005 0x0 0x0 0x26eecd1d820 0x141c 0x0 0x0 0x270007 0x0 0x20 0x141c 0x320005 0x0 0x0 0x0 0x0 0x0 0x0 0x350003 0x0 0xfffffffffffffe38 0x0 0x0 0x0 0x0 0x0 0x0 0x9 0x2 0x0 0xffffffffffffffff oops 4 10 java/io/ClassCache$1 17 java/io/ClassCache$CacheRef 24 java/io/ClassCache$CacheRef 42 java/io/ClassCache$CacheRef methods 0
ciMethodData sun/nio/ch/NioSocketImpl ensureOpenAndConnected ()V 2 3803 orig 80 0 0 0 0 0 0 0 0 0 0 0 0 252 127 0 0 0 0 0 0 0 0 0 0 0 0 0 0 0 0 0 0 0 0 0 0 0 0 0 0 0 0 0 0 0 0 0 0 0 0 0 0 0 0 0 0 0 0 0 0 0 0 0 0 0 0 0 0 0 0 0 0 0 0 0 0 0 0 0 0 data 19 0x70007 0xddb 0x30 0x0 0x100002 0x0 0x160007 0xddb 0x30 0x0 0x1f0002 0x0 0x0 0x0 0x0 0x0 0x9 0x1 0x0 oops 0 methods 0
ciMethodData sun/nio/ch/IOStatus okayToRetry (J)Z 2 2010 orig 80 0 0 0 0 0 0 0 0 0 0 0 0 252 127 0 0 0 0 0 0 0 0 0 0 0 0 0 0 0 0 0 0 0 0 0 0 0 0 0 0 0 0 0 0 0 0 0 0 0 0 0 0 0 0 0 0 0 0 0 0 0 0 0 0 0 0 0 0 0 0 0 0 0 0 0 0 0 0 0 0 data 18 0x50007 0x0 0x40 0x6d9 0xd0007 0x6d9 0x38 0x0 0x110003 0x0 0x18 0x0 0x0 0x0 0x9 0x2 0x0 0x0 oops 0 methods 0
ciMethodData java/nio/DirectByteBuffer address ()J 2 5508 orig 80 0 0 0 0 0 0 0 0 0 0 0 0 252 127 0 0 0 0 0 0 0 0 0 0 0 0 0 0 0 0 0 0 0 0 0 0 0 0 0 0 0 0 0 0 0 0 0 0 0 0 0 0 0 0 0 0 0 0 0 0 0 0 0 0 0 0 0 0 0 0 0 0 0 0 0 0 0 0 0 0 data 45 0x10005 0x1404 0x0 0x0 0x0 0x0 0x0 0x60007 0x1404 0xe8 0x0 0xa0005 0x0 0x0 0x0 0x0 0x0 0x0 0xf0007 0x0 0x30 0x0 0x180002 0x0 0x1d0005 0x0 0x0 0x0 0x0 0x0 0x0 0x220003 0x0 0x28 0x2c0002 0x0 0x0 0x0 0x0 0x0 0x0 0x0 0x9 0x1 0x0 oops 0 methods 0
ciMethodData sun/rmi/server/MarshalOutputStream replaceObject (Ljava/lang/Object;)Ljava/lang/Object; 2 4037 orig 80 0 0 0 0 0 0 0 0 0 0 0 0 252 127 0 0 0 0 0 0 0 0 0 0 0 0 0 0 0 0 0 0 0 0 0 0 0 0 0 0 0 0 0 0 0 0 0 0 0 0 0 0 0 0 0 0 0 0 0 0 0 0 0 0 0 0 0 0 0 0 0 0 0 0 0 0 0 0 0 0 data 52 0x10004 0xfffffffffffff13b 0x0 0x0 0x0 0x0 0x0 0x40007 0xec5 0x118 0x0 0x80004 0x0 0x0 0x0 0x0 0x0 0x0 0xb0007 0x0 0xc0 0x0 0xf0004 0x0 0x0 0x0 0x0 0x0 0x0 0x120002 0x0 0x170007 0x0 0x58 0x0 0x1b0005 0x0 0x0 0x0 0x0 0x0 0x0 0x0 0x0 0x0 0x0 0x0 0x0 0x9 0x2 0x0 0xffffffffffffffff oops 0 methods 0
ciMethodData sun/rmi/transport/ObjectTable getTarget (Ljava/rmi/Remote;)Lsun/rmi/transport/Target; 1 2 orig 80 0 0 0 0 0 0 0 0 0 0 0 0 0 0 0 0 0 0 0 0 0 0 0 0 0 0 0 0 0 0 0 0 0 0 0 0 0 0 0 0 0 0 0 0 0 0 0 0 0 0 0 0 0 0 0 0 0 0 0 0 0 0 0 0 0 0 0 0 0 0 0 0 0 0 0 0 0 0 0 0 data 25 0xe0002 0x0 0x110005 0x0 0x0 0x0 0x0 0x0 0x0 0x160004 0x0 0x0 0x0 0x0 0x0 0x0 0x0 0x0 0x0 0x0 0x0 0x0 0x9 0x1 0xffffffffffffffff oops 0 methods 0
ciMethodData java/io/ClassCache processQueue ()V 2 5384 orig 80 0 0 0 0 0 0 0 0 0 0 0 0 0 0 0 0 0 0 0 0 0 0 0 0 0 0 0 0 0 0 0 0 0 0 0 0 0 0 0 0 0 0 0 0 0 0 0 0 0 0 0 0 0 0 0 0 0 0 0 0 0 0 0 0 0 0 0 0 0 0 0 0 0 0 0 0 0 0 0 0 data 44 0x40005 0x0 0x0 0x26eecd1e1c0 0x139c 0x0 0x0 0x90007 0x139c 0xe0 0x0 0xd0004 0x0 0x0 0x0 0x0 0x0 0x0 0x160005 0x0 0x0 0x0 0x0 0x0 0x0 0x190005 0x0 0x0 0x0 0x0 0x0 0x0 0x1c0003 0x0 0xffffffffffffff00 0x0 0x0 0x0 0x0 0x0 0x0 0x9 0x1 0x0 oops 1 3 java/lang/ref/ReferenceQueue methods 0
ciMethodData java/lang/ClassValue getMap (Ljava/lang/Class;)Ljava/lang/ClassValue$ClassValueMap; 1 35 orig 80 0 0 0 0 0 0 0 0 0 0 0 0 0 0 0 0 0 0 0 0 0 0 0 0 0 0 0 0 0 0 0 0 0 0 0 0 0 0 0 0 0 0 0 0 0 0 0 0 0 0 0 0 0 0 0 0 0 0 0 0 0 0 0 0 0 0 0 0 0 0 0 0 0 0 0 0 0 0 0 0 data 15 0x60007 0x0 0x20 0x0 0xc0002 0x0 0x0 0x0 0x0 0x0 0x0 0x0 0x9 0x1 0xffffffffffffffff oops 0 methods 0
ciMethodData java/lang/ClassValue initializeMap (Ljava/lang/Class;)Ljava/lang/ClassValue$ClassValueMap; 1 25 orig 80 0 0 0 0 0 0 0 0 0 0 0 0 0 0 0 0 0 0 0 0 0 0 0 0 0 0 0 0 0 0 0 0 0 0 0 0 0 0 0 0 0 0 0 0 0 0 0 0 0 0 0 0 0 0 0 0 0 0 0 0 0 0 0 0 0 0 0 0 0 0 0 0 0 0 0 0 0 0 0 0 data 25 0xc0007 0x0 0x68 0x0 0x130002 0x0 0x1a0005 0x0 0x0 0x0 0x0 0x0 0x0 0x240003 0x0 0x18 0x0 0x0 0x0 0x0 0x0 0x0 0x9 0x1 0x0 oops 0 methods 0
ciMethodData java/lang/ClassValue get (Ljava/lang/Class;)Ljava/lang/Object; 2 5389 orig 80 0 0 0 0 0 0 0 0 0 0 0 0 0 0 0 0 0 0 0 0 0 0 0 0 0 0 0 0 0 0 0 0 0 0 0 0 0 0 0 0 0 0 0 0 0 0 0 0 0 0 0 0 0 0 0 0 0 0 0 0 0 0 0 0 0 0 0 0 0 0 0 0 0 0 0 0 0 0 0 0 data 39 0x10002 0x139c 0x70002 0x139c 0xd0005 0x0 0x0 0x26eecd1d770 0x139c 0x0 0x0 0x100007 0x0 0x58 0x139c 0x140005 0x0 0x0 0x26eecd1f100 0x139c 0x0 0x0 0x1b0005 0x0 0x0 0x0 0x0 0x0 0x0 0x0 0x0 0x0 0x0 0x0 0x0 0x9 0x2 0x0 0x0 oops 2 7 java/io/ClassCache$1 18 java/lang/ClassValue$Entry methods 0
ciMethodData java/lang/ClassValue getCacheCarefully (Ljava/lang/Class;)[Ljava/lang/ClassValue$Entry; 2 5389 orig 80 0 0 0 0 0 0 0 0 0 0 0 0 252 127 0 0 0 0 0 0 0 0 0 0 0 0 0 0 0 0 0 0 0 0 0 0 0 0 0 0 0 0 0 0 0 0 0 0 0 0 0 0 0 0 0 0 0 0 0 0 0 0 0 0 0 0 0 0 0 0 0 0 0 0 0 0 0 0 0 0 data 20 0x60007 0x1389 0x20 0x0 0xe0005 0x0 0x0 0x26eecd1f8f0 0x1389 0x0 0x0 0x0 0x0 0x0 0x0 0x0 0x0 0x9 0x1 0x0 oops 1 7 java/lang/ClassValue$ClassValueMap methods 0
ciMethodData java/lang/ClassValue$ClassValueMap probeHomeLocation ([Ljava/lang/ClassValue$Entry;Ljava/lang/ClassValue;)Ljava/lang/ClassValue$Entry; 2 5389 orig 80 0 0 0 0 0 0 0 0 0 0 0 0 252 127 0 0 0 0 0 0 0 0 0 0 0 0 0 0 0 0 0 0 0 0 0 0 0 0 0 0 0 0 0 0 0 0 0 0 0 0 0 0 0 0 0 0 0 0 0 0 0 0 0 0 0 0 0 0 0 0 0 0 0 0 0 0 0 0 0 0 data 19 0x60002 0x1389 0x90005 0x0 0x0 0x26eecd1d770 0x1389 0x0 0x0 0x0 0x0 0x0 0x0 0x0 0x0 0x9 0x2 0x0 0x0 oops 1 5 java/io/ClassCache$1 methods 0
ciMethodData java/lang/ClassValue$ClassValueMap loadFromCache ([Ljava/lang/ClassValue$Entry;I)Ljava/lang/ClassValue$Entry; 2 5389 orig 80 0 0 0 0 0 0 0 0 0 0 0 0 0 0 0 0 0 0 0 0 0 0 0 0 0 0 0 0 0 0 0 0 0 0 0 0 0 0 0 0 0 0 0 0 0 0 0 0 0 0 0 0 0 0 0 0 0 0 0 0 0 0 0 0 0 0 0 0 0 0 0 0 0 0 0 0 0 0 0 0 data 8 0x0 0x0 0x0 0x0 0x9 0x2 0x0 0x0 oops 0 methods 0
ciMethodData java/lang/ClassValue castEntry (Ljava/lang/ClassValue$Entry;)Ljava/lang/ClassValue$Entry; 2 5389 orig 80 0 0 0 0 0 0 0 0 0 0 0 0 0 0 0 0 0 0 0 0 0 0 0 0 0 0 0 0 0 0 0 0 0 0 0 0 0 0 0 0 0 0 0 0 0 0 0 0 0 0 0 0 0 0 0 0 0 0 0 0 0 0 0 0 0 0 0 0 0 0 0 0 0 0 0 0 0 0 0 0 data 5 0x0 0x9 0x2 0x0 0x0 oops 0 methods 0
ciMethodData java/lang/ClassValue match (Ljava/lang/ClassValue$Entry;)Z 2 5389 orig 80 0 0 0 0 0 0 0 0 0 0 0 0 0 0 0 0 0 0 0 0 0 0 0 0 0 0 0 0 0 0 0 0 0 0 0 0 0 0 0 0 0 0 0 0 0 0 0 0 0 0 0 0 0 0 0 0 0 0 0 0 0 0 0 0 0 0 0 0 0 0 0 0 0 0 0 0 0 0 0 0 data 28 0x10007 0x0 0x90 0x130e 0x50005 0x0 0x0 0x26eecd1f100 0x130e 0x0 0x0 0xc0007 0x0 0x38 0x130e 0x100003 0x130e 0x18 0x0 0x0 0x0 0x0 0x0 0x0 0x9 0x2 0x0 0x0 oops 1 7 java/lang/ClassValue$Entry methods 0
ciMethodData java/lang/ClassValue getFromBackup ([Ljava/lang/ClassValue$Entry;Ljava/lang/Class;)Ljava/lang/Object; 1 35 orig 80 0 0 0 0 0 0 0 0 0 0 0 0 0 0 0 0 0 0 0 0 0 0 0 0 0 0 0 0 0 0 0 0 0 0 0 0 0 0 0 0 0 0 0 0 0 0 0 0 0 0 0 0 0 0 0 0 0 0 0 0 0 0 0 0 0 0 0 0 0 0 0 0 0 0 0 0 0 0 0 0 data 31 0x20002 0x0 0x70007 0x0 0x58 0x0 0xb0005 0x0 0x0 0x0 0x0 0x0 0x0 0x110005 0x0 0x0 0x0 0x0 0x0 0x0 0x0 0x0 0x0 0x0 0x0 0x0 0x9 0x3 0xffffffffffffffff 0xffffffffffffffff 0xffffffffffffffff oops 0 methods 0
ciMethodData java/lang/ClassValue$ClassValueMap probeBackupLocations ([Ljava/lang/ClassValue$Entry;Ljava/lang/ClassValue;)Ljava/lang/ClassValue$Entry; 1 35 orig 80 0 0 0 0 0 0 0 0 0 0 0 0 0 0 0 0 0 0 0 0 0 0 0 0 0 0 0 0 0 0 0 0 0 0 0 0 0 0 0 0 0 0 0 0 0 0 0 0 0 0 0 0 0 0 0 0 0 0 0 0 0 0 0 0 0 0 0 0 0 0 0 0 0 0 0 0 0 0 0 0 data 98 0x130007 0x0 0x20 0x0 0x260007 0x0 0x2a0 0x0 0x330007 0x0 0x38 0x0 0x360003 0x0 0x260 0x3c0005 0x0 0x0 0x0 0x0 0x0 0x0 0x3f0007 0x0 0x180 0x0 0x460004 0x0 0x0 0x0 0x0 0x0 0x0 0x490007 0x0 0x70 0x0 0x540004 0x0 0x0 0x0 0x0 0x0 0x0 0x550003 0x0 0x18 0x660002 0x0 0x6b0007 0x0 0x38 0x0 0x700003 0x0 0x18 0x760004 0x0 0x0 0x0 0x0 0x0 0x0 0x7a0005 0x0 0x0 0x0 0x0 0x0 0x0 0x800005 0x0 0x0 0x0 0x0 0x0 0x0 0x830007 0x0 0x40 0x0 0x880007 0x0 0x20 0x0 0x920003 0x0 0xfffffffffffffd78 0x0 0x0 0x0 0x0 0x0 0x0 0x9 0x2 0x0 0x0 oops 0 methods 0
ciMethodData java/lang/ClassValue getFromHashMap (Ljava/lang/Class;)Ljava/lang/Object; 1 35 orig 80 0 0 0 0 0 0 0 0 0 0 0 0 0 0 0 0 0 0 0 0 0 0 0 0 0 0 0 0 0 0 0 0 0 0 0 0 0 0 0 0 0 0 0 0 0 0 0 0 0 0 0 0 0 0 0 0 0 0 0 0 0 0 0 0 0 0 0 0 0 0 0 0 0 0 0 0 0 0 0 0 data 84 0x10002 0x0 0x70005 0x0 0x0 0x0 0x0 0x0 0x0 0xc0005 0x0 0x0 0x0 0x0 0x0 0x0 0xf0007 0x0 0x58 0x0 0x130005 0x0 0x0 0x0 0x0 0x0 0x0 0x180005 0x0 0x0 0x0 0x0 0x0 0x0 0x1d0005 0x0 0x0 0x0 0x0 0x0 0x0 0x200002 0x0 0x270005 0x0 0x0 0x0 0x0 0x0 0x0 0x2b0003 0x0 0x50 0x330005 0x0 0x0 0x0 0x0 0x0 0x0 0x3b0007 0x0 0x58 0x0 0x3f0005 0x0 0x0 0x0 0x0 0x0 0x0 0x430003 0x0 0xfffffffffffffdd8 0x0 0x0 0x0 0x0 0x0 0x0 0x9 0x2 0xffffffffffffffff 0xffffffffffffffff oops 0 methods 0
ciMethodData java/net/Socket$SocketOutputStream write ([BII)V 2 1833 orig 80 0 0 0 0 0 0 0 0 0 0 0 0 252 127 0 0 0 0 0 0 0 0 0 0 0 0 0 0 0 0 0 0 0 0 0 0 0 0 0 0 0 0 0 0 0 0 0 0 0 0 0 0 0 0 0 0 0 0 0 0 0 0 0 0 0 0 0 0 0 0 0 0 0 0 0 0 0 0 0 0 data 19 0x70005 0x0 0x0 0x26ddc90f8a0 0x629 0x0 0x0 0x0 0x0 0x0 0x0 0x0 0x0 0x9 0x4 0x0 0x0 0x0 0x0 oops 1 3 sun/nio/ch/NioSocketImpl$2 methods 0
ciMethodData sun/nio/ch/NioSocketImpl$2 write ([BII)V 2 1833 orig 80 0 0 0 0 0 0 0 0 0 0 0 0 252 127 0 0 0 0 0 0 0 0 0 0 0 0 0 0 0 0 0 0 0 0 0 0 0 0 0 0 0 0 0 0 0 0 0 0 0 0 0 0 0 0 0 0 0 0 0 0 0 0 0 0 0 0 0 0 0 0 0 0 0 0 0 0 0 0 0 0 data 19 0x70005 0x629 0x0 0x0 0x0 0x0 0x0 0x0 0x0 0x0 0x0 0x0 0x0 0x9 0x4 0x0 0x0 0x0 0x0 oops 0 methods 0
ciMethodData sun/nio/ch/NioSocketImpl write ([BII)V 2 1833 orig 80 0 0 0 0 0 0 0 0 0 0 0 0 0 0 0 0 0 0 0 0 0 0 0 0 0 0 0 0 0 0 0 0 0 0 0 0 0 0 0 0 0 0 0 0 0 0 0 0 0 0 0 0 0 0 0 0 0 0 0 0 0 0 0 0 0 0 0 0 0 0 0 0 0 0 0 0 0 0 0 0 data 58 0x40002 0x629 0x90007 0x0 0x160 0x629 0x100005 0x0 0x0 0x26ddc912100 0x629 0x0 0x0 0x1f0007 0x629 0x80 0x629 0x290002 0x629 0x340005 0x629 0x0 0x0 0x0 0x0 0x0 0x400003 0x629 0xffffffffffffff98 0x470005 0x0 0x0 0x26ddc912100 0x629 0x0 0x0 0x4a0003 0x629 0x50 0x530005 0x0 0x0 0x0 0x0 0x0 0x0 0x0 0x0 0x0 0x0 0x0 0x0 0x9 0x4 0x0 0x0 0x0 0x0 oops 2 9 java/util/concurrent/locks/ReentrantLock 32 java/util/concurrent/locks/ReentrantLock methods 0
ciMethodData sun/nio/ch/SocketDispatcher write (Ljava/io/FileDescriptor;JI)I 2 1833 orig 80 0 0 0 0 0 0 0 0 0 0 0 0 252 127 0 0 0 0 0 0 0 0 0 0 0 0 0 0 0 0 0 0 0 0 0 0 0 0 0 0 0 0 0 0 0 0 0 0 0 0 0 0 0 0 0 0 0 0 0 0 0 0 0 0 0 0 0 0 0 0 0 0 0 0 0 0 0 0 0 0 data 15 0x40002 0x629 0x0 0x0 0x0 0x0 0x0 0x0 0x9 0x5 0x0 0x0 0x0 0x0 0x0 oops 0 methods 0
ciMethodData sun/nio/ch/NioSocketImpl implWrite ([BII)I 2 1833 orig 80 0 0 0 0 0 0 0 0 0 0 0 0 0 0 0 0 0 0 0 0 0 0 0 0 0 0 0 0 0 0 0 0 0 0 0 0 0 0 0 0 0 0 0 0 0 0 0 0 0 0 0 0 0 0 0 0 0 0 0 0 0 0 0 0 0 0 0 0 0 0 0 0 0 0 0 0 0 0 0 0 data 97 0x40005 0x5a9 0x0 0x0 0x0 0x0 0x0 0xf0005 0x5a9 0x0 0x0 0x0 0x0 0x0 0x170002 0x5a9 0x1a0007 0x5a9 0x100 0x0 0x1e0005 0x0 0x0 0x0 0x0 0x0 0x0 0x210007 0x0 0xa8 0x0 0x2a0005 0x0 0x0 0x0 0x0 0x0 0x0 0x330005 0x0 0x0 0x0 0x0 0x0 0x0 0x380003 0x0 0xffffffffffffff08 0x420007 0x0 0x38 0x5a9 0x460003 0x5a9 0x18 0x4a0005 0x5a9 0x0 0x0 0x0 0x0 0x0 0x580005 0x0 0x0 0x0 0x0 0x0 0x0 0x5b0002 0x0 0x640007 0x0 0x38 0x0 0x680003 0x0 0x18 0x6c0005 0x0 0x0 0x0 0x0 0x0 0x0 0x0 0x0 0x0 0x0 0x0 0x0 0x9 0x4 0x0 0x0 0x0 0x0 oops 0 methods 0
ciMethodData java/nio/ByteBuffer putArray (I[BII)Ljava/nio/ByteBuffer; 2 1833 orig 80 0 0 0 0 0 0 0 0 0 0 0 0 252 127 0 0 0 0 0 0 0 0 0 0 0 0 0 0 0 0 0 0 0 0 0 0 0 0 0 0 0 0 0 0 0 0 0 0 0 0 0 0 0 0 0 0 0 0 0 0 0 0 0 0 0 0 0 0 0 0 0 0 0 0 0 0 0 0 0 0 data 62 0x90007 0x268 0x118 0x341 0x2d0005 0x341 0x0 0x0 0x0 0x0 0x0 0x340005 0x0 0x0 0x26e868189e0 0x341 0x0 0x0 0x3b0005 0x0 0x0 0x26e507f2820 0x341 0x0 0x0 0x3f0002 0x341 0x420003 0x341 0x28 0x480002 0x0 0x4e0003 0x341 0x88 0x610007 0x268 0x70 0x268 0x6b0005 0x0 0x0 0x26e868189e0 0x268 0x0 0x0 0x750003 0x268 0xffffffffffffffa8 0x0 0x0 0x0 0x0 0x0 0x0 0x9 0x5 0x0 0x0 0x0 0x0 0x0 oops 3 14 java/nio/DirectByteBuffer 21 jdk/internal/misc/ScopedMemoryAccess 42 java/nio/DirectByteBuffer methods 0
ciMethodData sun/nio/ch/NioSocketImpl beginWrite ()Ljava/io/FileDescriptor; 2 1833 orig 80 0 0 0 0 0 0 0 0 0 0 0 0 0 0 0 0 0 0 0 0 0 0 0 0 0 0 0 0 0 0 0 0 0 0 0 0 0 0 0 0 0 0 0 0 0 0 0 0 0 0 0 0 0 0 0 0 0 0 0 0 0 0 0 0 0 0 0 0 0 0 0 0 0 0 0 0 0 0 0 0 data 18 0x80005 0x5a9 0x0 0x0 0x0 0x0 0x0 0xc0002 0x5a9 0x0 0x0 0x0 0x0 0x0 0x0 0x9 0x1 0x0 oops 0 methods 0
ciMethodData sun/nio/ch/NioSocketImpl tryWrite (Ljava/io/FileDescriptor;[BII)I 2 1833 orig 80 0 0 0 0 0 0 0 0 0 0 0 0 0 0 0 0 0 0 0 0 0 0 0 0 0 0 0 0 0 0 0 0 0 0 0 0 0 0 0 0 0 0 0 0 0 0 0 0 0 0 0 0 0 0 0 0 0 0 0 0 0 0 0 0 0 0 0 0 0 0 0 0 0 0 0 0 0 0 0 0 data 64 0x20002 0x5a9 0xa0007 0x5a9 0x88 0x0 0xf0005 0x0 0x0 0x0 0x0 0x0 0x0 0x120007 0x0 0x30 0x0 0x190002 0x0 0x230005 0x0 0x0 0x26e868189e0 0x5a9 0x0 0x0 0x2d0004 0x0 0x0 0x26e868189e0 0x5a9 0x0 0x0 0x300005 0x0 0x0 0x26e868189e0 0x5a9 0x0 0x0 0x370005 0x0 0x0 0x26e86818a90 0x5a9 0x0 0x0 0x3e0002 0x5a9 0x480002 0x0 0x0 0x0 0x0 0x0 0x0 0x0 0x9 0x5 0x0 0x0 0x0 0x0 0x0 oops 4 22 java/nio/DirectByteBuffer 29 java/nio/DirectByteBuffer 36 java/nio/DirectByteBuffer 43 sun/nio/ch/SocketDispatcher methods 0
ciMethodData sun/nio/ch/NioSocketImpl endWrite (Z)V 2 1833 orig 80 0 0 0 0 0 0 0 0 0 0 0 0 0 0 0 0 0 0 0 0 0 0 0 0 0 0 0 0 0 0 0 0 0 0 0 0 0 0 0 0 0 0 0 0 0 0 0 0 0 0 0 0 0 0 0 0 0 0 0 0 0 0 0 0 0 0 0 0 0 0 0 0 0 0 0 0 0 0 0 0 data 34 0x130007 0x5a9 0x58 0x0 0x170005 0x0 0x0 0x0 0x0 0x0 0x0 0x1b0007 0x5a9 0x50 0x0 0x200007 0x0 0x30 0x0 0x290002 0x0 0x2f0003 0x5a9 0x18 0x0 0x0 0x0 0x0 0x0 0x0 0x9 0x2 0x0 0x0 oops 0 methods 0
ciMethodData java/nio/ByteBuffer put ([BII)Ljava/nio/ByteBuffer; 2 1833 orig 80 0 0 0 0 0 0 0 0 0 0 0 0 252 127 0 0 0 0 0 0 0 0 0 0 0 0 0 0 0 0 0 0 0 0 0 0 0 0 0 0 0 0 0 0 0 0 0 0 0 0 0 0 0 0 0 0 0 0 0 0 0 0 0 0 0 0 0 0 0 0 0 0 0 0 0 0 0 0 0 0 data 61 0x10005 0x0 0x0 0x26e868189e0 0x5a9 0x0 0x0 0x40007 0x5a9 0x30 0x0 0xb0002 0x0 0x130002 0x5a9 0x180005 0x5a9 0x0 0x0 0x0 0x0 0x0 0x1f0005 0x5a9 0x0 0x0 0x0 0x0 0x0 0x250007 0x5a9 0x30 0x0 0x2c0002 0x0 0x360005 0x5a9 0x0 0x0 0x0 0x0 0x0 0x3f0005 0x0 0x0 0x26e868189e0 0x5a9 0x0 0x0 0x0 0x0 0x0 0x0 0x0 0x0 0x9 0x4 0x0 0x0 0x0 0x0 oops 2 3 java/nio/DirectByteBuffer 45 java/nio/DirectByteBuffer methods 0
ciMethodData java/nio/DirectByteBuffer put (IB)Ljava/nio/ByteBuffer; 1 784 orig 80 0 0 0 0 0 0 0 0 0 0 0 0 252 127 0 0 0 0 0 0 0 0 0 0 0 0 0 0 0 0 0 0 0 0 0 0 0 0 0 0 0 0 0 0 0 0 0 0 0 0 0 0 0 0 0 0 0 0 0 0 0 0 0 0 0 0 0 0 0 0 0 0 0 0 0 0 0 0 0 0 data 51 0x40005 0x210 0x0 0x0 0x0 0x0 0x0 0xb0005 0x210 0x0 0x0 0x0 0x0 0x0 0xe0005 0x210 0x0 0x0 0x0 0x0 0x0 0x12000b 0x0 0x0 0x26e507f2820 0x210 0x0 0x0 0x4 0x1 0x1 0x2 0x1 0x160002 0x210 0x190003 0x210 0x28 0x1e0002 0x0 0x0 0x0 0x0 0x0 0x0 0x0 0x9 0x3 0x0 0x0 0x0 oops 1 24 jdk/internal/misc/ScopedMemoryAccess methods 0
ciMethodData jdk/internal/misc/ScopedMemoryAccess putByte (Ljdk/internal/misc/ScopedMemoryAccess$Scope;Ljava/lang/Object;JB)V 1 784 orig 80 0 0 0 0 0 0 0 0 0 0 0 0 0 0 0 0 0 0 0 0 0 0 0 0 0 0 0 0 0 0 0 0 0 0 0 0 0 0 0 0 0 0 0 0 0 0 0 0 0 0 0 0 0 0 0 0 0 0 0 0 0 0 0 0 0 0 0 0 0 0 0 0 0 0 0 0 0 0 0 0 data 31 0x6000b 0x210 0x0 0x0 0x0 0x0 0x0 0x4 0x1 0x1 0x2 0x1 0x90003 0x210 0x28 0x140002 0x0 0x0 0x0 0x0 0x0 0x0 0x0 0x9 0x6 0x0 0x0 0x0 0x0 0x0 0x0 oops 0 methods 0
ciMethodData jdk/internal/misc/ScopedMemoryAccess putByteInternal (Ljdk/internal/misc/ScopedMemoryAccess$Scope;Ljava/lang/Object;JB)V 1 784 orig 80 0 0 0 0 0 0 0 0 0 0 0 0 0 0 0 0 0 0 0 0 0 0 0 0 0 0 0 0 0 0 0 0 0 0 0 0 0 0 0 0 0 0 0 0 0 0 0 0 0 0 0 0 0 0 0 0 0 0 0 0 0 0 0 0 0 0 0 0 0 0 0 0 0 0 0 0 0 0 0 0 data 42 0x10007 0x210 0x58 0x0 0x50005 0x0 0x0 0x0 0x0 0x0 0x0 0x11000b 0x0 0x0 0x0 0x0 0x0 0x0 0x2 0x1 0x0 0x150002 0x210 0x180003 0x210 0x28 0x1e0002 0x0 0x0 0x0 0x0 0x0 0x0 0x0 0x9 0x6 0x0 0x0 0x0 0x0 0x0 0x0 oops 0 methods 0
compile java/io/ObjectOutputStream writeObject0 (Ljava/lang/Object;Z)V -1 4 inline 323 0 -1 java/io/ObjectOutputStream writeObject0 (Ljava/lang/Object;Z)V 1 5 java/io/ObjectOutputStream$BlockDataOutputStream setBlockDataMode (Z)Z 2 14 java/io/ObjectOutputStream$BlockDataOutputStream drain ()V 3 20 java/io/ObjectOutputStream$BlockDataOutputStream writeBlockHeader (I)V 4 33 java/io/BufferedOutputStream write ([BII)V 5 10 java/io/BufferedOutputStream flushBuffer ()V 6 20 java/net/Socket$SocketOutputStream write ([BII)V 7 7 sun/nio/ch/NioSocketImpl$2 write ([BII)V 8 7 sun/nio/ch/NioSocketImpl write ([BII)V 9 4 java/util/Objects checkFromIndexSize (III)I 10 4 jdk/internal/util/Preconditions checkFromIndexSize (IIILjava/util/function/BiFunction;)I 9 16 java/util/concurrent/locks/ReentrantLock lock ()V 10 4 java/util/concurrent/locks/ReentrantLock$Sync lock ()V 11 1 java/util/concurrent/locks/ReentrantLock$NonfairSync initialTryLock ()Z 12 7 java/util/concurrent/locks/AbstractQueuedSynchronizer compareAndSetState (II)Z 12 15 java/util/concurrent/locks/AbstractOwnableSynchronizer setExclusiveOwnerThread (Ljava/lang/Thread;)V 12 21 java/util/concurrent/locks/AbstractOwnableSynchronizer getExclusiveOwnerThread ()Ljava/lang/Thread; 12 29 java/util/concurrent/locks/AbstractQueuedSynchronizer getState ()I 12 51 java/util/concurrent/locks/AbstractQueuedSynchronizer setState (I)V 9 52 sun/nio/ch/NioSocketImpl implWrite ([BII)I 10 4 sun/nio/ch/NioSocketImpl beginWrite ()Ljava/io/FileDescriptor; 11 8 sun/nio/ch/NioSocketImpl ensureOpenAndConnected ()V 11 12 sun/nio/ch/NativeThread current ()J 10 15 sun/nio/ch/NioSocketImpl tryWrite (Ljava/io/FileDescriptor;[BII)I 11 2 sun/nio/ch/Util getTemporaryDirectBuffer (I)Ljava/nio/ByteBuffer; 12 1 sun/nio/ch/Util isBufferTooLarge (I)Z 12 15 java/lang/ThreadLocal get ()Ljava/lang/Object; 13 6 java/lang/ThreadLocal getMap (Ljava/lang/Thread;)Ljava/lang/ThreadLocal$ThreadLocalMap; 13 16 java/lang/ThreadLocal$ThreadLocalMap getEntry (Ljava/lang/ThreadLocal;)Ljava/lang/ThreadLocal$ThreadLocalMap$Entry; 14 26 java/lang/ref/Reference refersTo (Ljava/lang/Object;)Z 15 2 java/lang/ref/Reference refersToImpl (Ljava/lang/Object;)Z 12 24 sun/nio/ch/Util$BufferCache get (I)Ljava/nio/ByteBuffer; 13 43 java/nio/Buffer capacity ()I 13 135 sun/nio/ch/Util$BufferCache next (I)I 13 152 java/nio/MappedByteBuffer rewind ()Ljava/nio/ByteBuffer; 14 1 java/nio/MappedByteBuffer rewind ()Ljava/nio/MappedByteBuffer; 15 1 java/nio/ByteBuffer rewind ()Ljava/nio/ByteBuffer; 16 1 java/nio/Buffer rewind ()Ljava/nio/Buffer; 13 158 java/nio/MappedByteBuffer limit (I)Ljava/nio/ByteBuffer; 14 2 java/nio/MappedByteBuffer limit (I)Ljava/nio/MappedByteBuffer; 15 2 java/nio/ByteBuffer limit (I)Ljava/nio/ByteBuffer; 16 2 java/nio/Buffer limit (I)Ljava/nio/Buffer; 11 35 java/nio/ByteBuffer put ([BII)Ljava/nio/ByteBuffer; 12 1 java/nio/DirectByteBuffer isReadOnly ()Z 12 19 java/util/Objects checkFromIndexSize (III)I 13 4 jdk/internal/util/Preconditions checkFromIndexSize (IIILjava/util/function/BiFunction;)I 12 24 java/nio/Buffer position ()I 12 31 java/nio/Buffer limit ()I 12 54 java/nio/ByteBuffer putArray (I[BII)Ljava/nio/ByteBuffer; 13 45 java/nio/Buffer scope ()Ljdk/internal/misc/ScopedMemoryAccess$Scope; 13 52 java/nio/DirectByteBuffer base ()Ljava/lang/Object; 13 59 jdk/internal/misc/ScopedMemoryAccess copyMemory (Ljdk/internal/misc/ScopedMemoryAccess$Scope;Ljdk/internal/misc/ScopedMemoryAccess$Scope;Ljava/lang/Object;JLjava/lang/Object;JJ)V 14 12 jdk/internal/misc/ScopedMemoryAccess copyMemoryInternal (Ljdk/internal/misc/ScopedMemoryAccess$Scope;Ljdk/internal/misc/ScopedMemoryAccess$Scope;Ljava/lang/Object;JLjava/lang/Object;JJ)V 15 32 jdk/internal/misc/Unsafe copyMemory (Ljava/lang/Object;JLjava/lang/Object;JJ)V 16 9 jdk/internal/misc/Unsafe copyMemoryChecks (Ljava/lang/Object;JLjava/lang/Object;JJ)V 15 36 java/lang/ref/Reference reachabilityFence (Ljava/lang/Object;)V 15 40 java/lang/ref/Reference reachabilityFence (Ljava/lang/Object;)V 15 49 java/lang/ref/Reference reachabilityFence (Ljava/lang/Object;)V 15 53 java/lang/ref/Reference reachabilityFence (Ljava/lang/Object;)V 13 63 java/lang/ref/Reference reachabilityFence (Ljava/lang/Object;)V 13 72 java/lang/ref/Reference reachabilityFence (Ljava/lang/Object;)V 13 107 java/nio/DirectByteBuffer put (IB)Ljava/nio/ByteBuffer; 14 4 java/nio/Buffer scope ()Ljdk/internal/misc/ScopedMemoryAccess$Scope; 14 11 java/nio/Buffer checkIndex (I)I 14 14 java/nio/DirectByteBuffer ix (I)J 14 18 jdk/internal/misc/ScopedMemoryAccess putByte (Ljdk/internal/misc/ScopedMemoryAccess$Scope;Ljava/lang/Object;JB)V 15 6 jdk/internal/misc/ScopedMemoryAccess putByteInternal (Ljdk/internal/misc/ScopedMemoryAccess$Scope;Ljava/lang/Object;JB)V 16 21 java/lang/ref/Reference reachabilityFence (Ljava/lang/Object;)V 14 22 java/lang/ref/Reference reachabilityFence (Ljava/lang/Object;)V 12 63 java/nio/MappedByteBuffer position (I)Ljava/nio/ByteBuffer; 13 2 java/nio/MappedByteBuffer position (I)Ljava/nio/MappedByteBuffer; 14 2 java/nio/ByteBuffer position (I)Ljava/nio/ByteBuffer; 15 2 java/nio/Buffer position (I)Ljava/nio/Buffer; 11 48 java/nio/DirectByteBuffer address ()J 12 1 java/nio/Buffer scope ()Ljdk/internal/misc/ScopedMemoryAccess$Scope; 11 55 sun/nio/ch/SocketDispatcher write (Ljava/io/FileDescriptor;JI)I 11 62 sun/nio/ch/Util offerFirstTemporaryDirectBuffer (Ljava/nio/ByteBuffer;)V 12 1 sun/nio/ch/Util isBufferTooLarge (Ljava/nio/ByteBuffer;)Z 13 1 java/nio/Buffer capacity ()I 13 4 sun/nio/ch/Util isBufferTooLarge (I)Z 12 33 java/lang/ThreadLocal get ()Ljava/lang/Object; 13 6 java/lang/ThreadLocal getMap (Ljava/lang/Thread;)Ljava/lang/ThreadLocal$ThreadLocalMap; 13 16 java/lang/ThreadLocal$ThreadLocalMap getEntry (Ljava/lang/ThreadLocal;)Ljava/lang/ThreadLocal$ThreadLocalMap$Entry; 14 26 java/lang/ref/Reference refersTo (Ljava/lang/Object;)Z 15 2 java/lang/ref/Reference refersToImpl (Ljava/lang/Object;)Z 12 42 sun/nio/ch/Util$BufferCache offerFirst (Ljava/nio/ByteBuffer;)Z 10 23 sun/nio/ch/IOStatus okayToRetry (J)Z 10 74 sun/nio/ch/NioSocketImpl endWrite (Z)V 9 71 java/util/concurrent/locks/ReentrantLock unlock ()V 10 5 java/util/concurrent/locks/AbstractQueuedSynchronizer release (I)Z 11 2 java/util/concurrent/locks/ReentrantLock$Sync tryRelease (I)Z 12 1 java/util/concurrent/locks/AbstractQueuedSynchronizer getState ()I 12 8 java/util/concurrent/locks/AbstractOwnableSynchronizer getExclusiveOwnerThread ()Ljava/lang/Thread; 12 41 java/util/concurrent/locks/AbstractOwnableSynchronizer setExclusiveOwnerThread (Ljava/lang/Thread;)V 12 46 java/util/concurrent/locks/AbstractQueuedSynchronizer setState (I)V 11 12 java/util/concurrent/locks/AbstractQueuedSynchronizer signalNext (Ljava/util/concurrent/locks/AbstractQueuedSynchronizer$Node;)V 3 36 java/io/BufferedOutputStream write ([BII)V 4 10 java/io/BufferedOutputStream flushBuffer ()V 5 20 java/net/Socket$SocketOutputStream write ([BII)V 6 7 sun/nio/ch/NioSocketImpl$2 write ([BII)V 7 7 sun/nio/ch/NioSocketImpl write ([BII)V 8 4 java/util/Objects checkFromIndexSize (III)I 9 4 jdk/internal/util/Preconditions checkFromIndexSize (IIILjava/util/function/BiFunction;)I 8 16 java/util/concurrent/locks/ReentrantLock lock ()V 9 4 java/util/concurrent/locks/ReentrantLock$Sync lock ()V 10 1 java/util/concurrent/locks/ReentrantLock$NonfairSync initialTryLock ()Z 11 7 java/util/concurrent/locks/AbstractQueuedSynchronizer compareAndSetState (II)Z 11 15 java/util/concurrent/locks/AbstractOwnableSynchronizer setExclusiveOwnerThread (Ljava/lang/Thread;)V 11 21 java/util/concurrent/locks/AbstractOwnableSynchronizer getExclusiveOwnerThread ()Ljava/lang/Thread; 11 29 java/util/concurrent/locks/AbstractQueuedSynchronizer getState ()I 11 51 java/util/concurrent/locks/AbstractQueuedSynchronizer setState (I)V 8 52 sun/nio/ch/NioSocketImpl implWrite ([BII)I 9 4 sun/nio/ch/NioSocketImpl beginWrite ()Ljava/io/FileDescriptor; 10 8 sun/nio/ch/NioSocketImpl ensureOpenAndConnected ()V 10 12 sun/nio/ch/NativeThread current ()J 9 15 sun/nio/ch/NioSocketImpl tryWrite (Ljava/io/FileDescriptor;[BII)I 10 2 sun/nio/ch/Util getTemporaryDirectBuffer (I)Ljava/nio/ByteBuffer; 11 1 sun/nio/ch/Util isBufferTooLarge (I)Z 11 15 java/lang/ThreadLocal get ()Ljava/lang/Object; 12 6 java/lang/ThreadLocal getMap (Ljava/lang/Thread;)Ljava/lang/ThreadLocal$ThreadLocalMap; 12 16 java/lang/ThreadLocal$ThreadLocalMap getEntry (Ljava/lang/ThreadLocal;)Ljava/lang/ThreadLocal$ThreadLocalMap$Entry; 13 26 java/lang/ref/Reference refersTo (Ljava/lang/Object;)Z 14 2 java/lang/ref/Reference refersToImpl (Ljava/lang/Object;)Z 11 24 sun/nio/ch/Util$BufferCache get (I)Ljava/nio/ByteBuffer; 12 43 java/nio/Buffer capacity ()I 12 135 sun/nio/ch/Util$BufferCache next (I)I 12 152 java/nio/MappedByteBuffer rewind ()Ljava/nio/ByteBuffer; 13 1 java/nio/MappedByteBuffer rewind ()Ljava/nio/MappedByteBuffer; 14 1 java/nio/ByteBuffer rewind ()Ljava/nio/ByteBuffer; 15 1 java/nio/Buffer rewind ()Ljava/nio/Buffer; 12 158 java/nio/MappedByteBuffer limit (I)Ljava/nio/ByteBuffer; 13 2 java/nio/MappedByteBuffer limit (I)Ljava/nio/MappedByteBuffer; 14 2 java/nio/ByteBuffer limit (I)Ljava/nio/ByteBuffer; 15 2 java/nio/Buffer limit (I)Ljava/nio/Buffer; 10 35 java/nio/ByteBuffer put ([BII)Ljava/nio/ByteBuffer; 11 1 java/nio/DirectByteBuffer isReadOnly ()Z 11 19 java/util/Objects checkFromIndexSize (III)I 12 4 jdk/internal/util/Preconditions checkFromIndexSize (IIILjava/util/function/BiFunction;)I 11 24 java/nio/Buffer position ()I 11 31 java/nio/Buffer limit ()I 11 54 java/nio/ByteBuffer putArray (I[BII)Ljava/nio/ByteBuffer; 12 45 java/nio/Buffer scope ()Ljdk/internal/misc/ScopedMemoryAccess$Scope; 12 52 java/nio/DirectByteBuffer base ()Ljava/lang/Object; 12 59 jdk/internal/misc/ScopedMemoryAccess copyMemory (Ljdk/internal/misc/ScopedMemoryAccess$Scope;Ljdk/internal/misc/ScopedMemoryAccess$Scope;Ljava/lang/Object;JLjava/lang/Object;JJ)V 13 12 jdk/internal/misc/ScopedMemoryAccess copyMemoryInternal (Ljdk/internal/misc/ScopedMemoryAccess$Scope;Ljdk/internal/misc/ScopedMemoryAccess$Scope;Ljava/lang/Object;JLjava/lang/Object;JJ)V 14 32 jdk/internal/misc/Unsafe copyMemory (Ljava/lang/Object;JLjava/lang/Object;JJ)V 15 9 jdk/internal/misc/Unsafe copyMemoryChecks (Ljava/lang/Object;JLjava/lang/Object;JJ)V 16 3 jdk/internal/misc/Unsafe checkSize (J)V 16 9 jdk/internal/misc/Unsafe checkPrimitivePointer (Ljava/lang/Object;J)V 16 17 jdk/internal/misc/Unsafe checkPrimitivePointer (Ljava/lang/Object;J)V 14 36 java/lang/ref/Reference reachabilityFence (Ljava/lang/Object;)V 14 40 java/lang/ref/Reference reachabilityFence (Ljava/lang/Object;)V 14 49 java/lang/ref/Reference reachabilityFence (Ljava/lang/Object;)V 14 53 java/lang/ref/Reference reachabilityFence (Ljava/lang/Object;)V 12 63 java/lang/ref/Reference reachabilityFence (Ljava/lang/Object;)V 12 72 java/lang/ref/Reference reachabilityFence (Ljava/lang/Object;)V 12 107 java/nio/DirectByteBuffer put (IB)Ljava/nio/ByteBuffer; 13 4 java/nio/Buffer scope ()Ljdk/internal/misc/ScopedMemoryAccess$Scope; 13 11 java/nio/Buffer checkIndex (I)I 13 14 java/nio/DirectByteBuffer ix (I)J 13 18 jdk/internal/misc/ScopedMemoryAccess putByte (Ljdk/internal/misc/ScopedMemoryAccess$Scope;Ljava/lang/Object;JB)V 14 6 jdk/internal/misc/ScopedMemoryAccess putByteInternal (Ljdk/internal/misc/ScopedMemoryAccess$Scope;Ljava/lang/Object;JB)V 15 21 java/lang/ref/Reference reachabilityFence (Ljava/lang/Object;)V 13 22 java/lang/ref/Reference reachabilityFence (Ljava/lang/Object;)V 11 63 java/nio/MappedByteBuffer position (I)Ljava/nio/ByteBuffer; 12 2 java/nio/MappedByteBuffer position (I)Ljava/nio/MappedByteBuffer; 13 2 java/nio/ByteBuffer position (I)Ljava/nio/ByteBuffer; 14 2 java/nio/Buffer position (I)Ljava/nio/Buffer; 10 48 java/nio/DirectByteBuffer address ()J 11 1 java/nio/Buffer scope ()Ljdk/internal/misc/ScopedMemoryAccess$Scope; 10 55 sun/nio/ch/SocketDispatcher write (Ljava/io/FileDescriptor;JI)I 10 62 sun/nio/ch/Util offerFirstTemporaryDirectBuffer (Ljava/nio/ByteBuffer;)V 11 1 sun/nio/ch/Util isBufferTooLarge (Ljava/nio/ByteBuffer;)Z 12 1 java/nio/Buffer capacity ()I 12 4 sun/nio/ch/Util isBufferTooLarge (I)Z 11 33 java/lang/ThreadLocal get ()Ljava/lang/Object; 12 6 java/lang/ThreadLocal getMap (Ljava/lang/Thread;)Ljava/lang/ThreadLocal$ThreadLocalMap; 12 16 java/lang/ThreadLocal$ThreadLocalMap getEntry (Ljava/lang/ThreadLocal;)Ljava/lang/ThreadLocal$ThreadLocalMap$Entry; 13 26 java/lang/ref/Reference refersTo (Ljava/lang/Object;)Z 14 2 java/lang/ref/Reference refersToImpl (Ljava/lang/Object;)Z 11 42 sun/nio/ch/Util$BufferCache offerFirst (Ljava/nio/ByteBuffer;)Z 9 23 sun/nio/ch/IOStatus okayToRetry (J)Z 9 74 sun/nio/ch/NioSocketImpl endWrite (Z)V 8 71 java/util/concurrent/locks/ReentrantLock unlock ()V 9 5 java/util/concurrent/locks/AbstractQueuedSynchronizer release (I)Z 10 2 java/util/concurrent/locks/ReentrantLock$Sync tryRelease (I)Z 11 1 java/util/concurrent/locks/AbstractQueuedSynchronizer getState ()I 11 8 java/util/concurrent/locks/AbstractOwnableSynchronizer getExclusiveOwnerThread ()Ljava/lang/Thread; 11 41 java/util/concurrent/locks/AbstractOwnableSynchronizer setExclusiveOwnerThread (Ljava/lang/Thread;)V 11 46 java/util/concurrent/locks/AbstractQueuedSynchronizer setState (I)V 10 12 java/util/concurrent/locks/AbstractQueuedSynchronizer signalNext (Ljava/util/concurrent/locks/AbstractQueuedSynchronizer$Node;)V 1 24 java/io/ObjectOutputStream$ReplaceTable lookup (Ljava/lang/Object;)Ljava/lang/Object; 2 5 java/io/ObjectOutputStream$HandleTable lookup (Ljava/lang/Object;)I 3 11 java/io/ObjectOutputStream$HandleTable hash (Ljava/lang/Object;)I 1 33 java/io/ObjectOutputStream writeNull ()V 2 6 java/io/ObjectOutputStream$BlockDataOutputStream writeByte (I)V 1 51 java/io/ObjectOutputStream$BlockDataOutputStream setBlockDataMode (Z)Z 2 14 java/io/ObjectOutputStream$BlockDataOutputStream drain ()V 3 20 java/io/ObjectOutputStream$BlockDataOutputStream writeBlockHeader (I)V 4 33 java/io/BufferedOutputStream write ([BII)V 5 10 java/io/BufferedOutputStream flushBuffer ()V 6 20 java/net/Socket$SocketOutputStream write ([BII)V 7 7 sun/nio/ch/NioSocketImpl$2 write ([BII)V 8 7 sun/nio/ch/NioSocketImpl write ([BII)V 9 4 java/util/Objects checkFromIndexSize (III)I 10 4 jdk/internal/util/Preconditions checkFromIndexSize (IIILjava/util/function/BiFunction;)I 9 16 java/util/concurrent/locks/ReentrantLock lock ()V 10 4 java/util/concurrent/locks/ReentrantLock$Sync lock ()V 11 1 java/util/concurrent/locks/ReentrantLock$NonfairSync initialTryLock ()Z 12 7 java/util/concurrent/locks/AbstractQueuedSynchronizer compareAndSetState (II)Z 12 15 java/util/concurrent/locks/AbstractOwnableSynchronizer setExclusiveOwnerThread (Ljava/lang/Thread;)V 12 21 java/util/concurrent/locks/AbstractOwnableSynchronizer getExclusiveOwnerThread ()Ljava/lang/Thread; 12 29 java/util/concurrent/locks/AbstractQueuedSynchronizer getState ()I 12 51 java/util/concurrent/locks/AbstractQueuedSynchronizer setState (I)V 9 52 sun/nio/ch/NioSocketImpl implWrite ([BII)I 10 4 sun/nio/ch/NioSocketImpl beginWrite ()Ljava/io/FileDescriptor; 11 8 sun/nio/ch/NioSocketImpl ensureOpenAndConnected ()V 11 12 sun/nio/ch/NativeThread current ()J 10 15 sun/nio/ch/NioSocketImpl tryWrite (Ljava/io/FileDescriptor;[BII)I 11 2 sun/nio/ch/Util getTemporaryDirectBuffer (I)Ljava/nio/ByteBuffer; 12 1 sun/nio/ch/Util isBufferTooLarge (I)Z 12 15 java/lang/ThreadLocal get ()Ljava/lang/Object; 13 6 java/lang/ThreadLocal getMap (Ljava/lang/Thread;)Ljava/lang/ThreadLocal$ThreadLocalMap; 13 16 java/lang/ThreadLocal$ThreadLocalMap getEntry (Ljava/lang/ThreadLocal;)Ljava/lang/ThreadLocal$ThreadLocalMap$Entry; 14 26 java/lang/ref/Reference refersTo (Ljava/lang/Object;)Z 15 2 java/lang/ref/Reference refersToImpl (Ljava/lang/Object;)Z 12 24 sun/nio/ch/Util$BufferCache get (I)Ljava/nio/ByteBuffer; 13 43 java/nio/Buffer capacity ()I 13 135 sun/nio/ch/Util$BufferCache next (I)I 13 152 java/nio/MappedByteBuffer rewind ()Ljava/nio/ByteBuffer; 14 1 java/nio/MappedByteBuffer rewind ()Ljava/nio/MappedByteBuffer; 15 1 java/nio/ByteBuffer rewind ()Ljava/nio/ByteBuffer; 16 1 java/nio/Buffer rewind ()Ljava/nio/Buffer; 13 158 java/nio/MappedByteBuffer limit (I)Ljava/nio/ByteBuffer; 14 2 java/nio/MappedByteBuffer limit (I)Ljava/nio/MappedByteBuffer; 15 2 java/nio/ByteBuffer limit (I)Ljava/nio/ByteBuffer; 16 2 java/nio/Buffer limit (I)Ljava/nio/Buffer; 11 35 java/nio/ByteBuffer put ([BII)Ljava/nio/ByteBuffer; 12 1 java/nio/DirectByteBuffer isReadOnly ()Z 12 19 java/util/Objects checkFromIndexSize (III)I 13 4 jdk/internal/util/Preconditions checkFromIndexSize (IIILjava/util/function/BiFunction;)I 12 24 java/nio/Buffer position ()I 12 31 java/nio/Buffer limit ()I 12 54 java/nio/ByteBuffer putArray (I[BII)Ljava/nio/ByteBuffer; 13 45 java/nio/Buffer scope ()Ljdk/internal/misc/ScopedMemoryAccess$Scope; 13 52 java/nio/DirectByteBuffer base ()Ljava/lang/Object; 13 59 jdk/internal/misc/ScopedMemoryAccess copyMemory (Ljdk/internal/misc/ScopedMemoryAccess$Scope;Ljdk/internal/misc/ScopedMemoryAccess$Scope;Ljava/lang/Object;JLjava/lang/Object;JJ)V 14 12 jdk/internal/misc/ScopedMemoryAccess copyMemoryInternal (Ljdk/internal/misc/ScopedMemoryAccess$Scope;Ljdk/internal/misc/ScopedMemoryAccess$Scope;Ljava/lang/Object;JLjava/lang/Object;JJ)V 15 32 jdk/internal/misc/Unsafe copyMemory (Ljava/lang/Object;JLjava/lang/Object;JJ)V 16 9 jdk/internal/misc/Unsafe copyMemoryChecks (Ljava/lang/Object;JLjava/lang/Object;JJ)V 15 36 java/lang/ref/Reference reachabilityFence (Ljava/lang/Object;)V 15 40 java/lang/ref/Reference reachabilityFence (Ljava/lang/Object;)V 15 49 java/lang/ref/Reference reachabilityFence (Ljava/lang/Object;)V 15 53 java/lang/ref/Reference reachabilityFence (Ljava/lang/Object;)V 13 63 java/lang/ref/Reference reachabilityFence (Ljava/lang/Object;)V 13 72 java/lang/ref/Reference reachabilityFence (Ljava/lang/Object;)V 13 107 java/nio/DirectByteBuffer put (IB)Ljava/nio/ByteBuffer; 14 4 java/nio/Buffer scope ()Ljdk/internal/misc/ScopedMemoryAccess$Scope; 14 11 java/nio/Buffer checkIndex (I)I 14 14 java/nio/DirectByteBuffer ix (I)J 14 18 jdk/internal/misc/ScopedMemoryAccess putByte (Ljdk/internal/misc/ScopedMemoryAccess$Scope;Ljava/lang/Object;JB)V 15 6 jdk/internal/misc/ScopedMemoryAccess putByteInternal (Ljdk/internal/misc/ScopedMemoryAccess$Scope;Ljava/lang/Object;JB)V 16 21 java/lang/ref/Reference reachabilityFence (Ljava/lang/Object;)V 14 22 java/lang/ref/Reference reachabilityFence (Ljava/lang/Object;)V 12 63 java/nio/MappedByteBuffer position (I)Ljava/nio/ByteBuffer; 13 2 java/nio/MappedByteBuffer position (I)Ljava/nio/MappedByteBuffer; 14 2 java/nio/ByteBuffer position (I)Ljava/nio/ByteBuffer; 15 2 java/nio/Buffer position (I)Ljava/nio/Buffer; 11 48 java/nio/DirectByteBuffer address ()J 12 1 java/nio/Buffer scope ()Ljdk/internal/misc/ScopedMemoryAccess$Scope; 11 55 sun/nio/ch/SocketDispatcher write (Ljava/io/FileDescriptor;JI)I 11 62 sun/nio/ch/Util offerFirstTemporaryDirectBuffer (Ljava/nio/ByteBuffer;)V 12 1 sun/nio/ch/Util isBufferTooLarge (Ljava/nio/ByteBuffer;)Z 13 1 java/nio/Buffer capacity ()I 13 4 sun/nio/ch/Util isBufferTooLarge (I)Z 12 33 java/lang/ThreadLocal get ()Ljava/lang/Object; 13 6 java/lang/ThreadLocal getMap (Ljava/lang/Thread;)Ljava/lang/ThreadLocal$ThreadLocalMap; 13 16 java/lang/ThreadLocal$ThreadLocalMap getEntry (Ljava/lang/ThreadLocal;)Ljava/lang/ThreadLocal$ThreadLocalMap$Entry; 14 26 java/lang/ref/Reference refersTo (Ljava/lang/Object;)Z 15 2 java/lang/ref/Reference refersToImpl (Ljava/lang/Object;)Z 12 42 sun/nio/ch/Util$BufferCache offerFirst (Ljava/nio/ByteBuffer;)Z 10 23 sun/nio/ch/IOStatus okayToRetry (J)Z 10 74 sun/nio/ch/NioSocketImpl endWrite (Z)V 9 71 java/util/concurrent/locks/ReentrantLock unlock ()V 10 5 java/util/concurrent/locks/AbstractQueuedSynchronizer release (I)Z 11 2 java/util/concurrent/locks/ReentrantLock$Sync tryRelease (I)Z 12 1 java/util/concurrent/locks/AbstractQueuedSynchronizer getState ()I 12 8 java/util/concurrent/locks/AbstractOwnableSynchronizer getExclusiveOwnerThread ()Ljava/lang/Thread; 12 41 java/util/concurrent/locks/AbstractOwnableSynchronizer setExclusiveOwnerThread (Ljava/lang/Thread;)V 12 46 java/util/concurrent/locks/AbstractQueuedSynchronizer setState (I)V 11 12 java/util/concurrent/locks/AbstractQueuedSynchronizer signalNext (Ljava/util/concurrent/locks/AbstractQueuedSynchronizer$Node;)V 3 36 java/io/BufferedOutputStream write ([BII)V 4 10 java/io/BufferedOutputStream flushBuffer ()V 5 20 java/net/Socket$SocketOutputStream write ([BII)V 6 7 sun/nio/ch/NioSocketImpl$2 write ([BII)V 7 7 sun/nio/ch/NioSocketImpl write ([BII)V 8 4 java/util/Objects checkFromIndexSize (III)I 9 4 jdk/internal/util/Preconditions checkFromIndexSize (IIILjava/util/function/BiFunction;)I 8 16 java/util/concurrent/locks/ReentrantLock lock ()V 9 4 java/util/concurrent/locks/ReentrantLock$Sync lock ()V 10 1 java/util/concurrent/locks/ReentrantLock$NonfairSync initialTryLock ()Z 11 7 java/util/concurrent/locks/AbstractQueuedSynchronizer compareAndSetState (II)Z 11 15 java/util/concurrent/locks/AbstractOwnableSynchronizer setExclusiveOwnerThread (Ljava/lang/Thread;)V 11 21 java/util/concurrent/locks/AbstractOwnableSynchronizer getExclusiveOwnerThread ()Ljava/lang/Thread; 11 29 java/util/concurrent/locks/AbstractQueuedSynchronizer getState ()I 11 51 java/util/concurrent/locks/AbstractQueuedSynchronizer setState (I)V 8 52 sun/nio/ch/NioSocketImpl implWrite ([BII)I 9 4 sun/nio/ch/NioSocketImpl beginWrite ()Ljava/io/FileDescriptor; 10 8 sun/nio/ch/NioSocketImpl ensureOpenAndConnected ()V 10 12 sun/nio/ch/NativeThread current ()J 9 15 sun/nio/ch/NioSocketImpl tryWrite (Ljava/io/FileDescriptor;[BII)I 10 2 sun/nio/ch/Util getTemporaryDirectBuffer (I)Ljava/nio/ByteBuffer; 11 1 sun/nio/ch/Util isBufferTooLarge (I)Z 11 15 java/lang/ThreadLocal get ()Ljava/lang/Object; 12 6 java/lang/ThreadLocal getMap (Ljava/lang/Thread;)Ljava/lang/ThreadLocal$ThreadLocalMap; 12 16 java/lang/ThreadLocal$ThreadLocalMap getEntry (Ljava/lang/ThreadLocal;)Ljava/lang/ThreadLocal$ThreadLocalMap$Entry; 13 26 java/lang/ref/Reference refersTo (Ljava/lang/Object;)Z 14 2 java/lang/ref/Reference refersToImpl (Ljava/lang/Object;)Z 11 24 sun/nio/ch/Util$BufferCache get (I)Ljava/nio/ByteBuffer; 12 43 java/nio/Buffer capacity ()I 12 135 sun/nio/ch/Util$BufferCache next (I)I 12 152 java/nio/MappedByteBuffer rewind ()Ljava/nio/ByteBuffer; 12 158 java/nio/MappedByteBuffer limit (I)Ljava/nio/ByteBuffer;
